country,year,gdp_pc_usd,manufacturing_pct_gdp,resource_rents_pct_gdp,tertiary_enrolment_pct,gii_score,population_density,age1564_pct,log_gdp
AGO,2012,128052915766.343,4.40328953329052,5086.02740086376,8.90008020401001,22.2,20.1952306088073,52.110643381122,25.575709419862516
AGO,2013,132339109040.232,4.82734265180973,5057.74787833163,9.11637020111084,23.46,20.9879040667362,52.0969806945144,25.60863347315336
AGO,2014,135966802586.713,4.76307157240238,5005.9997412707,8.90008020401001,23.82,21.7861305847437,52.0696201188262,25.635676594258435
AGO,2015,90496420506.5957,5.68514480307257,3213.90261080059,8.68379020690918,26.2,22.5858650838213,52.0344151201028,25.228576134456766
AGO,2021,66505129987.7235,6.54051297580083,1925.87466082167,8.90008020401001,15.0,27.6990687414775,52.3460455098597,24.92054492430541
ALB,2011,12890760315.146,5.66189767373199,4437.14116097061,49.3997001647949,30.45,106.02901459854,67.8454159774467,23.279776637041287
ALB,2012,12319834195.331,4.61445771380938,4247.63134315945,58.6214218139648,30.4,105.854051094891,68.198600414295,23.23447633679004
ALB,2013,12776224496.9718,5.05980135594677,4413.06338346821,63.8440589904785,30.85,105.660291970803,68.3856722403311,23.270851819477738
ALB,2014,13228147516.1168,5.32578898520395,4578.63320812155,65.5507125854492,30.47,105.441751824818,68.4466928018412,23.30561278381182
ALB,2015,11386853113.0189,5.67151941669391,3952.80357364813,61.9608497619629,30.74,105.135145985401,68.4632957891861,23.15572529115878
ALB,2016,11861199830.8396,5.68442741798015,4124.05538986272,58.4884796142578,28.38,104.967189781022,68.473513186339,23.196538391574382
ALB,2017,13019726211.7369,6.15816688393972,4531.03220675893,58.0177803039551,28.86,104.870693430657,68.411252681582,23.28973144522132
ALB,2018,15379509891.7196,6.70811438467001,5365.48934672897,56.0802993774414,29.98,104.612262773723,68.2552118334715,23.456301933917953
ALB,2019,15585105131.0644,6.96748875847972,5460.42823730592,61.4085083007812,30.34,104.167554744526,68.0076096803147,23.469581495799964
ALB,2020,15241458744.8688,7.06941246497269,5370.77862312929,61.5853004455566,27.12,103.571131386861,67.7110196944345,23.447285100791465
ALB,2021,18032010563.7558,6.91828890492335,6413.28328605026,59.9698715209961,28.0,102.615547445255,67.3665631972931,23.6154143800775
ARE,2011,360832739558.385,8.14829315970101,50789.0505418347,56.16123580932615,41.99,100.035736412278,81.7491567206735,26.611680362587915
ARE,2012,384610125384.033,8.08503637670565,52034.4762466073,56.16123580932615,44.4,104.075584342439,81.7319747580354,26.67549599680611
ARE,2013,400218529747.597,7.92574426833549,52023.5170958751,56.16123580932615,41.87,108.322036046184,81.6884573970865,26.715276559242557
ARE,2014,414105366758.911,8.11529453740231,51381.4069909213,56.16123580932615,43.25,113.481272880879,81.6610900166076,26.749386287469278
ARE,2015,370275469560.166,9.1758933520037,43534.9972681733,56.16123580932615,40.06,119.75833568009,81.6642098864586,26.637513077897637
ARE,2016,369255326235.771,9.32746091059342,41326.4018161834,56.16123580932615,39.35,125.8109687412,81.7037621944191,26.634754182724475
ARE,2017,390516804016.501,9.38138082343735,42340.5917145576,56.16123580932615,43.24,129.867994931005,81.7573549214794,26.690736837352798
ARE,2018,427049432149.345,8.92578979482029,45689.8570040215,56.16123580932615,42.58,131.606603773585,81.7897488678028,26.780165609632366
ARE,2019,417989721734.494,8.86735310804829,44251.4541390148,56.5684204101562,42.17,133.001760067587,81.8226037478217,26.75872268001692
ARE,2020,349473015336.939,10.2917800360059,37173.8754100281,55.7540512084961,41.79,132.371698113208,81.8563407363944,26.579692186303113
ARE,2021,415178792769.884,10.0017515004787,43360.0211014806,56.16123580932615,43.0,134.823317375387,81.87240475274,26.751975090349784
ARG,2011,530158122010.442,15.8506983942663,12704.2831819684,77.4296112060547,35.36,15.2485886234831,63.9901889403356,26.99644114241296
ARG,2012,545982375701.128,15.2168009115954,12949.717486654,78.4559097290039,34.4,15.4061004351973,64.0423079024418,27.025852533234676
ARG,2013,552025140252.246,15.0110542553443,12963.675773326,78.7686614990234,37.66,15.5598387102668,64.0825562537135,27.03685942612164
ARG,2014,526319673731.638,14.7727785491821,12233.1444119186,81.1694107055664,35.13,15.7212073709481,64.0920281103568,26.989174609819035
ARG,2015,594749285413.212,14.1815854549835,13679.6264980954,83.762580871582,34.3,15.8867142423877,64.0810849650845,27.11140578463773
ARG,2016,557532320662.955,13.4880259708051,12699.9623137756,86.6178817749023,30.24,16.0413905118958,64.0835958950498,27.04678631288357
ARG,2017,643628393281.364,12.8351683415363,14532.5009308511,89.2329406738281,32.0,16.1833799224611,64.1137437299744,27.190387367439218
ARG,2018,524819892360.176,14.0601434041581,11752.7998922979,90.9728317260742,30.65,16.3171137395905,64.1630568429568,26.986320978507653
ARG,2019,447754683615.225,13.5408390702829,9955.97478680428,95.0775527954102,31.95,16.4335255363231,64.2701694847154,26.827511338168033
ARG,2020,385740508436.965,14.5905295089183,8535.59938004389,99.266227722168,28.33,16.5133665121004,64.5074745533578,26.67843072240923
ARG,2021,486564085480.036,15.558416982668,10738.0179223384,107.130661010742,29.8,16.5573305708721,64.8426321239199,26.91063445750257
ARM,2011,10142111824.5835,10.5255597198362,3349.55309771906,47.8231010437012,33.0,106.354056902002,69.9991499247162,23.039962080149156
ARM,2012,10619320682.9474,9.42475853227752,3511.56399687426,41.4842185974121,34.5,106.220583069898,69.877939557455,23.085940884890142
ARM,2013,11121464437.0415,9.68257531952384,3680.16692158886,41.6240310668945,37.59,106.146821215314,69.6400159040937,23.13214281107651
ARM,2014,11609513246.7958,9.66640553649803,3852.11800610384,44.411018371582,36.06,105.858798735511,69.3383433330299,23.175090706436734
ARM,2015,10553337518.414,9.20617105938632,3512.39350276709,45.4674301147461,37.31,105.535651563049,68.961951131008,23.079707999295902
ARM,2016,10546136235.5219,10.2846499812967,3524.42476874707,51.7460098266602,35.14,105.103617843344,68.5339571072627,23.079025396188765
ARM,2017,11527458709.0158,10.631126108104,3869.05373867752,53.5907592773438,35.65,104.650509308044,68.1111272919884,23.167997740083898
ARM,2018,12457940694.7395,11.2719184358436,4196.00562301769,56.1650505065918,32.81,104.285212504391,67.836738214504,23.245624063351197
ARM,2019,13619290539.2116,11.7114918602964,4597.22887399548,53.3068199157715,33.98,104.056902002107,67.6540902691366,23.334753046679026
ARM,2020,12641698583.2152,12.344909801717,4268.68093304583,53.3061294555664,32.64,104.021777309449,67.4875319646095,23.26026659822021
ARM,2021,13878908628.9378,11.0315905634186,4685.17997128509,58.7563095092773,31.4,104.049877063576,67.3509680096337,23.35363615989458
AUS,2011,1398610616772.97,7.36479765734101,62605.600458306,112.18066297258643,49.85,2.90798641031983,67.2186509873875,27.96650044318763
AUS,2012,1547532281116.4,7.0463332040636,68072.8732340801,112.18066297258643,51.9,2.95920036968095,66.9662425056812,28.06768270145974
AUS,2013,1577123329410.88,6.60397548643017,68190.7010035651,112.18066297258643,53.07,3.01057352615753,66.700299430582,28.086623625931413
AUS,2014,1468265356427.76,6.36290253499428,62544.0873773726,112.18066297258643,55.01,3.05581479504836,66.4491289382527,28.015102790295032
AUS,2015,1351296372254.31,6.29227941742372,56739.0265346593,119.679389953613,55.22,3.10011259648803,66.1974159681463,27.93208552335302
AUS,2016,1206836962281.84,6.07824048774544,49888.0410842736,119.682777404785,53.07,3.14493553058884,65.9615614705209,27.819023972103214
AUS,2017,1325582658156.54,5.79305950257587,53901.7145392154,109.993309020996,51.83,3.19715601363491,65.7711179415292,27.91287322071349
AUS,2018,1427809041019.44,5.76468001596052,57196.4220783778,103.322090148926,51.98,3.24534491589985,65.5972081360588,27.98716224612768
AUS,2019,1392723834562.64,5.58629582518324,54972.7017885437,109.759559631348,50.34,3.29365056253104,65.3937724215717,27.96228253878351
AUS,2020,1328414058378.38,5.60852173149521,51791.540179984,110.139221191406,48.35,3.33452695130798,65.1015714818381,27.91500690933367
AUS,2021,1556735770437.26,5.51269475535305,60607.7788605166,112.688293457031,48.3,3.33922844714392,64.8273784315574,28.073612290099792
AUT,2011,428954737064.057,17.1446473129533,51116.8953522042,77.2625122070312,50.75,101.692232186137,67.6180439804748,26.784617242298875
AUT,2012,406750487603.59,17.2564830895639,48250.4059142637,79.5471267700195,53.1,102.156943771207,67.5601644337772,26.731465781824408
AUT,2013,426580502769.417,17.1063898788247,50305.3545774973,80.9616012573242,51.87,102.760821619001,67.4266821192924,26.77906693816382
AUT,2014,438556021078.034,17.1867790689422,51314.9722616322,81.0195693969727,53.41,103.567086766844,67.3108310981136,26.806753396762797
AUT,2015,379546097300.633,17.242928730216,43915.228020857,82.2563095092773,54.07,104.734597673291,67.234719049435,26.66224189491826
AUT,2016,393687359770.273,17.6682251530651,45061.4993920192,82.8496932983398,52.65,105.873339796413,67.1339749165576,26.698822928132966
AUT,2017,414926138132.691,17.4427051605451,47163.7425775142,83.8392562866211,53.1,106.61131846825,66.974326831199,26.751366360933563
AUT,2018,452582294972.775,17.3211161045372,51194.0749841299,85.8698883056641,51.32,107.131858943286,66.8074529749847,26.83823545089368
AUT,2019,442983642371.842,17.1022858668807,49885.9947355204,86.3234329223633,50.94,107.609306834707,66.6368554183168,26.816798681641288
AUT,2020,434397601557.696,16.5973264696294,48716.4098900349,88.7071990966797,50.13,108.057004362579,66.4370522356064,26.79722608427487
AUT,2021,480467037338.783,16.9780965394204,53648.7190742245,93.940071105957,50.9,108.528805138148,66.1764816581673,26.89802446225187
AZE,2011,65952796427.9473,3.98832610114819,7189.81869211976,19.647310256958,29.17,110.976336228798,72.0939429460413,24.91220511745411
AZE,2012,69679944504.1972,4.24121862424352,7495.86527658099,20.4384593963623,30.4,112.460790244138,72.0406993018106,24.9671783730523
AZE,2013,74160560123.6902,4.21573682582242,7875.34536661549,21.4404296875,28.99,113.923480806688,71.6592530898028,25.02949831108393
AZE,2014,75239785452.1022,4.70701069744349,7890.84028062087,23.1597309112549,29.6,115.348813858679,71.2018299395149,25.04394598986138
AZE,2015,53076235354.746,4.99062155204119,5500.50364628486,25.4832000732422,30.1,116.731076781631,70.7521032313631,24.69499511990774
AZE,2016,37866996882.9157,4.89266067799527,3880.6852276838,27.2368602752686,29.64,118.033288980283,70.2891585164324,24.357345775026864
AZE,2017,40866627351.9817,4.69946458376577,4147.1981423222,28.4670600891113,30.58,119.208741622511,69.9448498293551,24.433579609756663
AZE,2018,47112470051.7701,4.61981221595166,4739.7943123408,28.9724903106689,30.2,120.25759188908,69.8692138262529,24.575803559864646
AZE,2019,48174235294.1176,5.00365096304835,4805.75371765917,32.9221801757812,30.21,121.280071139933,69.825581884135,24.598090177620442
AZE,2020,42693000000.0,6.10156507265966,4229.91064904503,36.3854713439941,27.23,122.124736829369,69.7266672756005,24.477300809316045
AZE,2021,54825411764.7059,6.41909290668132,5408.04535175023,39.0096015930176,28.4,122.658802177858,69.708000115884,24.72741964175031
BDI,2012,2333341334.45753,8.83056773934016,231.688496393569,3.84211850166321,20.5,392.173987538941,52.0409461695939,21.57056712638096
BDI,2014,2705783329.80483,10.1242098337419,250.540481111877,3.86162900924683,22.43,420.552375389408,51.3816362371271,21.718657293202746
BDI,2015,3104003546.26497,8.67655378836353,280.966831311923,5.39195775985718,21.04,430.201713395639,50.7329704786026,21.855958581749
BDI,2016,2644487776.50077,9.36171645020186,235.286205393908,4.09006786346436,20.93,437.673325545171,50.0141465984415,21.69574322622509
BDI,2017,2723586962.84034,9.248261952911863,236.694472592753,4.43720865249634,21.31,448.082632398754,49.7345082830426,21.725215584823612
BDI,2019,2576518879.82353,9.248261952911863,210.236494521532,4.20048999786377,17.65,477.232710280374,50.2513129688442,21.669705053407444
BEL,2011,527196649048.639,12.9499394580106,47760.8298776546,67.7034072875977,49.05,363.902812118814,65.771386607117,26.99083946398522
BEL,2012,498414364944.961,12.6215764552248,44874.1709182123,69.7490615844727,54.3,366.166617215574,65.5288562215249,26.934697626125015
BEL,2013,524097026598.55,12.6643780300003,46964.5946777056,71.7841110229492,52.49,367.896581281113,65.2910824069226,26.98494266939089
BEL,2014,537987419164.351,12.5837894914118,47995.7786961339,74.0397262573242,51.69,369.533412455082,65.0395058250497,27.011101012381896
BEL,2015,461044767544.531,12.5677314710087,40893.804537772,76.423942565918,50.91,371.680875614018,64.8430252778753,26.85676098486929
BEL,2016,474271566739.729,12.2484083375363,41854.5498296444,77.2435073852539,51.97,373.567467774371,64.6607620134318,26.885045920193512
BEL,2017,500908767351.53,12.4458285747277,44035.3239358548,80.7738189697266,49.85,375.009329772855,64.4426328280277,26.939689820354108
BEL,2018,542638913427.921,12.343919956787,47487.2100392561,79.1237487792969,50.5,374.74351490506,64.2447525310394,27.019709951201133
BEL,2019,536726344405.489,12.413251241175,46716.6227467964,79.3044815063477,50.18,376.761985964452,64.0794211416653,27.008754200830033
BEL,2020,529694473501.791,12.0120090332978,45906.2875805246,79.4996032714844,49.13,378.38932248967,63.9755896544114,26.995566212181735
BEL,2021,598494036474.409,10.7453176059912,51655.7883303715,82.6882019042969,49.2,379.949990161999,63.8651840723626,27.11768239777518
BEN,2011,10693321370.036,11.7335701368448,1059.41358915783,12.2822198867798,23.81,89.5142160340546,53.1738379185632,23.09288521251377
BEN,2012,11141358105.9853,10.7121556949179,1071.52583567484,13.3533802032471,24.4,92.2105090457609,53.2872357685967,23.13392997658082
BEN,2013,12517845127.6775,10.9217698965752,1168.92699314206,15.3102397918701,25.1,94.9701489890032,53.3802257734234,23.250421073402226
BEN,2014,13284527850.2632,10.3866281769808,1204.39918700511,15.196590423584,24.21,97.8184107839659,53.4710165776466,23.309865875463636
BEN,2016,11821065852.1271,9.93126564010032,1010.53389609187,12.3617095947266,22.25,103.741060659808,53.6566169066319,23.193149018473783
BEN,2017,12701655845.9612,9.62006825024772,1054.97408141687,11.7388401031494,23.04,106.773501241575,53.7641385473821,23.264998203483767
BEN,2018,14262408079.7014,9.16246199522064,1151.74096952152,12.0070600509644,20.61,109.820388435615,53.9063205647746,23.380893107219983
BEN,2019,14391686309.033,9.86572844000364,1130.82135304977,10.7973299026489,20.42,112.865865555161,54.0897463650396,23.38991653715317
BEN,2020,15651545208.8783,9.68791310326743,1197.50136428063,10.8024797439575,18.13,115.911395885066,54.3068570880759,23.47383548445014
BEN,2021,17690083519.9323,9.47976782659619,1318.83497843483,10.2315101623535,18.0,118.955454061724,54.5541005696013,23.596270066414608
BFA,2011,12080295977.5632,11.6121572602355,725.024767725475,3.94350004196167,23.14,60.8987865497076,51.6697037338101,23.214841530606833
BFA,2012,12561015156.5683,10.3423290173696,731.470138867833,4.3672399520874,24.6,62.764206871345,51.6719555176314,23.253863819287876
BFA,2013,13444300485.8412,10.1697715451051,759.762065168498,4.60237979888916,27.03,64.6762024853801,51.7114608653578,23.3218210974849
BFA,2014,13943016076.7436,10.9960425440905,764.861675106225,4.92263984680176,28.18,66.6281469298246,51.7927902530963,23.35824458019195
BFA,2015,11832159315.6298,11.6602964471487,630.124750752312,4.9262900352478,28.68,68.6311659356725,51.9206377296387,23.19408702707408
BFA,2016,12833363045.3367,11.120438157279,663.742364842886,5.42630004882812,21.05,70.6683333333333,52.0971154917605,23.2753141047904
BFA,2017,14106955615.3442,10.2588368462682,709.091535894695,5.85665988922119,21.86,72.713475877193,52.3179781131451,23.369933818747885
BFA,2018,15890066221.2882,10.5252036549404,777.465618514048,6.34666013717651,18.95,74.7013450292398,52.5907037810603,23.488959984968304
BFA,2019,16032813503.3707,10.4105983913211,764.853077774946,6.93696022033691,23.3,76.6153216374269,52.9380433430521,23.497903303037226
BFA,2020,17725010532.5268,10.0313185254464,825.237038782475,7.6837100982666,20.0,78.5039839181287,53.3844208698114,23.598242503583144
BFA,2021,19697516284.3787,9.8115542260696,895.535288442991,9.36093997955322,20.5,80.3919700292398,53.904178280731,23.703758387806896
BGD,2011,128607482310.357,15.9967342498947,837.336944695647,13.5724172592163,28.05,1179.92683413997,62.0740346987153,25.58003082987508
BGD,2012,133310747603.483,15.9142206710142,859.680536375497,13.667537689209,26.1,1191.28909118845,62.4844425603217,25.615948688063796
BGD,2013,149998957434.186,16.4420194729911,958.262989798283,13.6510944366455,24.52,1202.52086502266,62.9494570158261,25.733894180579753
BGD,2014,172886611653.786,16.6127076619157,1094.46199702838,13.6534414291382,24.35,1213.52791733886,63.4371252223876,25.87590179259345
BGD,2015,195146608978.131,16.7886735625088,1224.38647668165,15.5907163619995,23.71,1224.42328493508,63.9150578117155,25.997016953932853
BGD,2016,265224515675.034,20.3479480962979,1649.28380858601,17.4021797180176,22.86,1235.3993393255,64.3617117778247,26.303842533199152
BGD,2017,293732446624.596,20.0750615064997,1811.08221668646,18.5305080413818,23.72,1245.95641852962,64.6648001467869,26.40593514444772
BGD,2018,321362752441.78,20.8022959266315,1965.24372731467,19.70263671875,23.06,1256.22726434662,64.7973177686173,26.49583639194016
BGD,2019,351231654603.692,21.2079438820896,2129.79896954606,22.8052139282227,23.31,1266.90523930245,64.8612797816401,26.584711827344105
BGD,2020,373979442362.193,20.5983315908994,2248.85078828233,22.538854598999,20.39,1277.54493354844,64.9064095313604,26.647466665904197
BGD,2021,416271647911.014,21.2356729879977,2482.84917843357,23.40016746521,20.2,1287.99918568026,64.9516858651805,26.754603883882176
BHR,2011,29914680851.0638,15.0474932254141,25032.7867743333,46.54248046875,37.8,1558.0443285528,77.3876548816303,24.121615195206136
BHR,2012,31963404255.3191,14.7645578720345,26438.6733230428,47.3633117675781,41.1,1570.08311688312,77.8244401271723,24.187857468295924
BHR,2013,33823324468.0851,14.6994276422304,26989.7601148469,42.9303894042969,36.13,1627.52077922078,77.7848127947515,24.24441647446475
BHR,2014,34772526595.7447,14.8385364760484,26451.7965647453,44.1516189575195,36.26,1705.00907911803,77.0440675538981,24.272093446295212
BHR,2015,32523297872.3404,17.1732865801602,23734.0551143019,43.6383781433105,37.67,1761.33933161954,76.9024568320374,24.205222527072888
BHR,2016,33884680851.0638,17.8416468874405,23800.001440631,43.6653099060059,35.48,1827.63286264442,77.3742239109572,24.246228856899716
BHR,2017,37204813829.7872,18.1844891096654,24784.7693514607,45.1864395141602,34.67,1924.50769230769,77.608595170699,24.33970399388007
BHR,2018,39567978723.4043,17.1706919683066,26324.4066549559,48.5386581420898,31.73,1931.99357326478,77.3842993458645,24.401286010003034
BHR,2019,40446808510.6383,17.0407022619674,27259.7438599327,53.6918601989746,31.1,1902.25128205128,76.895078686694,24.423253577724783
BHR,2020,35837632978.7234,18.0468944226138,24342.8444554718,56.6339988708496,28.37,1875.41910828025,76.8265235048484,24.30226437875169
BHR,2021,40840212765.9574,20.528955608,27147.8083882286,70.7630310058594,28.8,1904.25949367089,77.2446859974956,24.43293303997361
BIH,2011,18644233537.1093,10.9160127332036,4982.69375768263,39.7756309509277,30.84,73.0819921875,69.1344333839552,23.64880274150532
BIH,2012,17226735995.6905,10.545110406553,4693.78899115381,41.8755912780762,34.2,71.68189453125,69.0044599438137,23.56972843226219
BIH,2013,18179108530.5261,10.9371167904227,5034.56616016469,47.2628288269043,36.24,70.52458984375,68.9007380238331,23.623538888768817
BIH,2014,18558733564.4692,10.940195399639,5206.06558252,48.9852485656738,32.43,69.62556640625,68.7408428286462,23.64420632730338
BIH,2015,16404348871.4437,11.1177914654178,4662.25883724069,48.6234397888184,32.31,68.72150390625,68.4674654164134,23.520812311711897
BIH,2016,17116926327.6247,11.8138265173704,4928.5665251728,48.668140411377,29.62,67.83208984375,68.1126823098051,23.56333365460351
BIH,2017,18326373366.1105,12.563982327679,5345.01985489192,46.4159202575684,30.23,66.9664453125,67.6985985141523,23.631607026855534
BIH,2018,20484053868.9246,12.7319523996539,6047.84584261133,43.1571083068848,31.09,66.15234375,67.2051520519634,23.742912560348206
BIH,2019,20482608755.379,12.4800142540652,6122.3753450882,41.597038269043,31.41,65.34244140625,66.6702435755379,23.742842009639233
BIH,2020,20226036564.4129,12.6618393297438,6130.31133245161,40.8813400268555,28.99,64.44041015625,66.193927015007,23.730236550217345
BIH,2021,23672712242.2149,13.9863011532484,7295.3438240957,43.5776786804199,29.6,63.37708984375,65.8403513813568,23.887588839552777
BLR,2012,65685890438.8922,24.7830279828939,6953.21591683101,98.5973968505859,32.9,46.5593029044007,70.9909034339942,24.908149981974404
BLR,2013,75527558966.4473,21.99575510837,7998.0802045456,101.424392700195,34.62,46.5393725235082,70.5764717728536,25.04776344602115
BLR,2014,78812805039.0743,21.0873800866231,8341.29014337961,99.8547286987305,37.1,46.5506003261518,70.0684624749577,25.090341321104336
BLR,2015,56454889146.6088,20.643977310644,5967.06856034227,98.0328598022461,38.23,46.611337189252,69.5172848567025,24.756707734006138
BLR,2016,47723545321.259,20.151871004434,5039.77560949445,94.7553405761719,30.39,46.6499448243246,68.9918011391333,24.58869072565909
BLR,2017,54725302249.8088,21.6287778492265,5785.53397723676,91.3261489868164,29.98,46.5987595325832,68.4886180343404,24.725592003406486
BLR,2018,60031173807.7196,21.2581752779595,6360.05310087258,84.5396423339844,29.35,46.5010592176569,68.079682439857,24.818129827704144
BLR,2019,64410122847.3508,21.639996437372,6837.76832136779,80.1720199584961,32.07,46.4107506220284,67.6546230933346,24.888536644774792
BLR,2020,61371755326.2351,21.486631801818,6542.8645398436,76.8908920288086,31.27,46.211212927382,67.2194165637181,24.84021555528863
BLR,2021,69673747131.87,22.7584959209403,7489.71894713888,73.9591369628906,32.6,45.8368317319537,66.8571610783922,24.9670894285506
BLZ,2012,1909400000.0,7.47878914842359,5709.68918765363,23.8754291534424,32.5,14.6608505041648,62.03986675199,21.370054893528206
BLZ,2013,2032750000.0,7.37670643217317,5950.20299917747,23.8531093597412,29.98,14.977071459886,62.7488459635802,21.432655393052222
BRA,2011,2616156223977.47,11.7837976689421,13396.6243566047,49.67403907775881,37.75,23.3646162902273,68.8890267559546,28.592727266386234
BRA,2012,2465227803011.57,10.675942306574,12521.7213530369,43.2308502197266,36.6,23.555014752086,69.1357813616712,28.533305334168034
BRA,2013,2472819535742.73,10.4796122903756,12458.891214816,44.3393707275391,36.33,23.7467066835444,69.3600959635388,28.53638012798494
BRA,2014,2456043727198.85,10.3370973963623,12274.9939689363,47.1568717956543,36.29,23.93895376244,69.5321464348522,28.52957293028901
BRA,2015,1802212206904.68,10.5209374565841,8936.19661756825,48.4340400695801,34.95,24.1292359304821,69.6409897160951,28.2200360300596
BRA,2016,1795693482652.52,10.7864511156539,8836.28652636996,48.3333396911621,33.19,24.3137963709629,69.7156525862543,28.2164124045688
BRA,2017,2063514977334.32,10.7214980094842,10080.5092817775,50.0267486572266,33.1,24.4915070817191,69.7489521976535,28.35543194433142
BRA,2018,1916933898038.36,10.5284573768575,9300.66164936497,51.1916885375977,33.44,24.659465024515,69.7196181499875,28.281748097414418
BRA,2019,1873288205186.45,10.3325005322006,9029.83326742175,52.6240615844727,33.82,24.8207686159839,69.6671137738846,28.258716401117752
BRA,2020,1476107231194.11,10.6929315691751,7074.19378281866,54.5727996826172,31.94,24.9649852718428,69.6446402012395,28.020429489328464
BRA,2021,1670647399034.67,11.9043730103232,7972.53665048385,56.8306198120117,34.2,25.0714027283582,69.6182628596073,28.14423233132752
BRN,2011,18524791070.6802,1.22071585484908,46382.8274456238,17.1019992828369,30.93,75.7853889943074,71.325789300393,23.642375729829077
BRN,2012,19048443339.9457,1.45830396709514,46968.5971144517,22.1413593292236,37.7,76.9557874762808,71.5334361550117,23.67025122074177
BRN,2013,18094148099.4922,1.14519241910596,44003.0644293856,24.0158290863037,35.53,78.026944971537,71.7757938920531,23.61885441352211
BRN,2014,17097797371.9718,1.58675856271092,41026.508391054,31.5348491668701,31.67,79.0796963946869,72.023548861969,23.56221548350186
BRN,2017,12128168046.7827,1.76286616709727,28024.3824618568,34.9116706848145,32.89,82.1199240986717,72.6002375384729,23.21879652185059
BRN,2018,13566908401.1864,2.13432149853163,30988.1190497851,31.5352935791016,32.84,83.0759013282732,72.6994274907237,23.330899458837376
BRN,2019,13469235348.2211,2.32782256470564,30426.5730284202,31.3982181549072,32.35,84.0,72.7649769585253,23.32367405873593
BRN,2020,12005799664.2691,6.83209894472881,26834.3592463839,32.6983299255371,29.82,84.896394686907,72.7870926356186,23.208655675335752
BRN,2021,14006496614.3195,9.67845068289214,31006.9636220576,30.2181224822998,28.2,85.715559772296,72.7380094549616,23.36278710280657
BWA,2011,15110643612.1729,7.73125571429564,7287.38295334919,16.9406700134277,30.51,3.65877049035696,62.576267720648,23.438665207437936
BWA,2012,13907464500.1489,8.07371084190363,6595.53845015424,20.8391494750977,31.4,3.72067298360771,62.4265721149389,23.355691547341628
BWA,2013,14271738933.2042,7.99324227477702,6666.91219583487,25.6314506530762,31.14,3.77725195419335,62.2125420280681,23.381547120380507
BWA,2014,15470088500.7414,7.84878664502911,7122.36423421503,24.6215991973877,30.87,3.83259047518219,62.1027474581546,23.462174222312786
BWA,2015,13530748844.505,7.24202388476034,6141.20394726616,27.1673908233643,30.49,3.88769431651757,62.0886517467422,23.32823062456759
BWA,2016,15082637184.0496,6.50323631121373,6749.05994339013,23.2882499694824,28.96,3.94328163322923,62.1749030271721,23.436810063815457
BWA,2017,16105155856.7708,6.17360420564063,7104.96401088027,22.4400691986084,29.97,3.99969473999965,62.3471212270271,23.50240529722207
BWA,2018,17031943186.1353,6.14746152595732,7407.95940141786,23.08203105926514,28.16,4.05685423393856,62.5862659140957,23.558356428818975
BWA,2019,16725908148.5481,6.09236991211812,7172.08956480028,22.9742908477783,27.43,4.11498067863004,62.8846829208051,23.540224740353427
BWA,2020,14960291105.9316,5.65903594237397,6323.31419156209,24.0127906799316,25.43,4.17464048135797,63.2353062384254,23.428665268256065
BWA,2021,18750946600.1423,5.22744172071473,7808.20623956293,22.9046497344971,22.9,4.23736347114146,63.545526112348,23.65451007342941
CAN,2011,1793326630174.52,9.95539617251473,52223.8588398531,63.154899597168,56.33,3.83011279793076,69.148336286437,28.215093463606248
CAN,2012,1828366481521.6,10.0201674141654,52670.3447335415,63.6187591552734,56.9,3.8718472515473,68.8517946416003,28.23444405109945
CAN,2013,1846597421834.98,9.58849235825594,52638.1187235237,65.774299621582,57.6,3.91284812265562,68.4998731704546,28.24436583011532
CAN,2014,1805749878439.94,9.42615082382699,50960.8431174661,67.2278594970703,56.13,3.9522291338328,68.1358280352841,28.221997066559044
CAN,2015,1556508816217.14,9.9754225443394,43594.1941045394,67.4031677246094,55.73,3.98239245827659,67.7571212622664,28.073466490941257
CAN,2016,1527994741907.43,9.92800413520787,42314.0615817218,69.5068588256836,54.71,4.02771072511681,67.3902081027321,28.054977365506897
CAN,2017,1649265644244.09,9.68457578828024,45129.628116623,70.6271591186523,53.65,4.07614836279598,67.0699290855306,28.131351240676125
CAN,2018,1725329192783.02,9.86607158831886,46539.1761570405,69.5775985717773,52.98,4.13498944297029,66.7853309042324,28.176438984600875
CAN,2019,1743725183672.52,9.29963869581248,46352.8693445211,72.8150634765625,53.88,4.19587500655283,66.4846890068848,28.187044850829164
CAN,2020,1655684730000.19,9.01547651322254,43537.839298904,74.1571426391602,52.26,4.24162135453439,66.1382867429556,28.135235773332294
CAN,2021,2007472181464.15,9.675939603394443,52496.8441693242,77.8022918701172,53.1,4.351026204103,65.7746528539238,28.327897425368278
CHE,2011,715888126682.396,18.1944880804685,90476.7589651577,53.1352806091309,63.82,200.249864435738,67.8789591820399,27.296789744048837
CHE,2012,686420221557.99,17.7313707963592,85836.2076767359,54.835620880127,68.2,202.390548012367,67.7253003887459,27.254755844997973
CHE,2013,706234937370.968,17.8005407661011,87304.3305813557,56.1812400817871,66.59,204.734336607627,67.569206651867,27.283213791563295
CHE,2014,726537808338.0,17.5495253080258,88724.9909402638,58.0650596618652,64.78,207.250751433234,67.4070238883851,27.31155636036174
CHE,2015,694118186379.628,17.1186581567719,83806.4476003837,60.8185615539551,68.3,209.626620751132,67.2522559933481,27.26590808033125
CHE,2016,687895460902.713,17.3322132145222,82153.0745447889,61.1939888000488,66.28,211.931572125581,67.0852228581568,27.2569027169724
CHE,2017,695200833086.499,17.4910199452693,82254.3769269767,62.4597206115723,67.69,213.918480127503,66.8710108843209,27.26746660923764
CHE,2018,725568717468.001,17.6667499302868,85217.3691512274,64.3533935546875,68.4,215.500094533915,66.6250290837812,27.31022162217739
CHE,2019,721369112726.724,17.9235393262337,84121.9310304414,66.3093414306641,67.24,217.042781721823,66.3866169304802,27.304416788761394
CHE,2020,741999406005.627,17.7873157952398,85897.7843338323,68.0676422119141,66.08,218.63446962171,66.1965690619318,27.33261427958197
CHE,2021,813408787222.499,19.1226596298624,93446.4344518943,71.893928527832,65.5,220.31454103721,65.9929595917595,27.424499633437772
CHL,2011,251382573885.594,9.90905378571426,14487.3927827263,70.8241806030273,38.84,23.3370130673596,68.6502919535999,26.250241814413652
CHL,2012,267024782480.28,9.82773286975095,15241.9069977366,75.0770721435547,42.7,23.5620242302954,68.7794974165082,26.310607309317515
CHL,2013,277395018837.366,9.98503250387017,15683.54863663,79.8703384399414,40.58,23.7878208335351,68.8419518588406,26.348708388059453
CHL,2014,259560978231.552,9.92046516190012,14529.6767210362,83.6629791259766,40.64,24.0261279944912,68.8459541557848,26.282257495499305
CHL,2015,242450355827.827,10.3988647878915,13433.9202985339,86.4181137084961,41.2,24.2728288762286,68.8110909659556,26.214062808130546
CHL,2016,249344863933.461,9.70592487556683,13649.8520455553,88.8458862304688,38.41,24.5681705696594,68.7957087507807,26.242102770905916
CHL,2017,276154259987.103,9.16084501948169,14879.9086230423,89.921989440918,38.7,24.9604159605774,68.8509010584832,26.344225459526616
CHL,2018,295857562991.709,9.60421381910793,15659.4808675628,91.1974792480469,37.79,25.4100576706853,68.9280916071827,26.413143969344564
CHL,2019,278285058719.466,8.96909548434668,14495.716721687,92.0659713745117,36.64,25.8196607543455,68.97100513477,26.35191181635993
CHL,2020,254042159309.311,8.99628171941755,13114.815470545,89.1124877929688,33.86,26.0521726031966,68.9603700944275,26.26076607172426
CHL,2021,315515014838.539,8.52542771996868,16216.5706467899,96.2227935791016,35.1,26.1674467272424,68.9469814817118,26.47747210840872
CHN,2011,7551545703440.75,32.0647911864237,5614.38602225277,26.8075294494629,46.43,143.268509836432,72.7988185445213,29.652773387167922
CHN,2012,8532185381680.59,31.528577865974,6300.58217951734,29.3250408172607,45.4,144.243669001474,72.6134379386083,29.774866644112272
CHN,2013,9570471111831.68,30.6710080721744,7020.3860742288,32.7620315551758,44.66,145.207643927049,72.3383307205597,29.889703548168345
CHN,2014,10475624944355.2,30.3964442055154,7636.07434020616,43.8821907043457,46.57,146.125816729087,72.0051656801854,29.980072240516098
CHN,2015,11061572618578.7,28.9516705787219,8016.44559489998,47.4353790283203,47.47,146.977949259981,71.6284345359877,30.03449829165964
CHN,2016,11233313730348.7,28.0694422377123,8094.39016735149,49.7083587646484,50.57,147.822641376791,71.2044525051679,30.049904919544417
CHN,2017,12310491333980.9,28.10893687151,8817.04560829162,51.5827713012695,52.54,148.720043543977,70.6659121055216,30.14147296873058
CHN,2018,13894907857880.6,27.8410111544177,9905.40638304527,54.0076217651367,53.06,149.417194545073,70.1553162360731,30.26254354778621
CHN,2019,14279968506271.7,26.7747241232901,10143.8602206165,57.2754402160645,54.82,149.948179684945,69.74115264804,30.289878867394396
CHN,2020,14687744162801.0,26.2851657561442,10408.7195541075,62.2367782592773,53.28,150.305542803154,69.3999249325134,30.31803453154503
CHN,2021,17820459508852.2,27.5471027442599,12617.5051041181,67.3876190185547,54.8,150.439753691066,69.2124049434275,30.51136832376963
CIV,2011,36693710801.3976,9.2213557501251,1596.62826565998,3.30475997924805,24.08,72.2704402515723,54.3529774247885,24.325871209512464
CIV,2012,36302302877.2977,10.3182515272799,1546.9460184731,8.575383398267958,22.6,73.7958427672956,54.8848348311622,24.315147016350917
CIV,2013,42760235484.6093,11.8501855603565,1786.15862031324,8.12195014953613,23.42,75.2823113207547,55.3222585566853,24.47887443021179
CIV,2014,48843005613.7091,12.2006998127999,1991.36539423404,8.36830043792725,27.02,77.1301729559748,55.4196918298969,24.61187702429764
CIV,2015,45815005169.2651,11.4305990168412,1814.71855088017,8.89927959442139,27.16,79.3910125786164,55.2565346841825,24.54787749819268
CIV,2016,48407761036.8238,12.5430342990523,1862.59597081287,9.09276962280273,25.8,81.7276886792453,55.1553133893468,24.60292598981448
CIV,2017,52512343996.69,11.2836181003932,1964.29930338343,9.47000026702881,23.96,84.0672075471698,55.1091077307627,24.68431410265321
CIV,2018,58522477786.6889,11.2909843422326,2130.86619381144,8.575383398267958,19.96,86.3653238993711,55.1358501698895,24.792676753054497
CIV,2019,60382894697.3557,12.3199684287316,2141.76836170115,9.91261005401611,25.55,88.6572610062893,55.2137233737626,24.823971701403476
CIV,2020,63027852805.4204,12.0519433981248,2179.72934832935,9.77698040008545,21.24,90.9290849056604,55.3233038967629,24.866842573659532
CIV,2021,72794636653.7793,13.3970815019321,2455.98127641148,10.2318000793457,21.0,93.2067169811321,55.5125937101364,25.010908117096914
CMR,2011,30630910495.217,15.1890862079643,1513.96056994878,12.2482299804688,26.95,42.8006684859639,53.363960757113,24.145275482952204
CMR,2012,30155062329.2821,15.532770064592,1449.09874362279,13.2559003829956,25.0,44.0217659876034,53.4430044043765,24.129618650810652
CMR,2013,33728621180.3231,15.2287357474586,1575.92882118897,15.4463300704956,25.71,45.2759112352182,53.5503581471515,24.241612607044
CMR,2014,36386544706.0806,14.5140212331135,1649.4433905949,16.4135303497314,27.52,46.6668634046244,53.7621895990157,24.317464892319506
CMR,2015,32210233020.4569,14.3500581853268,1415.00009710569,16.9564609527588,27.8,48.1551352837892,53.994740112473,24.195550034676792
CMR,2016,33814337044.3765,13.8415343692757,1441.7201725688,12.45934009552,22.82,49.6163842525015,54.1334317153056,24.244150722410033
CMR,2017,36098547033.1655,13.7129455296811,1496.08951771242,12.7472696304321,22.58,51.0431363838294,54.2143740534314,24.30951845308649
CMR,2018,39955552189.795,13.6850154316949,1610.69641591017,14.3037796020508,23.85,52.4769583888642,54.311618102486,24.411033477970044
CMR,2019,39667757527.6578,12.8257802062343,1555.22660476477,14.8440399169922,23.9,53.9571724736096,54.4719742477239,24.40380454170895
CMR,2020,40773241177.0505,13.1809876103324,1555.60370660749,15.3162603378296,19.98,55.4474371178947,54.6793776767362,24.431291849686872
CMR,2021,45011937346.8384,13.2966086416538,1672.32657340872,16.9050903320312,19.7,56.9392608576083,54.9180882270139,24.53019356591189
COL,2011,334966134804.887,13.217602576964,7400.9940695669,45.2873306274414,32.32,40.7928021631365,67.0813686126444,26.53729527352686
COL,2012,370691143018.039,13.0892848837297,8108.59838244229,47.4669914245605,35.5,41.2039747634069,67.4426133978595,26.63863505423077
COL,2013,382093697077.685,12.6623563037307,8279.10255642981,50.7474899291992,37.38,41.5967408742677,67.7967037079735,26.668931695784764
COL,2014,381240864422.407,12.2693186420816,8187.20824890084,53.1794395446777,35.5,41.969742226228,68.1178419736866,26.666697202410198
COL,2015,293492370193.166,12.4008937581087,6248.51490534512,54.7961311340332,36.41,42.3343307796305,68.40138641436,26.405117479941964
COL,2016,282720100286.228,12.297778837716,5959.84250367574,57.1437492370605,34.16,42.7557566471383,68.6955683932159,26.36772320023699
COL,2017,311866875156.879,11.4095935667718,6479.53231292429,58.3960418701172,34.78,43.3808724650744,69.041951439359,26.465842251511656
COL,2018,334198218098.276,11.1518529729467,6816.96818309544,57.3205413818359,33.78,44.1860883280757,69.4027046556989,26.53500012125111
COL,2019,323031701192.84,10.926657535177,6472.54544924705,56.6663017272949,33.0,44.9824109959441,69.6869318607033,26.50101630146092
COL,2020,270348342541.465,10.7275023510948,5339.68711357943,55.7331085205078,30.84,45.6331653898152,69.8711687670931,26.322977121967636
COL,2021,318524633225.395,11.200418569318,6222.62164397614,58.3159217834473,31.7,46.1362532672375,69.9880002555668,26.48696565033496
CPV,2013,2028910915.16446,4.83628033255732,3960.97596791345,21.2792301177979,29.69,127.102977667494,65.2871296793401,21.4307649910423
CPV,2014,2041930125.42979,5.18841665051269,3985.60706548134,21.7901191711426,30.09,127.128039702233,65.7685397271852,21.437161337410853
CPV,2015,1749857620.35329,4.94193017807392,3415.06266730931,20.5760192871094,28.59,127.144913151365,66.0728522122158,21.282800261773826
CPV,2020,1821565617.6945,5.1850224169666,3539.22662027109,21.2151228586833,23.86,127.711910669975,65.6218093007396,21.32296219775224
CPV,2021,2051842609.64558,5.38569912694724,3971.4440744985,21.2151228586833,25.7,128.200744416873,65.871800777704,21.44200406036082
CRI,2011,42762613698.9636,14.2961414838857,9276.39107511347,44.9357299804688,37.91,90.2826674500588,68.0458814885485,24.47893004609404
CRI,2012,47231655431.7355,13.8778882419301,10126.9991024177,47.3161315917969,36.3,91.3422248335292,68.2454627622799,24.578330170668632
CRI,2013,50949668841.6696,12.8426334917159,10803.2401962173,47.8412284851074,41.54,92.3648061104583,68.4238638023794,24.6541040969212
CRI,2014,52016408854.2658,12.2879019689087,10911.497878334,50.7579116821289,37.3,93.3630826478653,68.5844636980952,24.674825060640593
CRI,2015,56441920820.5194,11.6070817090569,11714.7105980732,51.6519317626953,38.59,94.360321190756,68.7112504393645,24.75647799631647
CRI,2016,58847019609.6549,11.6051648163289,12091.0301606154,52.1316299438477,38.4,95.3191931061496,68.8045144876282,24.798207025524118
CRI,2017,60516044656.5206,11.7340016097056,12317.0902771304,54.4580307006836,37.09,96.2235996866432,68.8412507833526,24.82617436775788
CRI,2018,62420164991.5374,11.9243306402559,12590.2493781614,52.8686790466309,35.72,97.0978848413631,68.8109769257363,24.857154217033507
CRI,2019,64417670521.3545,12.0464449459211,12884.6859951989,54.7189712524414,36.13,97.9152565609087,68.7652107333185,24.888653819397053
CRI,2020,62395610760.0492,12.790846486792,12394.0493969492,50.74224938286677,33.51,98.5961613787701,68.778633459931,24.856760769463964
CRI,2021,64960725734.1965,13.733396136347,12838.1185358931,50.74224938286677,34.5,99.0988640814728,68.8374526616913,24.897048704754
CYP,2011,27641547909.7011,4.60055670048582,32485.796875,46.5397300720215,46.45,124.079329004329,71.8255025654333,24.042585836799546
CYP,2012,25047436974.6819,4.18997390765357,28991.935546875,45.8635902404785,47.9,126.125216450216,71.8250518921878,23.944037342862643
CYP,2013,23959712860.8331,3.88480353979907,27797.45703125,47.5252418518066,49.32,128.127164502165,71.7655281929563,23.899639626016388
CYP,2014,23225918259.9824,4.07749354093701,27244.3515625,53.1043510437012,45.82,130.065043290043,71.6676353521237,23.868534658431244
CYP,2015,19909278416.8575,4.26012306069838,23487.228515625,60.1012306213379,43.51,131.980735930736,71.5197152279025,23.714451712118514
CYP,2016,21046462280.5979,4.57051335723455,24715.154296875,67.1711120605469,46.34,133.88658008658,71.326455758874,23.769998320271252
CYP,2017,22946570628.7576,4.89209027649162,26696.990234375,75.9408111572266,46.84,135.744047619048,71.117190760722,23.856434334346652
CYP,2018,25754001367.5448,5.29758788521149,29599.986328125,81.3370819091797,47.83,137.525649350649,70.908704590838,23.97185584489829
CYP,2019,26196667099.5303,5.40632833314545,29703.052734375,88.4853286743164,48.34,139.250108225108,70.6890608830614,23.98889802968
CYP,2020,25555093854.2968,5.63141765322206,28649.015625,92.9377593994141,45.67,140.935822510823,70.4395285842361,23.96410250179919
CYP,2021,30372874319.6285,4.98799400297888,33734.29296875,96.5377883911133,46.7,142.565909090909,70.1591161068193,24.136815754911524
CZE,2011,231429378717.312,21.8643072456478,22049.1080788682,66.7968215942383,47.3,135.90687556649,69.5092644845973,26.167540604396127
CZE,2012,210363223087.728,21.7136033387837,20014.0354015165,66.9287719726562,49.7,136.097177262722,68.7404703476191,26.072101507321083
CZE,2013,213024360541.119,21.7617319791193,20260.4954999375,66.3243179321289,48.36,136.159958559959,67.9917611396456,26.08467236485388
CZE,2014,210911285077.683,23.4691665652122,20038.4163180257,67.3959732055664,50.22,136.30337995338,67.2980768549652,26.07470343213985
CZE,2015,189107698561.919,23.7339506123741,17931.5987670768,67.2303619384766,51.32,136.589288952208,66.6295181305301,25.96558252337345
CZE,2016,198160659303.939,23.7610958428917,18753.9686718096,67.5056381225586,49.4,136.851858567543,65.9601528606104,26.012343949251264
CZE,2017,221563575696.217,23.1824532218752,20913.197632212,67.7142181396484,50.98,137.21587877218,65.3001802474571,26.12397540870747
CZE,2018,251992360762.236,22.3060378872535,23705.9329811299,66.7902221679688,48.75,137.675534257221,64.6915656051411,26.25266460956277
CZE,2019,256794209028.77,22.1266766165116,24062.7190013343,66.8802185058594,49.43,138.226810266108,64.1400490294769,26.271540857996932
CZE,2020,251109660602.536,20.7968233716829,23472.8915454417,67.1843719482422,48.34,138.575928842168,63.7032085719896,26.249155575498257
CZE,2021,290972714482.313,19.640981617073,27696.4619527544,69.8369293212891,49.0,136.108349053848,63.3939300705344,26.39649533505613
DEU,2011,3824828563521.41,20.1342159756315,47646.582043143,68.96166102091472,54.89,230.304633348634,65.8994933869984,28.9725347622082
DEU,2012,3597896500945.31,20.0571351030932,44735.5882319701,68.96166102091472,56.2,230.750625466231,65.9715437998931,28.91137048532478
DEU,2013,3808086291482.36,19.7677938673586,47220.0102098851,60.8984489440918,55.83,231.155712565925,65.9544693115349,28.96814789317927
DEU,2014,3965800686309.79,20.1171122582633,48971.0824722599,65.1844787597656,56.02,232.108053883634,65.8621937797938,29.008728889168186
DEU,2015,3423568450957.03,20.1508920324729,41911.0109851054,68.23291015625,57.05,234.152986871524,65.7365353514053,28.861704529745214
DEU,2016,3537784107980.55,20.4345907994406,42961.0356905775,67.9464111328125,57.94,235.712929356538,65.5385099359924,28.89452168888302
DEU,2017,3763092263752.95,20.2013743166692,45526.5999576533,68.4692306518555,58.39,236.588722557747,65.2493405041228,28.95626214590867
DEU,2018,4052008447223.53,19.8657585110445,48874.8595028454,69.1634292602539,58.03,237.294012250272,64.9876223341919,29.030233787017533
DEU,2019,3957208055215.68,19.3688328882451,47623.8656074829,72.705078125,58.19,237.822954291766,64.709009583285,29.006559855978082
DEU,2020,3940142541354.1,18.6373281694795,47379.765194548,72.3894195556641,56.55,238.017318755545,64.3935455490144,29.00223801659264
DEU,2021,4348297440387.53,18.6967626466764,52265.6541620571,75.6655426025391,57.3,238.118085806692,64.007731691245,29.100805491400543
DNK,2011,344315595263.175,10.9708435050042,61809.737898222,75.9300231933594,56.96,139.2643,65.1391017778439,26.564824501830497
DNK,2012,326792574244.963,11.208563455152,58443.7747103968,77.7465515136719,59.9,139.7893,64.8353207706159,26.512591477045465
DNK,2013,344631016965.12,11.7998537089519,61377.5940590412,80.4186782836914,58.34,140.3733,64.6171531249485,26.565740165594235
DNK,2014,352832602064.452,11.8293905304366,62520.4509747011,81.3143615722656,57.52,141.086875,64.4747664425739,26.589259566289293
DNK,2015,301758922337.637,12.484534308925,53094.0133607574,83.300407409668,57.7,142.087075,64.3803658918722,26.43289426512862
DNK,2016,312181849372.233,12.9401692109791,54500.9260410217,82.1714935302734,58.45,143.20025,64.2825644561006,26.46685170551651
DNK,2017,331610593961.988,13.0145483841175,57521.5514992225,81.3220062255859,58.7,144.1245,64.1478791251183,26.52722720771287
DNK,2018,355293374912.393,13.0043275494945,61324.7665045565,81.1405487060547,58.39,144.8409,64.0075911860982,26.59620969333851
DNK,2019,345401473012.615,13.4024278659202,59404.2663247723,81.6945877075195,58.44,145.36055,63.8569667124335,26.56797326730715
DNK,2020,355631021931.621,12.8371087335606,60985.4885601514,82.6643295288086,57.53,145.7851,63.6927358686314,26.597159575059024
DNK,2021,408378204639.999,12.7397805270337,69727.9873677012,83.982292175293,57.3,146.418325,63.5779425764326,26.735459554134067
DOM,2012,60681535652.5373,14.9930449195303,6025.72582713231,48.6290016174316,30.9,208.453963982612,64.572136132279,24.828905298498363
DOM,2013,62682159338.0354,14.5916649127864,6149.02748927076,46.3571929931641,33.28,211.008755951149,64.7350689743038,24.86134270403285
DOM,2014,67179955677.2791,14.5465271819258,6512.50771431953,49.3192710876465,32.29,213.527799627406,64.8892119186343,24.930640761369684
DOM,2015,71164826836.5281,14.7024478987904,6819.93225155181,51.7471084594727,30.6,215.997288346098,65.0659009361821,24.988264528198677
DOM,2016,75704647877.6559,14.4187978831375,7174.82349574,54.4990005493164,30.55,218.410888014904,65.2322227997638,25.050105394153025
DOM,2017,79998046305.79,14.0958654446311,7499.69286187019,59.9155883789062,31.17,220.799896501759,65.3577258050953,25.105268050144467
DOM,2018,85555390139.118,14.1355343158034,7934.98141208525,63.146240234375,29.33,223.18470296005,65.4341030676578,25.172429841017173
DOM,2019,88941372558.2397,13.7588029065707,8164.22080932117,64.3841323852539,28.56,226.026774543851,65.4731826616995,25.211243254316447
DOM,2020,78844656298.1776,14.4450594216924,7162.29175242114,58.7264099121094,25.1,228.397349102723,65.5074489249021,25.090745377585602
DOM,2021,94243425938.3647,15.1598899852978,8472.47982000992,56.4690818786621,25.1,230.786990834893,65.5342478167008,25.26914690952471
DZA,2011,218331946925.304,9.73343874629741,5916.31364364343,32.6073913574219,19.79,15.4942924080714,67.5684816420113,26.109282433932954
DZA,2012,227143746075.934,8.5589556099004,6033.64884689543,33.7081413269043,24.4,15.8061610419273,67.3421404984508,26.148848896639564
DZA,2013,229701430292.157,8.02018645677549,5979.60138960585,35.4959411621094,23.11,16.1286164736705,66.9223817569513,26.160046173405522
DZA,2014,238942664192.59,9.87797970942307,6094.69392314956,36.0622482299805,24.2,16.4606678310815,66.3589408507156,26.199489461321832
DZA,2015,187493855609.345,7.11001759889613,4685.05902729002,38.3309783935547,24.38,16.8026368106356,65.7623256885407,25.957011911736434
DZA,2016,180763839522.151,6.89853876611083,4424.98529027556,44.1052894592285,24.46,17.1516218598076,65.1739647385905,25.92045726225832
DZA,2017,189880896903.073,7.33456829401543,4554.66753957828,49.3779106140137,24.34,17.5037080018356,64.587146212269,25.96966285414414
DZA,2018,194554483655.528,7.07738040001596,4577.21029180491,53.1637001037598,23.87,17.846203680417,64.0409495016296,25.993978082400428
DZA,2019,193459662090.677,6.40396994400067,4468.45341883656,54.1856307983398,23.98,18.177688506013,63.5858047801217,25.98833486303681
DZA,2020,164873415325.201,6.28239503315548,3743.5419522929,53.6140289306641,19.48,18.4915534476671,63.2634495033399,25.828443836566667
DZA,2021,186231205262.082,8.18955643268695,4160.55926736925,54.2099914550781,19.9,18.7934368178572,63.0690613740293,25.95025477776966
ECU,2011,78986648000.0,12.8501503190767,5153.6916424375,45.84394200642905,28.75,61.7097237880496,63.0970415320431,25.092544662470956
ECU,2012,87735048000.0,12.5996773832049,5634.08393191094,39.2524681091309,28.5,62.700088581092,63.3757966282722,25.19758729161143
ECU,2013,96570334000.0,12.2611805401854,6109.29031510341,39.7734413146973,32.83,63.6460299565147,63.6707396710756,25.2935374295503
ECU,2014,102717794000.0,13.1351000392395,6405.79979300441,45.84394200642905,27.5,64.5640360766629,63.9831015967478,25.355251200800755
ECU,2015,97209558000.0,14.2997317197965,5976.1596805651,44.5371513366699,26.87,65.4945442100177,64.3119900284178,25.300134876911734
ECU,2016,97671433000.0,14.5926588381272,5917.63771271481,45.84394200642905,27.11,66.4565107102593,64.6722079914688,25.304874958152368
ECU,2017,104467486000.0,13.9316523803397,6233.32244797718,45.84394200642905,29.14,67.4807497181511,65.0447019080708,25.372141721181592
ECU,2018,107478962000.0,13.3663079105658,6303.91892523596,47.3311805725098,26.8,68.6485223063295,65.4040358199557,25.400560963036348
ECU,2019,107595829000.0,12.6784849624608,6205.05759479761,47.2627792358398,26.56,69.8180906748269,65.732908693337,25.401647719982233
ECU,2020,95865472000.0,12.9418128771118,5463.64509649315,56.9066314697266,24.11,70.6477089708488,66.0443856227703,25.28621171229511
ECU,2021,107435101000.0,13.1505558876889,6075.8026572556,45.84394200642905,25.4,71.1968674504751,66.352985667233,25.40015279057898
EGY,2011,235989672977.625,15.7671942236161,2590.64384891965,25.8721904754639,29.21,91.5094268923602,62.1480040537446,26.187053882445202
EGY,2012,279116666666.667,16.1654665564441,2996.0677072015,26.4579601287842,27.9,93.5868210357125,62.0961057401256,26.35489569145879
EGY,2013,288434108527.132,16.6083799182971,3025.52563552448,28.5217609405518,28.48,95.7693033301522,62.0110954010074,26.387732503488674
EGY,2014,305595408895.265,16.7744463669334,3133.39102265541,29.1688709259033,30.03,97.9744376914963,61.9034207116198,26.44552787087745
EGY,2015,329366576819.407,16.6974449068966,3306.98159414141,32.8131103515625,28.91,100.052581244663,61.7368302860934,26.520437182691225
EGY,2016,332441717791.411,16.8413269293155,3270.6287768197,31.9304790496826,25.96,102.109185795369,61.6008772488617,26.529730396840275
EGY,2017,248362771739.13,16.5935206577446,2395.10333299491,33.1621017456055,26.0,104.170030639409,61.5289800193223,26.238156303548045
EGY,2018,262588632526.73,16.3508895794126,2484.70315630508,36.7171516418457,27.16,106.165145411623,61.5446717092144,26.2938545097088
EGY,2019,318678815489.749,15.9882989921372,2962.98892023003,31.6285071902805,27.47,108.044761665578,61.6643683303097,26.48744958452481
EGY,2020,383817841547.099,16.3804559942138,3511.11381026379,40.012939453125,24.23,109.814781254709,61.8346774314352,26.67343390601354
EGY,2021,424671765455.704,15.485283900665,3827.35415374308,31.6285071902805,25.1,111.464169973379,62.0672499568481,26.774582390905923
ESP,2011,1487568659241.25,11.2014709597732,31824.6219134777,80.7240905761719,43.81,93.5078358806114,67.8223406857849,28.028164130774083
ESP,2012,1330994811670.31,10.8118621882614,28456.4438151477,82.89208984375,47.2,93.5068371284061,67.4834730652077,27.91694775726504
ESP,2013,1362186923157.65,10.8662587310316,29218.9105170888,85.2132568359375,49.41,93.2009456028468,67.0770392025555,27.940112555911377
ESP,2014,1380244561361.96,10.9975561841823,29694.8874886229,88.0015563964844,49.27,92.9227364506907,66.6930927877804,27.95328181777457
ESP,2015,1206164777553.12,11.0137685905408,25969.8383138327,88.5742492675781,49.07,92.9526859210545,66.4614550787613,27.81846683637056
ESP,2016,1243015667917.12,10.9527706513192,26740.6851818829,89.8067779541016,49.19,93.0492629572988,66.3143685616246,27.848561533298938
ESP,2017,1321754088818.83,11.1145583338461,28367.9392609439,91.8877410888672,48.81,93.2709101549633,66.1865982307919,27.909980825545993
ESP,2018,1431642809327.06,10.7886322916564,30592.1264795541,92.1748886108398,48.68,93.6697920792501,66.1319737035927,27.98984371852549
ESP,2019,1403496387686.27,10.6967320991298,29776.2011500384,91.020263671875,47.85,94.3508089023978,66.1693765330282,27.969987658955418
ESP,2020,1289783836971.21,10.853212942808,27230.3599933583,90.9548492431641,45.6,94.815383748924,66.2408766587242,27.88549575202163
ESP,2021,1461244901852.69,11.2560847091885,30817.6828559001,94.5903778076172,45.4,94.8822087969797,66.2783015470184,28.010309860831953
EST,2011,23303915794.7569,14.5525672570253,17555.5455239426,71.0235290527344,49.18,31.3149091766926,66.9955155261488,23.8718872432584
EST,2012,23237406116.3988,13.8770730242275,17568.2137969714,72.9364700317383,55.3,31.2030195800896,66.5458455061787,23.86902914980932
EST,2013,25451032780.7573,13.5540034976357,19310.3874900757,75.4523162841797,50.6,30.3196917414309,66.0628361595682,23.960022159895885
EST,2014,27055689003.0038,13.9610951419012,20581.7898991695,76.2024536132812,51.54,30.2402806533241,65.5532115284544,24.021163134469887
EST,2015,23311847750.9394,13.6547460994623,17722.1557669523,74.5832824707031,52.81,30.26011042098,65.0969209844087,23.872227555447058
EST,2016,24561027787.7896,13.6104762733574,18666.3736521706,73.0334320068359,51.73,30.2689210950081,64.6626626611412,23.924426787386786
EST,2017,27469461919.1189,13.3408912828564,20851.5223496861,72.1369781494141,50.93,30.816,64.2570788686562,24.036340748915585
EST,2018,31222632740.7247,13.2138423128235,23618.1361254581,72.0659637451172,50.51,30.9234385964912,63.9606434212114,24.164409077136938
EST,2019,31873748770.0313,12.8803241268467,24021.2501413306,72.7060317993164,49.97,31.0385497076023,63.6685115518553,24.185048585381004
EST,2020,31820771493.8974,12.5917858133422,23933.9939421065,72.0443572998047,48.28,31.0999298245614,63.3615345768253,24.183385105127734
EST,2021,37204563051.4723,13.0463335732433,27953.7670230126,73.1502075195312,49.9,31.1329122807018,63.1847055320839,24.339697253377047
ETH,2011,31952763089.33,3.68255139559386,343.024942351887,7.17573022842407,22.88,82.537679592612,52.0383522399417,24.1875244956998
ETH,2012,43310721414.0829,3.42006071889612,452.101031885754,7.59986019134521,23.3,84.8841807786957,52.5662496261565,24.491666049020665
ETH,2013,47648276605.0123,3.702189003056,484.039833104062,7.50477345784505,24.8,87.224157853982,53.1134705274755,24.587112298606872
ETH,2014,55612228233.5179,3.99132524576571,549.986577082588,7.73872995376587,25.36,89.598740246565,53.6668811752551,24.74166894627891
ETH,2015,64589328550.5953,4.4046191387627,621.845673808133,7.50477345784505,24.17,92.0367822337439,54.2131245567384,24.891315041373904
ETH,2016,74296745207.8721,5.69139881015014,696.195884706786,7.50477345784505,24.83,94.5614799764478,54.7458515074501,25.031332981625443
ETH,2017,81770886825.6048,6.18658850515008,745.632449222154,7.50477345784505,24.16,97.1744352590326,55.2530672521534,25.127187110427815
ETH,2019,95912607722.3032,5.59436889552396,828.70897229725,7.50477345784505,24.16,102.552159549746,56.1010549033282,25.286703277580575
ETH,2020,107657734392.446,5.30328086816582,905.313175805855,7.50477345784505,18.06,105.370090895445,56.4801956284521,25.402222905760134
ETH,2021,111261882958.426,4.60568870386342,910.947840320752,7.50477345784505,18.6,108.224068056306,56.8415943336368,25.435152565398095
FIN,2011,275126915515.565,16.355265487845,51060.3242589767,93.2884292602539,57.5,17.7309947678436,65.6919391690164,26.340498339115243
FIN,2012,257443384492.969,14.5954146662807,47551.6740841369,91.5533828735352,61.8,17.8155615518773,65.1075093394932,26.274065666829397
FIN,2013,270268036626.275,14.6434591173334,49691.0145200739,91.2365264892578,59.51,17.8978314521702,64.5043907459626,26.322680031761436
FIN,2014,273478528954.901,14.6025114765247,50073.7760815871,89.9938812255859,60.67,17.9720030274112,63.9319576160027,26.33448895099151
FIN,2015,233210733506.25,14.8411928141889,42560.3456767103,89.6573791503906,59.97,18.0301108880919,63.4339270226978,26.175208317405776
FIN,2016,238777818792.608,14.7475627790114,43451.2562442158,89.3280029296875,59.9,18.0820078312658,63.0282055999224,26.198799328022567
FIN,2017,253846138440.0,15.3743113223501,46085.0174739036,90.6983871459961,58.49,18.1238944459068,62.6552811381026,26.259994166248536
FIN,2018,273869255596.078,14.7901080183696,49654.2497035329,92.3850021362305,59.63,18.1479501184522,62.3153408434214,26.335916660095574
FIN,2019,267014821129.411,14.7120972002113,48358.1807773701,94.5891189575195,59.83,18.1673609054717,62.0624967514881,26.31057000365403
FIN,2020,270000311606.226,14.5232182818852,48828.6846862799,96.4726333618164,57.02,18.1928768835954,61.8489868728584,26.321688950041253
FIN,2021,294223210496.119,14.9402646685212,53099.1351400148,100.868072509766,58.4,18.2301659134121,61.6707046917791,26.40760453559841
FJI,2012,3972028104.47328,11.5622714283651,4341.40338748749,68.78767013549805,27.9,50.0776135741653,65.0100528079823,22.10254265875216
FJI,2013,4189967998.51424,11.5664406958165,4572.44377544245,68.78767013549805,30.46,50.1561029009305,65.0830875672844,22.15595893326519
FJI,2014,4857104791.41609,10.6541138317051,5293.35679137747,69.2255630493164,30.39,50.2235905856596,65.1216318497098,22.303708375415155
FJI,2015,4682479912.05203,10.4961595864402,5097.53108832569,68.3497772216797,27.31,50.2779419813903,65.1603347783204,22.26709370226841
FRA,2011,2870408553990.28,10.3132840454103,43929.7840873812,55.6257286071777,49.25,119.331558175679,64.4012852086265,28.685475488875525
FRA,2012,2683007095787.23,10.2470795796382,40863.5814412333,57.9090118408203,51.8,119.910181040513,63.9822023210968,28.617959332089832
FRA,2013,2816077607875.26,10.2533499274342,42669.1795111893,59.8487586975098,52.83,120.531619539153,63.6262148936628,28.66636611345938
FRA,2014,2861236112552.42,10.1814983481472,43148.0459288416,61.5104789733887,52.18,121.105322368265,63.2660590407766,28.682274854571848
FRA,2015,2442483452642.5,10.3199116417468,36702.4323733379,62.7859306335449,53.59,121.536702115031,62.9034115542196,28.52403644607786
FRA,2016,2470407619777.13,10.1652320223789,37024.2157133669,64.7276763916016,54.04,121.857823021165,62.632173096763,28.53540428120262
FRA,2017,2588868323334.71,10.0100515756887,38687.1626407164,65.8022308349609,54.18,122.211970625889,62.3980765439097,28.58224195535614
FRA,2018,2781576320884.39,9.88620521645328,41418.1766484844,67.5435180664062,54.36,122.650880182337,62.1793955597294,28.65403890483578
FRA,2019,2722793515171.76,9.91095000638926,40408.2848574751,67.7331314086914,54.25,123.05944586591,61.9811666181521,28.632679496841067
FRA,2020,2647926055110.05,9.24566710385932,39169.8606000707,68.8709411621094,53.66,123.45949371481,61.8134010588151,28.60479782880602
FRA,2021,2966433692008.09,9.09582515832787,43725.0999521245,69.9397888183594,55.0,123.90091077276,61.7040398746753,28.71838157013104
GBR,2011,2663805834828.07,9.32941976073476,42109.6418795749,59.3426704406738,55.96,261.475674781962,65.6678825334919,28.610776981126165
GBR,2012,2707089726614.64,9.34630320677592,42497.3404974322,59.1499404907227,61.2,263.300190137643,65.2614604980162,28.62689527215644
GBR,2013,2784853502534.29,9.59367584672618,43426.2981405143,56.7628898620605,61.25,265.069536642831,64.8698524669935,28.655216385602625
GBR,2014,3064708247921.43,9.41066751713007,47439.6165895125,56.4879112243652,62.37,267.028884388046,64.5811849432514,28.75097349250591
GBR,2015,2927911140916.73,9.29473281602295,44964.3911437292,56.3971290588379,62.42,269.153139337825,64.349417600625,28.705310363519537
GBR,2016,2689106566899.61,9.1098062154651,40985.2351382417,58.019100189209,61.93,271.200731616583,64.1335648731091,28.620230123110407
GBR,2017,2680148052335.3,9.05419590661528,40572.1214823783,59.5547981262207,60.89,273.049472988054,63.9059468954247,28.616893152334146
GBR,2018,2871340347581.79,8.95235988968101,43203.8141057739,61.0918807983398,60.13,274.708981936924,63.6924638374832,28.685800056743492
GBR,2019,2851407164907.81,8.79681958314551,42662.5353740311,65.5249404907227,61.3,276.263080229819,63.5198822523142,28.678833730431514
GBR,2020,2696778386607.65,8.99725503283597,40201.6812422928,69.5303802490234,59.78,277.27538544207,63.4278786786019,28.6230789863754
GBR,2021,3143323050707.26,8.64632011901637,46896.8662432834,77.0768814086914,59.8,277.048286694498,63.4465589396069,28.776301652651437
GEO,2011,15475290469.2869,9.45154105521284,4119.66818307193,34.3632888793945,31.87,65.7203016200707,67.7397638084288,23.46251042556947
GEO,2012,16894392033.2256,9.54490769616805,4530.69533409431,32.4973793029785,34.3,65.238006928164,67.6326862206997,23.550247571453387
GEO,2013,17517660143.6859,9.22261068021141,4712.00229382665,39.4706687927246,35.56,65.0419538822212,67.3865651560398,23.586475360093015
GEO,2014,17966015109.3043,9.21055324380556,4830.33486170249,45.7736511230469,34.53,65.0725007872914,66.9676005173329,23.611747760747413
GEO,2015,15223796148.8396,9.23868791246961,4086.6223465965,51.1823806762695,33.83,65.1750586094685,66.4359840145481,23.44612557673235
GEO,2016,15444548901.9637,7.78368506004979,4143.40125686315,57.3850593566895,33.86,65.2140557752196,65.8971898365452,23.46052195615451
GEO,2017,16473125375.0684,8.77075350749879,4418.75206546679,62.7497596740723,34.39,65.2227859617201,65.3998342675011,23.52499612482556
GEO,2018,17902544880.6471,9.05712081808966,4804.0546040444,66.0417785644531,35.05,65.197330207495,64.9358595812196,23.608208711790816
GEO,2019,17638337116.9126,8.82563487913767,4741.2832715876,69.0164108276367,36.98,65.0855698239966,64.4923615039024,23.593340615332853
GEO,2020,16010869215.68,9.42818092349716,4300.85701291207,71.3107528686523,31.78,65.1302704783232,64.1121823294811,23.496533654528744
GEO,2021,18853115588.8106,9.91604571503854,5083.60695484577,76.8213119506836,32.4,64.8834808775675,63.8378060056736,23.65994402040869
GHA,2011,39336668080.559,6.42376585885943,1507.43573198753,11.156060218811,32.48,114.683519381208,57.6207445631147,24.395422950859327
GHA,2012,41271701060.954,5.66058649920669,1543.77524235764,11.4314603805542,29.6,117.492607893118,57.706675235943,24.443442897718363
GHA,2013,62824629066.0408,11.5885474629749,2294.025645187,11.763578414917,30.6,120.357708534763,57.7912847870327,24.863613016117345
GHA,2014,54783319817.3705,11.0199488260173,1953.64513603117,15.2124500274658,30.26,123.238076821658,57.8927979928387,24.726651601671808
GHA,2015,49406010054.2663,11.0982995618487,1721.69964380717,15.726619720459,28.04,126.114388678914,58.0343822372177,24.623337914757723
GHA,2016,56164929304.8754,10.8204245904679,1913.18673253576,14.2144002914429,26.66,129.017939702909,58.2304936670168,24.751558365334894
GHA,2018,67298914624.3723,10.1201333350505,2196.61290615342,16.0154399871826,24.52,134.647029093786,58.7468098211202,24.932409946043155
GHA,2019,68337969247.7067,10.1612187308728,2186.18924111824,17.4338893890381,25.27,137.382028101418,59.0123019186988,24.947731367764867
GHA,2020,70043099675.68,10.9530558483938,2196.54789313621,18.6487197875977,22.28,140.147712389575,59.306835725214,24.972376599176922
GHA,2021,79524421861.2743,10.8854255442819,2445.50081810782,19.1863193511963,22.3,142.918455784436,59.6173505277661,25.099330004656096
GIN,2013,8376613539.28278,10.8007785486665,748.455020824734,10.4762001037598,25.7,45.5472611102067,52.6752447959336,22.848709557507615
GIN,2014,8778473372.82124,11.0824935422383,765.146999389279,10.891300201416,20.25,46.6910467198437,52.9287869421954,22.895568353942444
GIN,2015,8794201742.84609,12.1187356683819,747.356966759448,8.70392799377441,18.49,47.8881246947745,53.1930038658731,22.897358448406877
GIN,2016,8595955222.49719,10.9266759656277,711.996509782316,8.63794803619385,17.24,49.1332817841446,53.440739400134,22.874557606603894
GIN,2017,10324668271.1362,10.021586832517,833.598621691121,8.52771759033203,17.41,50.4055795214065,53.6638744858065,23.057801846573852
GIN,2018,11857030366.7891,12.0732499471316,933.273615633705,7.59974813461304,20.71,51.7042731564382,53.8882234347498,23.196186808504425
GIN,2019,13442861496.4454,10.4003589799348,1031.34146480732,6.84396314620972,19.5,53.0455233599219,54.1370890415215,23.32171405834123
GIN,2020,14088693742.9464,9.56625663157385,1053.66097696415,5.77144193649292,17.32,54.4163397362852,54.4109522695187,23.36863845046469
GIN,2021,17069115737.8259,11.4227929712381,1244.96550477914,6.7185697555542,16.7,55.7973018069347,54.6990546597345,23.560536570291823
GMB,2012,1415004738.26621,5.74815979853717,692.579361628102,2.66229009628296,23.3,201.886758893281,53.2544138315678,21.070398716634035
GMB,2013,1375609453.43746,5.61120256265393,653.862713272743,2.66229009628296,26.39,207.887351778656,53.4267554797358,21.042162708727226
GMB,2014,1229461721.40861,6.51178104456846,568.00453558864,2.66229009628296,29.03,213.886166007905,53.6241388422788,20.929842285673978
GMB,2015,1378176608.93204,6.34925434673243,619.536364296461,2.66229009628296,27.49,219.815118577075,53.834249856936,21.04402716455647
GRC,2011,283228079776.041,8.14872583676611,25504.7866510124,105.812690734863,34.18,86.1512723041117,65.8451124997845,26.369518345602323
GRC,2012,238841140018.233,8.13642389483796,21624.346052551,110.122978210449,35.3,85.6866640806827,65.4403133152416,26.19906448175999
GRC,2013,236556279640.705,7.78048722385766,21573.3449762805,112.705833435059,37.71,85.067579519007,65.0482485111407,26.18945198545077
GRC,2014,233911581521.062,7.79323131183445,21474.7257123892,119.104209899902,38.95,84.5028161365399,64.7156591244612,26.178209024150664
GRC,2015,194567373678.099,8.2939794133625,17980.7298238137,129.36947174072262,40.28,83.947889837083,64.4361225877416,25.994044334256152
GRC,2016,193097239005.87,8.1077472947053,17919.2426377048,131.403213500977,39.75,83.5994647013189,64.1636112798065,25.986459728018016
GRC,2017,200381103984.298,8.01771265830777,18631.9930129293,135.333923339844,38.85,83.4342823894492,63.9236489103791,26.02348691021588
GRC,2018,213298873494.394,8.18182062799694,19873.4015238771,140.950317382812,38.93,83.2651823118697,63.7348406022322,26.085960181089536
GRC,2019,207305649887.019,7.83958999296986,19335.3602002969,143.96272277832,38.9,83.1775174553918,63.5769463955355,26.057460110657452
GRC,2020,191362985554.861,8.42728042228222,17886.733165236,143.693344116211,36.79,82.999216446858,63.4362736718399,25.977437909357775
GRC,2021,218303801895.326,8.66558957724326,20654.7001960815,150.605484008789,36.3,81.9953995345229,63.1383476119661,26.10915351627061
GTM,2011,46876006272.2387,18.9568997751997,3168.98370607705,16.486270904541,29.33,138.037756625607,57.388835025771,24.570771788147663
GTM,2012,49593929487.1263,19.4267259519628,3286.61959336267,16.934289932251,28.4,140.814175065323,57.9383453416222,24.627134273814647
GTM,2013,52996446269.442,14.4164226540723,3444.15971843874,19.6571807861328,31.46,143.59217058604,58.4664825867373,24.693490696730517
GTM,2014,57852153058.502,14.0766487906713,3689.14472473545,18.3490905761719,30.75,146.339352370287,58.9667208167469,24.78115650784516
GTM,2015,62186064718.7424,14.326328695069,3893.50521848131,22.0697193145752,28.84,149.045754012691,59.4359269367157,24.85339677169926
GTM,2016,66053403469.0024,14.190600806824,4060.13755621218,16.1237926483154,27.3,151.817469204927,59.8961168521756,24.91372939526247
GTM,2017,71653754066.2763,14.1404419045845,4324.99607911366,17.1044540405273,27.9,154.603928704741,60.3424312037219,24.995111384352953
GTM,2018,73328365862.4329,13.9542763714142,4352.94651790253,17.5163669586182,25.51,157.201241134752,60.7606992532509,25.018213354096773
GTM,2019,77172317258.6478,13.8112907260869,4511.99755157656,22.6505107879639,25.07,159.609957073535,61.1806848214015,25.069306644937722
GTM,2020,77719464220.73,14.1081589463862,4477.61761796418,18.6944980621338,22.35,161.97578387458,61.6502064214905,25.07637156772023
GTM,2021,86478835636.3813,13.9283829228936,4913.94712869347,18.55861740112305,24.1,164.227790220231,62.1568682212309,25.183165546222586
GUY,2011,3691384317.52178,6.01840110369443,4947.22170589917,11.1490097045898,34.83,3.79046482092964,63.6643557018467,22.029267378446196
GUY,2012,4063088535.76331,6.01570949241623,5444.39751913913,11.6349601745605,33.7,3.79115062230124,64.0113709376468,22.12520924445131
GUY,2013,4167800928.83553,6.3459503155219,5556.91231156932,11.39198493957515,34.36,3.8101143002286,64.2139591998363,22.150654378461148
GUY,2014,4127660151.8087,6.04622180080549,5472.68820452237,11.39198493957515,32.48,3.83149098298197,64.3505487060296,22.14097653417085
GUY,2015,4279840193.7046,5.9391007109179,5640.41560569466,11.39198493957515,30.75,3.85461518923038,64.4153583181445,22.177181507923553
HKG,2011,248513617677.287,1.58072403757179,35142.4879344543,60.2208404541016,58.8,6734.85714285714,74.6727743972587,26.23876348048784
HKG,2012,262628865879.697,1.5021656221052,36730.796195815,60.9527893066406,58.7,6809.61904761905,74.4871693212986,26.29400771615439
HKG,2013,275696879834.966,1.41027589609527,38403.7777145477,68.0859069824219,59.43,6837.04761904762,74.0951580564497,26.34256783766499
HKG,2014,291459995978.893,1.2338468277725,40315.3739510191,69.6881790161133,56.82,6885.2380952381,73.6094696625815,26.398168598255534
HKG,2015,309385622601.348,1.11396500825592,42432.1619740441,68.7008666992188,57.23,6944.09523809524,73.0763745892758,26.457854305361035
HKG,2016,320860317562.562,1.07781344078812,43734.1980702999,70.3316421508789,55.69,6987.2380952381,72.5100177044859,26.494271717591978
HKG,2017,341273289534.466,1.02642830098086,46160.429791493,72.9228515625,53.88,7041.14285714286,71.8759568222049,26.555949428836858
HKG,2018,361731070995.726,0.972374903409678,48537.5668888343,78.2463226318359,54.62,7097.71428571429,71.2239751252594,26.614166874885004
HKG,2019,363074545072.389,1.03218885477863,48359.0011950597,83.8542098999023,55.54,7150.38095238095,70.5644998078365,26.61787400845427
HKG,2020,344943149590.058,0.953922818394398,46109.2299946609,89.9478988647461,54.24,7124.7619047619,69.8975753165571,26.566645456602497
HKG,2021,368954169748.818,0.912665495804877,49770.5642374739,97.3813323974609,53.7,7060.09523809524,69.1624998338255,26.633938272050614
HND,2011,17710275685.4074,17.1943940174517,2073.66121088074,22.01495628356935,27.81,76.3301724908392,59.4687095717002,23.59741085527202
HND,2012,18528554397.5695,17.6861395577953,2126.03474686503,18.8540897369385,26.3,77.8896773616945,60.0397368858438,23.64257886003795
HND,2013,18499729214.904,17.2942592461772,2081.12843527945,19.3874206542969,28.8,79.4465814639378,60.592472222855,23.641021931891352
HND,2014,19756533971.8698,17.2545874850923,2179.88171977271,19.6584796905518,26.73,81.0002859951738,61.1323415301956,23.706750107598758
HND,2015,20979791685.416,17.5431120239302,2271.20265980349,20.2654304504395,27.48,82.5570202877826,61.6653017303207,23.76682551066679
HND,2016,21717604952.1835,17.1467725059127,2307.34468351082,20.9513092041016,26.94,84.121726695862,62.1810795994212,23.80138905669556
HND,2017,23136247990.5977,17.1266629002784,2413.0076562942,24.4584407806396,26.36,85.6925283760837,62.6597879577538,23.864666401684374
HND,2018,24067750760.499,16.8927082911441,2464.64241531918,26.2141990661621,24.95,87.2750916078291,63.0886349044908,23.904138638612665
HND,2019,24882225741.8119,16.5344925692041,2502.32744328073,25.126579284668,25.48,88.8697202609706,63.4708932102134,23.937419559892206
HND,2020,23352232483.755,16.2334694093705,2307.61494319511,22.7773380279541,22.95,90.4427562784878,63.825483721482,23.873958426073667
HND,2021,28144331506.6149,16.2151646162406,2735.14751503977,22.4562759399414,22.8,91.9642237912235,64.1540644341067,24.060611803816773
HRV,2011,62903737379.7834,13.6597627676113,14694.9993201417,59.3388595581055,37.98,76.4888499749839,66.9100271349628,24.864871416690235
HRV,2012,57551963753.2104,13.514937862597,13508.6836989693,62.0256614685059,40.7,76.1269387463369,66.8433180453821,24.7759540940901
HRV,2013,59852401272.3204,12.6084454384279,14136.3967669505,66.7111129760742,41.95,75.6543849617611,66.7137862494026,24.81514738965466
HRV,2014,59612144078.4133,12.7311178157245,14187.9694531493,68.6392517089844,40.75,75.0767993710242,66.4871658325589,24.811125149966447
HRV,2015,51005200669.6941,12.7361539594217,12285.3032582105,68.4413986206055,41.7,74.1856371953399,66.146261641978,24.65519343838732
HRV,2016,52654855638.1057,12.874923346888,12821.1738140304,69.5889511108398,38.29,73.3840861982703,65.7635720154282,24.687024296119258
HRV,2017,56186190437.9959,12.7593550106164,13902.6310485422,71.3775863647461,39.8,72.2144056893717,65.2937585801138,24.75193684190768
HRV,2018,61668130122.5878,12.2987948004737,15460.4183295843,72.8625411987305,40.73,71.2739439639768,64.7650804945653,24.845033104792673
HRV,2019,61467582193.6824,11.9940431374938,15563.8167397199,74.0501174926758,37.82,70.5701879779859,64.2827891136582,24.841775753981015
HRV,2020,57963370885.0798,12.1555164335867,14808.4620188819,74.738037109375,37.27,69.946497498213,63.8820518579105,24.783077111525536
HRV,2021,69006802298.6956,11.6570943256848,17789.9304736722,78.0067901611328,37.3,69.3170300214439,63.519292362808,24.95747092072365
HUN,2011,141942264554.475,18.4377347949251,14234.471576937,59.9984893798828,48.12,110.148315475533,68.7322393565328,25.678686224223963
HUN,2012,128814279315.132,18.4725080648162,12984.8365730133,60.6758003234863,46.5,109.580934496852,68.5314900042081,25.5816375087196
HUN,2013,135684315697.713,18.7141313676444,13715.0703590361,57.2066802978516,46.93,109.27959792334,68.2352317213276,25.633596816397713
HUN,2014,141033843265.669,19.438228788326,14294.2584180751,52.8164901733398,44.61,108.113828621521,67.8503265083229,25.6722657216844
HUN,2015,125174166987.372,20.215286547804,12717.038597002,50.0656509399414,43.0,107.85698005698,67.4528577545496,25.55297194035595
HUN,2016,128609822750.039,19.605726746561,13104.6995457458,49.47705078125,44.71,107.539151873767,67.0502119558858,25.580049028026107
HUN,2017,143112196040.326,19.1264888029734,14621.2395956755,49.910270690918,41.74,107.253626999781,66.6846693017279,25.686894747272877
HUN,2018,160565642983.587,18.5033366208224,16425.2050299693,50.8998908996582,44.94,107.117729563883,66.3242430335959,25.801968686454586
HUN,2019,164020460331.659,17.4329538120912,16786.2136399075,52.3610382080078,44.51,107.069263642341,65.8474599647003,25.823257015108833
HUN,2020,157288955508.176,17.3085871465959,16131.9540355923,54.6020393371582,41.53,106.839239535393,65.3516634491369,25.781350431628727
HUN,2021,182109999477.691,16.7329079767572,18755.1023464312,56.5250091552734,42.7,106.398104317335,65.0297164165967,25.927876734186043
IDN,2011,892969104529.572,21.7608545038476,3579.46442452684,25.4599514007568,27.78,132.872174396105,66.3459439088059,27.51781781983311
IDN,2012,917869913364.917,21.4509550553875,3632.272540431,29.5658359527588,28.1,134.591727167608,66.4915446182363,27.54532151095141
IDN,2013,912524136718.018,21.0286886817218,3566.60284506078,30.4385662078857,31.95,136.271572751061,66.6471548360078,27.53948037325106
IDN,2014,890814755511.014,21.0751760505565,3441.06808455308,30.5253391265869,31.81,137.882705314833,66.8074162395304,27.515402336529004
IDN,2015,860854232717.718,20.9857874310206,3288.22269737572,33.0326499938965,29.79,139.438934572699,66.9524898064165,27.48119102706186
IDN,2016,931877364034.196,20.5229746805052,3521.46943456251,35.4757537841797,29.07,140.945267664402,67.077798038297,27.56046705931982
IDN,2017,1015618744168.08,20.1600223614347,3798.88326177649,36.633861541748,30.1,142.393583234045,67.1982866155746,27.64651914285719
IDN,2018,1042271532953.49,19.8631933835963,3860.95353077708,36.7954559326172,29.8,143.781152680745,67.3141002204628,27.672423613559616
IDN,2019,1119099871385.79,19.7035390875513,4106.94856173421,37.925968170166,29.72,145.132688936836,67.4223673692444,27.743545791843918
IDN,2020,1059054842711.55,19.8664218856304,3853.70288778903,38.6503868103027,26.49,146.371283592869,67.5576712934403,27.688397968469936
IDN,2021,1186509691070.97,19.2434077817738,4287.17313989405,41.0022087097168,27.1,146.235107708626,67.7378359790672,27.802037080568873
IND,2011,1823051829894.55,16.1393374446289,1445.46127486037,23.8253688812256,34.52,424.199245255096,64.1076284698584,28.231533042320507
IND,2012,1827637590410.41,15.8169230071066,1429.32199520032,24.9402103424072,35.7,430.068210238834,64.4911322144707,28.234045314606547
IND,2013,1856721507621.58,15.253022692586,1432.84397512195,24.3906383514404,36.17,435.838110245225,64.8769968339134,28.249833418082037
IND,2014,2039126479154.52,15.0655701107589,1553.88396075118,25.991325378418,33.7,441.370107863944,65.2562148871274,28.343542635589493
IND,2015,2103588360044.94,15.5838545863713,1583.99815907985,27.2845668792725,31.74,446.666542669658,65.6177857140772,28.37466574529629
IND,2016,2294796885663.16,15.1622371332529,1707.50892912243,27.3043575286865,33.61,452.020992940243,65.9731160836743,28.46166545254542
IND,2017,2651474262755.45,15.0182387501718,1950.10468280866,27.9090518951416,35.47,457.30592394028,66.3274225183491,28.606136926803075
IND,2018,2702929641648.74,14.8815306673017,1966.25455171679,28.5316867828369,35.18,462.351569862673,66.6529850197096,28.625357353157383
IND,2019,2835606256558.19,13.4558075633394,2041.42863698585,29.0233592987061,36.58,467.185182245332,66.944203338595,28.673276877356702
IND,2020,2674851578587.27,14.1204853576923,1907.04251637669,29.8196392059326,35.59,471.755150192218,67.2377729174314,28.614915010096915
IND,2021,3167270623260.47,14.3770288531286,2239.61384367482,31.5741767883301,36.4,475.652042419085,67.5490478920304,28.783891330816473
IRL,2011,241337364609.738,20.5666933538867,52692.7813135606,67.7985916137695,54.1,66.4840179997097,66.9266273655847,26.2094616447085
IRL,2012,227270922957.327,19.5753517920768,49411.7387476787,68.1972503662109,58.7,66.7663376397155,66.4288763887645,26.149408635985058
IRL,2013,243301556084.989,19.0465456269223,52619.2123745817,71.6995468139648,57.91,67.1188271156917,66.0510609746196,26.217567482461384
IRL,2014,266787238499.03,19.5645553716209,57278.2590911107,73.813232421875,56.67,67.6112643344462,65.7693782746418,26.309717318131124
IRL,2015,302391428540.035,34.8578555737466,64311.8234684057,77.2321472167969,59.13,68.2531136594571,65.5717708523171,26.434988136075052
IRL,2016,305733136180.907,32.5945579382312,64292.659966313,77.5571365356445,59.03,69.027943097692,65.4546867857241,26.445978454410906
IRL,2017,348532394023.595,32.14300810415,72499.3268743015,77.7806167602539,58.13,69.7835389751778,65.3844318826392,26.57699701554909
IRL,2018,395461216460.418,32.8064047541631,81248.3135388,77.2828826904297,57.19,70.6534475250399,65.3471982002052,26.70331855729874
IRL,2019,407124824064.995,31.9371283375674,82508.4659883582,75.1799392700195,56.1,71.6263608651473,65.3435974647567,26.732385668402696
IRL,2020,436555518400.451,33.8161599902465,87567.1148972037,74.6803131103516,53.05,72.3672811728843,65.3365964179592,26.802181394058966
IRL,2021,531306516907.984,34.576136917272,105561.137468992,78.7776031494141,50.7,73.0608796632312,65.3403436125284,26.998604936294548
IRN,2011,629082257472.368,13.7921914678481,8025.68743364356,48.5700302124023,28.41,48.1247071391734,71.3834100127465,27.167527860092363
IRN,2012,644019315003.54,16.3771989024111,8114.08099831877,54.0766487121582,27.3,48.7306785530097,71.2923376098067,27.19099455484253
IRN,2013,500399839839.877,15.7296956213052,6222.74194840326,56.620189666748,27.3,49.3717220462192,71.1183425569699,26.93867329547492
IRN,2014,462284793280.825,15.5847556165887,5672.06372896319,64.9739227294922,26.14,50.0393213241976,70.8169422569891,26.859446973782507
IRN,2015,409191686496.677,13.4507444091979,4952.73355532178,72.1212768554688,28.37,50.7253137356025,70.4023483018424,26.737449554338216
IRN,2016,459042684192.698,12.9449949759878,5477.03712389913,69.1833267211914,30.52,51.4576905130283,69.9822148863528,26.852409036567167
IRN,2017,489168731811.147,13.75240253733,5753.11544659399,68.1274108886719,32.09,52.4047790446841,69.6037014420191,26.91597332173208
IRN,2018,398880231367.268,15.6371173490641,4631.78709016514,62.7104721069336,33.44,53.0773485362096,69.281644819472,26.71192703676378
IRN,2019,333519146339.191,18.0455961757143,3831.27894763337,59.9513702392578,34.43,53.6527876733436,69.0709368826133,26.532966110966598
IRN,2020,262186179355.944,21.1394869566356,2988.78122414716,57.3403282165527,30.89,54.0668369799692,68.9964842123217,26.29232069657382
IRN,2021,383436202446.695,21.215094973435,4334.79268631354,55.7980690002441,32.9,54.518020338983,69.0444241800148,26.672439087843816
ISL,2011,15221622925.9319,13.2112211664093,47714.5922308485,79.9194183349609,55.1,3.18218453865337,66.7158618398995,23.445982814834014
ISL,2012,14751508133.5443,11.6563146361717,45995.5478789467,79.5824813842773,55.7,3.19916209476309,66.5237088210497,23.414611160847425
ISL,2013,16125060515.3117,11.6086029118481,49804.9829978371,78.3723907470703,56.4,3.22956608478803,66.3391846810061,23.50364045250875
ISL,2014,17867662177.8911,11.3993450164608,54576.7448146565,80.3950881958008,54.05,3.2656957605985,66.1933513988016,23.60625833371463
ISL,2015,17517210519.0912,10.7328454256169,52951.6815110898,75.6419982910156,57.02,3.29990024937656,66.1278163114535,23.586449692831444
ISL,2016,20793168030.9524,9.27725793391613,61987.9263620283,74.7006301879883,55.99,3.34602493765586,66.1907152978409,23.757890309648502
ISL,2017,24728285177.4603,8.86785680948039,72010.1490316258,71.3372497558594,55.76,3.42543640897756,66.4230208874586,23.93121357428253
ISL,2018,26260850582.0687,8.51658805690473,74452.1890731447,69.3402328491211,51.24,3.49817514628583,66.7002499617406,23.99134509608357
ISL,2019,24681343649.2952,8.48556916104706,68452.23622306,70.6093521118164,51.53,3.5759496181692,66.8280660217161,23.929313477341804
ISL,2020,21629953194.0659,8.90023186550916,59023.5663465778,74.5906066894531,49.23,3.63446394922146,66.7078998619802,23.79734491297311
ISL,2021,25825287184.3818,9.79680948092188,69325.9078287926,86.5232086181641,51.8,3.69453535654071,66.5075333395055,23.974619972292288
ISR,2011,267406179630.431,13.5938533743356,34433.822610733,61.9456214904785,54.03,358.863216266174,61.8620075096816,26.312034611408667
ISR,2012,262917911696.944,13.7684053065009,33236.5731239421,63.5912704467773,56.0,365.549907578558,61.5194273809556,26.295107697578402
ISR,2013,297634145181.876,12.9905506168938,36929.6042163752,62.0624198913574,55.98,372.435304990758,61.2196796672353,26.419130868477925
ISR,2014,314090281098.682,12.5081607110865,38230.4954049785,62.1056289672852,55.46,379.653419593346,60.9836373216309,26.47294630095143
ISR,2015,302722655203.465,12.9187992083921,36123.9907881129,60.8227882385254,53.54,387.250462107209,60.7391726852478,26.436082893924553
ISR,2016,320958936788.842,12.0688595259059,37556.6272863143,60.4474411010742,52.28,394.916820702403,60.4867682488154,26.494579029117418
ISR,2017,357227098125.658,11.4749553334116,40997.9110240274,59.0658683776855,53.88,402.647874306839,60.2586178699757,26.601637545685158
ISR,2018,375149611117.199,11.6684022378871,42233.2610344935,57.3934288024902,56.79,410.480591497227,60.0955585952237,26.650590746331453
ISR,2019,399651065197.871,11.6066045664421,44140.8289372511,55.9445381164551,57.43,418.391866913124,59.9900386648577,26.713857666341724
ISR,2020,411728563086.632,12.160055406449,44679.7715799755,56.4272193908691,53.55,425.836414048059,59.9126673678488,26.743630141714128
ISR,2021,489708278893.053,10.8810440353036,52255.6159050999,58.9942817687988,53.4,433.059149722736,59.8583662424971,26.917075701562528
ITA,2011,2306974020278.21,14.1319079197052,38851.3881339353,64.2492523193359,40.69,200.797546987333,65.3052108613489,28.466957833798936
ITA,2012,2097929495121.68,13.7582342074538,35235.7989058242,62.3447418212891,44.5,201.339509262203,65.0318565461314,28.371972019580905
ITA,2013,2153225581941.46,13.7593478951288,35747.707952689,60.8925285339355,47.85,203.687120838096,64.7515846412995,28.397988104456868
ITA,2014,2173255507985.84,13.8362218969996,35750.7197500382,60.8831481933594,45.65,205.564558126323,64.4745737605598,28.407247393348865
ITA,2015,1845428048839.1,14.2623447666015,30387.1293187854,60.941291809082,46.4,205.366538391305,64.264608211041,28.24373237130293
ITA,2016,1887111188176.93,14.6638600182643,31126.3246947273,61.3571014404297,47.17,205.017949533001,64.1355493804101,28.26606830383127
ITA,2017,1970720904584.71,14.8167748451842,32554.14668453,62.69580078125,46.96,204.710937447163,64.0491957667784,28.309420533151776
ITA,2018,2099435266458.67,14.9480712750382,34746.3441392416,64.4753265380859,46.32,204.322225904409,63.976292081862,28.372689503758295
ITA,2019,2019606796583.53,14.8032822287955,33812.788724868,65.6895065307617,46.3,201.980545589195,63.8719351973526,28.33392395323722
ITA,2020,1907481094079.23,14.477256120151,32091.4866621366,68.7231063842773,45.74,200.999100491348,63.7947913907968,28.276804688695083
ITA,2021,2179207773596.09,15.365300568128,36852.5425414951,71.2745208740234,45.7,199.965416259464,63.7233470647178,28.409982520074063
JAM,2011,14444661522.1463,7.88642236411322,5232.63644918132,24.957540512085,28.88,254.893259464451,67.7406231892957,23.39359073840913
JAM,2012,14807086555.5283,8.0855260454477,5340.83333232158,27.4642906188965,30.2,255.995383194829,68.4009695465711,23.418371724437613
JAM,2013,14264205152.6126,8.16879594664045,5124.21301411137,25.8244800567627,32.89,257.034810710988,69.0354914183958,23.381019099948173
JAM,2014,13899217721.6818,8.1287214565378,4975.11326954633,26.1648554801941,32.41,257.963896583564,69.6493851093996,23.355098396483637
JAM,2015,14188936958.4343,7.95709044591207,5062.89556466908,26.4131107330322,29.95,258.775069252078,70.1916016005515,23.375728410473084
JAM,2016,14077096714.1279,7.67466886241997,5009.79450059092,26.1648554801941,28.97,259.456602031394,70.6496459857327,23.367814967133626
JAM,2017,14808985171.3441,7.70702233479769,5259.31334136812,26.1648554801941,30.36,259.996675900277,71.0921922242404,23.418499939673982
JAM,2018,15730792835.5811,7.67324815723361,5578.10346083169,26.1648554801941,30.39,260.39676823638,71.5255766866216,23.478885955516994
JAM,2019,15830766570.7266,7.73845935881404,5607.24300668501,26.1648554801941,30.8,260.689843028624,71.9239669163888,23.485221134854907
JAM,2020,13812421803.4084,7.95270594551504,4879.44024631319,26.1648554801941,29.1,261.379409048938,72.2937367238732,23.34883415491666
JAM,2021,14657586127.0331,8.19733248153237,5165.33780988607,26.1648554801941,29.6,262.020498614958,72.640076062095,23.408223862755573
JOR,2011,29524149154.9296,19.3084740432038,3946.85503855525,37.4216384887695,38.43,84.2579860328903,60.969879514851,24.10847438083067
JOR,2012,31634561690.1408,18.7888725091493,4169.50470054618,43.9161491394043,37.1,85.4598670871818,61.3507351761256,24.17751608423008
JOR,2013,34454440140.8451,19.2766712440525,4311.21916713038,33.67277272542319,37.3,90.0181234512278,61.6110695338189,24.262903712627633
JOR,2014,36847643521.1268,18.8479383295667,4191.18050084986,33.67277272542319,36.21,99.0280468574003,61.7054155729991,24.330057505670705
JOR,2015,38587017887.3239,18.3616206146717,4042.75678097555,36.6284294128418,33.78,107.509900878576,61.8721966857309,24.376181732684948
JOR,2016,39892551126.7606,18.0055030429575,3986.71677010853,34.0612602233887,30.04,112.70969813021,62.1278912780178,24.409455454861387
JOR,2017,41608435915.493,17.998121961285,4065.61628749384,28.6210594177246,30.52,115.276255913494,62.36793578723,24.45156877008536
JOR,2018,43370860704.2254,17.6895403755395,4145.43989673265,31.5562992095947,30.77,117.84530299617,62.6409082280713,24.493053640209524
JOR,2019,44503006338.0282,17.5673271891158,4170.1144003465,30.11083984375,29.61,120.187073450909,62.9404777962745,24.518822581994595
JOR,2020,43700383098.5916,17.1472019841126,4022.0401356135,30.2879695892334,27.79,122.364439038674,63.259407131604,24.50062270556769
JOR,2021,46296100140.8451,16.9034351571687,4183.49998326866,30.4513092041016,28.3,124.629547041467,63.6021604582394,24.558323564271706
JPN,2011,6233147172341.35,19.5355543051759,48760.0789494211,62.591288248697914,50.32,350.707818930041,63.0577639232849,29.460902485275216
JPN,2012,6272362996105.03,19.6667084270194,49145.2804308193,62.591288248697914,51.7,350.148148148148,62.2912286364192,29.467174272956424
JPN,2013,5212328181166.18,19.3290316543759,40898.6478964744,62.8381881713867,52.23,349.643347050754,61.4978527996995,29.282047739664364
JPN,2014,4896994405353.29,19.5936092334203,38475.3952461838,62.7269897460938,52.41,349.179698216735,60.8030853939639,29.219642746183972
JPN,2015,4444930651964.18,20.4624703758492,34960.6393843385,62.4726600646973,53.97,348.809327846365,60.2326202870854,29.122785383414826
JPN,2016,5003677627544.24,20.2880385682684,39375.4731620781,63.1872291564941,54.52,348.631001371742,59.7647226208824,29.241194283505177
JPN,2017,4930837369151.42,20.4359460686022,38834.0529341227,62.4629783630371,54.72,348.345679012346,59.4143459524436,29.226529941314823
JPN,2018,5040880939324.86,20.621683951335,39751.1330982711,62.2089385986328,54.95,347.903978052126,59.1635617451289,29.248601972286494
JPN,2019,5117993853016.51,20.2241827905106,40415.9567649547,62.1184997558594,54.68,347.415637860082,59.0046702146202,29.26378365261355
JPN,2020,5055587093501.59,20.0524927187101,40040.7655055923,62.1358413696289,52.7,346.395061728395,58.861072796091,29.251515102804817
JPN,2021,5034620784584.98,20.8554948736037,40058.5373276179,63.1702690124512,54.5,344.80546776406,58.7347384818338,29.24735932339079
KAZ,2011,192626464617.071,11.0865742214899,11287.1464926039,50.9489822387695,30.32,6.32144386413305,67.8924077269999,25.98401873402084
KAZ,2012,207998568865.789,11.0807990431371,12018.7966527993,52.7025604248047,31.9,6.4103811534615,67.4460649900099,26.06079703617112
KAZ,2013,236634603409.089,10.6349738343331,13478.459627612,53.467830657959,32.73,6.50313071822795,66.8757705834568,26.18978303058247
KAZ,2014,221415613595.469,10.3182436278483,12427.7094576939,51.7116203308105,32.75,6.5993573360003,66.2340633863906,26.123307376845805
KAZ,2015,184388404706.042,10.2754093827734,10196.1226255982,49.0316352844238,31.25,6.69858465755454,65.5648456945962,25.940310264888122
KAZ,2016,137278320084.171,11.3301396708405,7475.56688689424,46.8150215148926,31.51,6.80208912101345,64.9216266124732,25.645276235462084
KAZ,2017,166805788827.233,11.2801569362864,8943.08416791984,51.0654792785645,31.5,6.90889024706449,64.3439384372589,25.840096031468086
KAZ,2018,179339977690.485,11.4286227484553,9472.48527327758,53.5158615112305,31.42,7.01290032225803,63.8881462741249,25.91254915807243
KAZ,2019,181667184854.501,11.466364067234,9457.12614657136,59.5819778442383,31.03,7.11544060451161,63.5059401428091,25.925442195347575
KAZ,2020,171082365861.423,13.0725321801007,8781.50797787648,64.8498611450195,28.56,7.21640071119013,63.1406766523371,25.86541094918672
KAZ,2021,197112255360.612,13.6087547428034,9983.60103576902,61.2268028259277,28.6,7.31325813979331,62.7412281334871,26.0070392275618
KEN,2011,46869473150.61,12.0477672867887,1096.14499807675,10.8641676902771,29.15,75.1281951716625,54.4379122999773,24.570632408165192
KEN,2012,56396704671.5777,11.0833402731294,1285.00536171512,10.8641676902771,28.9,77.1133692940226,54.6416536087075,24.755676565934547
KEN,2013,61671440407.8387,10.9090166252394,1370.87885214659,10.8641676902771,30.28,79.043453280388,54.906817591266,24.845086782379475
KEN,2014,68285796514.2896,10.0650334327975,1482.81566253497,10.8641676902771,31.85,80.9140808939804,55.2115563029999,24.946967624565985
KEN,2015,70120446896.8359,9.97517981812866,1489.11959777284,9.3003101348877,30.19,82.7362792985909,55.557898541993,24.973480270293965
KEN,2016,74815144163.8931,9.32149110147083,1554.12610314423,11.7006797790527,30.36,84.5832079980321,55.979618230588,25.038286163518293
KEN,2017,82036510877.2599,8.7391417305051,1667.48447230835,11.8862104415894,30.95,86.4422918789753,56.4460280213336,25.13043023971498
KEN,2018,92202979985.2863,8.40838529183248,1836.45275528993,10.8641676902771,31.07,88.215741293882,56.9033995834156,25.24725828786828
KEN,2019,100378436207.371,7.90461593672111,1960.40808854893,10.5694704055786,31.13,89.9652581087255,57.3842176977434,25.332213242324723
KEN,2020,100657505750.545,7.59983835849882,1927.66459027849,10.8641676902771,26.13,91.7477843764276,57.9266087955257,25.334989559034163
KEN,2021,109703658904.994,7.36330136314107,2061.35622089594,10.8641676902771,27.5,93.508040201005,58.4939282822839,25.421048557408785
KGZ,2011,6197765984.28468,18.2682486850023,1117.40184423062,40.948169708252,29.79,28.9185948905109,65.1866240894015,22.54745473894939
KGZ,2012,6605142884.36215,12.0717438294619,1168.62244675446,43.0413208007812,26.4,29.4685922836288,64.7498586417424,22.61111440744404
KGZ,2013,7335033800.59056,15.7680889222133,1269.66303464348,46.1422462463379,26.98,30.1206986444213,64.2367351156088,22.71592785665488
KGZ,2014,7468102412.68237,13.6761967985545,1264.52679529608,44.0620918273926,27.75,30.791697080292,63.7320257066441,22.733906776067258
KGZ,2015,6678177511.66313,14.0507756985422,1105.65202996955,44.671688079834,27.96,31.4913216892596,63.2310498606937,22.622110959675407
KGZ,2016,6813095379.1187,15.4342608672285,1103.27498361324,43.4013214111328,26.62,32.1967544316997,62.8678023099597,22.642112388217036
KGZ,2017,7702938379.42036,14.9908280435843,1221.39056490366,41.2773246765137,28.01,32.8816240875912,62.7005347701048,22.764867700729273
KGZ,2018,8271106235.41552,14.2644633092231,1283.52040333083,39.9152526855469,27.56,33.5979066736184,62.5187488212999,22.83603410189911
KGZ,2019,9371275264.36735,13.7214242115474,1421.99927504102,41.5565948486328,28.38,34.3598070907195,62.2170191568108,22.96091502472214
KGZ,2020,8270468614.24051,13.1575269592111,1229.51775742135,45.9235610961914,24.51,35.0708837330553,61.9762836597283,22.835957008734628
KGZ,2021,9249133946.26531,11.8062709753271,1349.99730650542,52.5253791809082,24.5,35.7206673618352,61.8818679657153,22.947795756656646
KHM,2011,16032622023.8265,20.5921067908236,1088.98152823081,14.1404304504395,25.46,83.4046227056424,63.2302352630489,23.49789135998758
KHM,2012,17826536699.8016,20.9212544909796,1192.80263041673,14.960827691214416,23.4,84.6651087695445,63.4508648344635,23.603954009898423
KHM,2013,19807135252.8649,21.6035358243074,1305.6600972686,14.960827691214416,28.07,85.9404486743712,63.5353273842827,23.709308076036866
KHM,2014,22041463967.9009,21.7999725120974,1431.56396469993,14.960827691214416,28.66,87.2239519601178,63.5438832095417,23.816191242251193
KHM,2015,24174170369.0738,22.4571002060738,1547.32010444393,14.645770072937,30.35,88.5069737140267,63.5016253499872,23.908550559975033
KHM,2016,26556545153.3573,22.7340356176555,1675.19555711109,14.960827691214416,27.94,89.8074042601405,63.4382071107551,24.00254207603656
KHM,2017,29355665909.7905,23.1551231795313,1826.35391688754,15.0735502243042,27.05,91.0569453886245,63.387132974116,24.10275141091964
KHM,2018,33145892168.8958,23.5663927875165,2036.67377566578,15.7133102416992,26.69,92.1964763199638,63.3798695709733,24.224184629426272
KHM,2019,36685356407.7206,24.6156471977013,2225.87705485686,16.8353996276855,26.59,93.3679129843644,63.4032719741108,24.32564350441806
KHM,2020,34818073901.4851,23.9980719281973,2081.73914242939,14.4409313201904,21.46,94.7511556764106,63.483461320243,24.27340245388873
KHM,2021,36790163687.4421,26.653916852434,2167.40324198499,13.8764019012451,22.8,96.160803308407,63.6239992263601,24.328496355290547
KOR,2011,1253289537500.81,28.2367986111971,25097.595426845,100.819679260254,53.68,513.804280275749,72.8572203956821,27.856792840568307
KOR,2012,1278046536287.01,27.8318955047505,25459.1689000965,98.286979675293,53.9,515.875583187751,73.1085643578894,27.876353884591058
KOR,2013,1370632955321.2,27.7858537381354,27179.5170146052,96.3375015258789,53.31,517.612269825303,73.2416718608572,27.946293760257635
KOR,2014,1484488526271.8,27.0424521550532,29252.9312377352,94.4421691894531,55.27,520.852499230217,73.275082277705,28.0260914021017
KOR,2015,1466038936206.43,26.6060357279078,28737.4391706499,93.9676513671875,56.26,523.525547744882,73.2814791976092,28.01358527852628
KOR,2016,1499679823909.61,26.357765221973,29280.4403170048,93.6577224731445,57.15,525.370072521002,73.2815119171004,28.03627275052594
KOR,2017,1623074183501.9,26.9458726930167,31600.7358741365,93.7230224609375,57.7,526.734806686494,73.1104702951829,28.115343111057783
KOR,2018,1725373496825.43,26.6385086529154,33447.1562836166,93.3281784057617,56.63,528.969011484824,72.8334079576546,28.17646466287362
KOR,2019,1651422932447.77,25.222222874629,31902.4169048194,93.9989166259766,56.55,530.377274590164,72.5261052970989,28.132658415503887
KOR,2020,1644312831906.17,24.7802807011107,31721.2989141857,96.8767700195312,56.11,531.109006147541,72.0631744683847,28.1283436815078
KOR,2021,1818432106880.04,25.4864908324855,35125.5224984723,100.317680358887,59.3,530.425604508197,71.5403701724822,28.22899576599409
KWT,2011,154039231299.128,5.6131394539244,49169.6063983139,55.438489437103264,36.64,175.803254769921,75.6588364871268,25.760473155612736
KWT,2012,174047662555.419,5.96446663818635,52155.2225460479,55.438489437103264,37.2,187.267620650954,75.9889871966797,25.882595021383253
KWT,2013,174168116687.215,5.87984154846124,49651.0439709448,55.438489437103264,40.02,196.848709315376,75.9383803730373,25.883286857559444
KWT,2014,162650450784.686,5.54227900124173,44368.781373043,54.0167083740234,35.19,205.716947250281,75.8466988891271,25.814869261363228
KWT,2015,114585555830.916,6.97751003695985,29882.2126867068,58.7037200927734,33.2,215.183726150393,75.7839316888402,25.464587593413516
KWT,2016,109406674087.947,7.2020572828301,27323.6890643847,57.7827606201172,33.61,224.696745230079,75.7525216840981,25.41833773136185
KWT,2017,120687539675.517,7.50147665832257,29047.6535822842,55.13330078125,36.1,233.1544332211,75.6988166008755,25.516470725880957
KWT,2018,138646316321.596,7.42772872081424,32067.9623689512,52.1134605407715,34.43,242.621492704826,75.6801466442691,25.655192040473477
KWT,2019,140856394870.02,6.37931510845646,31707.8737464917,50.4700584411621,34.55,249.288215488215,75.6188018374256,25.671006732226225
KWT,2020,111045470461.207,9.09212374768687,25236.0755520534,53.7298583984375,28.4,246.928563411897,75.3845896861557,25.43320559817229
KWT,2021,148459291453.471,11.0344735523976,34043.542153557,61.558048248291,29.9,244.717452300786,76.488172940313,25.723576625981764
LAO,2012,10192846339.4029,8.98377274194291,1563.5650771337,17.5077114105225,20.2,28.2451386481802,61.1389085835234,23.044951971908972
LAO,2020,18981805250.2424,7.68478649420094,2583.77730696131,12.5843343734741,20.65,31.8307322357019,64.1514210955985,23.666746738895117
LAO,2021,18827148530.9347,8.69509978976757,2526.05105018529,12.4585027694702,20.2,32.2928682842288,64.4114834802021,23.658565735909193
LBN,2011,39927125961.5257,7.57931418515021,7834.96257108993,45.5640182495117,37.11,498.144672531769,67.8203413820647,24.41032177850961
LBN,2012,44016799515.7546,7.3880328196001,8406.98405608118,44.8252983093262,36.2,511.802737047898,67.9317945765853,24.5078372051711
LBN,2013,46880103080.597,7.52441395625991,8162.37929361396,48.067008972168,35.47,561.430694037146,67.9852036320067,24.570859181030947
LBN,2014,48095213746.6003,7.53256666556356,7577.6413302369,42.533031463623,33.6,620.429130009775,67.991318090046,24.59644850279936
LBN,2015,49929337836.8159,8.04853930548165,7714.1099998804,38.8207511901855,33.82,632.694916911046,67.4143128379603,24.633874599540746
LBN,2016,51147308774.1294,8.35641017095378,8089.012088155,42.1090087890625,32.7,618.089931573803,66.2812994247484,24.65797571357334
LBN,2017,53027680685.9038,8.28789155701475,8608.21084982387,43.9945793151855,30.64,602.163049853372,65.2063804518348,24.694079891251846
LBN,2018,54901519155.5556,7.44505027672016,9174.53666204759,47.2751083374023,28.22,584.957869012708,64.2077418407169,24.72880685640065
LBN,2019,51605959131.2741,7.05147171311738,8905.88005497437,50.3490180969238,28.54,566.431476050831,63.3120025320152,24.666902989806008
LBN,2020,31712128253.7961,2.94371948788659,5561.19166950397,51.6985816955566,26.02,557.419159335288,62.9297413938611,24.179965039415908
LBN,2021,23131941556.7843,1.42682987688995,4045.37391066234,58.4441413879395,25.1,558.956207233627,63.0959048351806,23.86448025072978
LKA,2011,67753284043.9282,18.6156868794475,3224.95736331928,14.821494102478,30.36,335.019103811194,67.0063893423443,24.939138768504556
LKA,2012,70447216891.3366,19.7379423600008,3327.77612404326,16.4015369415283,29.1,337.577069047999,66.8511754056245,24.978129569774595
LKA,2013,77000578167.353,18.0646306474511,3740.61589348326,17.9866104125977,30.45,328.257056290863,66.6806889722923,25.067078767438826
LKA,2014,82528535713.926,17.1564291869155,3971.91913148166,18.173412322998,28.98,331.334715356403,66.492093080501,25.136409957923302
LKA,2015,85140955388.8509,16.176959877339,4060.13139670248,18.6914081573486,30.79,338.810527846445,66.3165734018565,25.16757401867001
LKA,2016,88012282205.8357,16.018659247714,4149.76105454457,17.8068389892578,28.92,342.672030762768,66.1761491978432,25.200742212206418
LKA,2017,94376237797.2367,14.891296048073,4401.05567045499,17.947998046875,29.85,346.46890601522,66.0772312982869,25.270555160161898
LKA,2018,94493871200.7869,15.0327786139076,4360.58473469252,18.6717472076416,28.66,350.284495021337,66.010996751107,25.271800814324802
LKA,2019,89014978344.1404,16.1608017172884,4082.69404871533,20.2191257476807,28.45,352.431694638296,65.9700520980039,25.212070488519945
LKA,2020,84304298770.5329,16.2859638813162,3846.17449566736,20.8122158050537,23.78,354.332363401229,65.9468366164111,25.157698694373337
LKA,2021,88609324901.9774,17.9651186198397,3999.33764677637,21.3629665374756,25.1,358.163595215002,65.9383621554748,25.207502936219996
LSO,2012,2477702216.26888,11.4515114166879,1217.93071228944,11.0302000045776,25.7,67.0077075098814,59.4474561832758,21.630597441935027
LSO,2013,2367112931.642,10.9395682131417,1151.03735837227,10.563850402832,26.29,67.7372859025033,59.496042798847,21.5849368772155
LSO,2014,2441063054.05792,12.250538441436,1173.5377928819,10.4520902633667,27.01,68.5141304347826,59.4751955324989,21.615699459264057
LSO,2015,2359686724.53829,15.1330287921212,1121.19851342518,9.68772983551025,26.97,69.321837944664,59.4736368208574,21.581794703332978
LTU,2011,43186501862.7907,18.2958187319647,14261.8433787325,84.0555877685547,38.49,48.3153301209433,67.1777759104206,24.488793826491808
LTU,2012,42709372066.8627,18.6694480586007,14294.7178607152,79.7516326904297,44.0,47.6716501260491,67.084553426923,24.477684219440775
LTU,2013,46303660422.0434,17.663818979093,15655.3513307327,73.533203125,41.39,47.1908895093738,66.993627044439,24.558486853705052
LTU,2014,48306546656.9281,17.4023635016509,16473.5678231709,68.8998870849609,41.0,46.805538707103,66.8115157399781,24.600832929971318
LTU,2015,41540954817.2039,17.2400398133433,14300.2553666736,67.7426528930664,42.26,46.3672785315243,66.5062097265986,24.449945640618996
LTU,2016,42970749245.0336,16.8071638901065,14981.6208126311,67.7418518066406,41.76,45.7876664218895,66.0821066606207,24.483785471049387
LTU,2017,47756764508.446,16.7118510614104,16884.7100319318,68.3863372802734,41.17,45.1525837710126,65.5868165853012,24.589386558937942
LTU,2018,54261795148.5372,16.5154267145228,19368.5391045353,69.7188034057617,41.19,44.731646175954,65.2222782837189,24.717086227827075
LTU,2019,55122066225.796,16.0026233552419,19727.7607453736,70.1848678588867,41.46,44.6205206004471,65.0326934181688,24.732815948903443
LTU,2020,57412038533.2718,15.4605506017385,20541.824988603,69.1454772949219,39.18,44.6324656659214,64.9504098074069,24.77351984882636
LTU,2021,67037321008.9679,15.9178789739431,23934.728489916,70.6638793945312,39.9,44.7346909439387,64.9429993871864,24.92851533123836
LUX,2011,61696281326.2453,4.86953795535755,119025.057203467,19.801486253738414,52.65,201.342029008025,68.6826049396048,24.845489495802294
LUX,2012,59776383527.3602,4.55660954148066,112584.676270958,19.117790222168,57.7,206.235870823396,68.9684008305906,24.813876495608227
LUX,2013,65203276466.9763,4.5543889865113,120000.140729859,19.801486253738414,56.57,211.05785290896,69.0605655434262,24.900775557177386
LUX,2014,68804811897.6445,4.72811642073937,123678.702143275,19.801486253738414,56.86,216.091529874226,69.1279915294304,24.954539519812734
LUX,2015,60071584216.1375,5.47963197133244,105462.012584423,20.2907104492188,59.02,221.251835336342,69.2426817619957,24.81880275829471
LUX,2016,62216885435.9488,5.79495633971977,106899.293549552,19.9203605651855,57.11,226.072263698018,69.4058844296374,24.853892269881555
LUX,2017,65712180342.9836,4.77590867294046,110193.213797228,19.5990200042725,56.4,231.635372078028,69.5106668868415,24.908550138602056
LUX,2018,71000359760.4611,4.96159222732281,116786.511654677,19.3915195465088,54.53,236.146609386046,69.5280060384706,24.985950781023636
LUX,2019,69890505323.5842,5.04253067388434,112726.439672814,19.3969497680664,53.47,240.827591028798,69.5105964077186,24.97019564467951
LUX,2020,73699366700.2134,4.94239167412781,116905.370396853,19.961389541626,50.84,244.874264894386,69.440387442376,25.023260043163308
LUX,2021,85584105993.8746,4.69048737121145,133711.794435985,20.7341499328613,49.0,248.62068161867,69.3493722999841,25.17276542521223
LVA,2011,26575547900.8247,12.1686319064552,12902.574053337,67.9534683227539,39.8,33.0999244700853,67.2837068431312,24.00325737811428
LVA,2012,27116149948.6683,11.8129666874934,13329.3499931271,66.6435470581055,47.0,32.691902228936,66.9611259226785,24.023395326396148
LVA,2013,29152128167.8438,11.5075095213455,14484.4715282132,69.0765991210938,45.24,32.3436289713468,66.4975087058683,24.0957937545512
LVA,2014,30277203767.4058,10.8995654111219,15185.814581236,70.8979415893555,44.81,32.0404647500281,65.9121509977439,24.133660915393058
LVA,2015,26344565876.8902,10.8460810091263,13321.9753140616,74.2998809814453,45.51,31.7792437366417,65.3585402860759,23.994527862084727
LVA,2016,27117105059.5075,10.5392671306849,13838.5266823272,80.6048126220703,44.33,31.4901409356067,64.8189694891939,24.023430548727507
LVA,2017,29391059767.4259,10.8745823136205,15132.4958333982,88.0574264526367,44.61,31.2123033409935,64.3170163194162,24.10395637550311
LVA,2018,33247935477.3576,10.9412550358406,17252.1710428626,93.0244827270508,43.18,30.9700612274415,63.9690120502929,24.227258511214014
LVA,2019,33099503950.847,11.022531503956,17294.9751600969,94.8645324707031,43.23,30.755491989008,63.6525649819278,24.222784132837887
LVA,2020,33379927434.6149,11.4825724036882,17564.2321549354,94.5108337402344,41.11,30.5391129680219,63.329999339864,24.23122058125967
LVA,2021,38185125732.9451,12.847506450304,20262.8433862451,93.4839324951172,40.0,30.2826610959344,63.1497512445726,24.36571189801265
MAR,2011,110080631332.375,14.6656401970504,3301.98876953125,15.9613800048828,28.73,73.745435805512,65.7630625364839,25.42447894632916
MAR,2012,106937392311.129,14.3615270012424,3164.17724609375,19.1758098602295,30.7,74.7372641720816,65.8772894808751,25.395509381572055
MAR,2013,115739287305.08,14.5581548742157,3379.7431640625,22.5497703552246,30.89,75.7059623571589,65.991953076473,25.474605975349625
MAR,2014,119130841411.664,15.3452879513188,3435.40698242188,25.4523506164551,32.24,76.6407797445664,66.0797555195502,25.50348823370314
MAR,2015,110413823841.592,14.984152955286,3146.24780273438,28.6955890655518,33.19,77.5433295989245,66.1307172558412,25.427501178906994
MAR,2016,111572947004.917,14.7595291382492,3140.85546875,32.2695808410645,32.26,78.4751445216222,66.1624198581765,25.437944447157278
MAR,2017,118540573367.844,14.5941970328011,3296.52661132813,33.7370109558105,32.72,79.4227918440511,66.1569857377868,25.4985211302089
MAR,2018,127341147581.818,14.8703562557049,3501.69799804688,35.6224212646484,31.09,80.3041900067219,66.1084881706797,25.570135523445508
MAR,2019,128920266409.458,14.7633235363387,3508.09765625,38.0248603820801,31.63,81.1357786242438,66.0482046040394,25.58245996036264
MAR,2020,121353645057.144,15.177396164956,3268.0302734375,40.02001953125,28.97,81.9722339233699,66.0303401948732,25.521974806221625
MAR,2021,142022058447.231,15.2356757950841,3785.93627929688,42.8228912353516,29.3,82.8017969975353,66.0542531523781,25.679248223661162
MDA,2011,8414352020.49442,10.5647418754911,2941.36224066021,54.276456832885735,38.66,99.7210931780946,72.0969137534275,22.853204658712173
MDA,2012,8709138634.82921,10.6544375298534,3044.8084324815,54.276456832885735,39.2,99.6732759521901,72.1829774166136,22.88763872910067
MDA,2013,9496717875.51932,11.193852554233,3321.04397795719,54.276456832885735,40.94,99.5771842462653,71.9494974312337,22.974212089071155
MDA,2014,9402090137.7423,10.0691324765555,3289.95758568777,52.1503486633301,40.74,99.5164884911377,71.1653482250474,22.96419785658411
MDA,2015,7797667196.73087,10.01582216678,2749.55137054338,52.0978202819824,40.53,98.7560678343838,70.0589368131714,22.777090448567215
MDA,2016,7980917075.7748,10.0336311861214,2847.08794770479,52.8414115905762,38.39,97.614165825121,68.983696924511,22.800319163581417
MDA,2017,9514404016.20949,9.97007323439153,3453.26727720294,51.947338104248,36.84,95.9093883802694,68.0235384558779,22.97607269949627
MDA,2018,11252353420.8798,10.0691978482836,4156.44981956646,52.8423118591309,37.63,94.2543946689506,67.1972110865303,23.143843136686137
MDA,2019,11736797054.6965,9.89433050808773,4405.33418162155,54.7812004089355,35.52,92.756093569939,66.4191106875943,23.185994790843637
MDA,2020,11530746234.4492,10.1066643472715,4375.7788930524,56.2498207092285,32.98,91.7473260542588,65.7164519859204,23.168282890247472
MDA,2021,13691869264.0794,9.63995995697745,5274.60582195352,61.3014030456543,32.3,90.110355122019,65.1563102257656,23.340068009225163
MDG,2011,11551819617.874,8.72437045917635,506.163691559309,4.00945997238159,25.41,39.2273910913638,53.6783158068713,23.170108804178742
MDG,2012,11578975061.9479,8.66520369091448,493.511162904211,4.07020998001099,24.2,40.327672118186,54.0856517127504,23.172456795843154
MDG,2013,12423555455.3853,8.62986885227877,515.301589361832,4.21469020843506,22.95,41.4391371605363,54.5107020051046,23.24286014103426
MDG,2014,12522957399.2281,9.03893525393852,505.684922503435,4.73074007034302,25.5,42.5650532829151,54.9016796242728,23.250829388720085
MDG,2015,11323020701.3017,8.50771119517862,445.320069480568,4.72751998901367,24.42,43.7035097971812,55.2402498908382,23.15010372052902
MDG,2016,11848613858.442,10.1953106769595,453.970714522463,4.76165008544922,24.79,44.8606943966999,55.5455025357901,23.195476723714425
MDG,2017,13176313593.5509,9.18815731963744,491.866848718929,5.23624992370605,24.15,46.0439584049502,55.8156972159696,23.3016866298991
MDG,2018,13760033282.2925,9.3695954221963,500.45718552916,5.32438993453979,24.75,47.2583808869027,56.0492179538872,23.34503408821994
MDG,2019,14104664678.5063,10.0900513520788,499.818837622534,5.53402996063232,22.38,48.5038741835682,56.2569911629362,23.36977140788179
MDG,2020,13051441203.9474,9.72498440599679,450.771615201509,5.67685985565186,20.4,49.7654795462358,56.4572904886486,23.29216440170148
MDG,2021,14554754116.5427,9.49672393900893,490.206238571448,4.828579998016357,22.5,51.0331436919904,56.6577985720494,23.401183520599908
MEX,2011,1229013703416.76,17.7203860225437,10664.4944032313,28.0361595153809,30.45,59.2831626327838,64.4415301032565,27.837233096504605
MEX,2012,1255110424817.79,18.8000354543894,10744.1335242686,29.3496494293213,32.9,60.0932163893104,64.6984476739343,27.85824467254421
MEX,2013,1327436290282.67,18.1028096187355,11216.8008505428,30.3301601409912,36.82,60.8778893490059,64.9234762415024,27.91427059665673
MEX,2014,1364507717614.13,18.2289217215091,11391.3773497683,31.2052898406982,36.02,61.6190030607783,65.1410033743916,27.94181483308037
MEX,2015,1213294467716.88,19.8234213781094,10021.2386118827,31.9718608856201,38.03,62.2815946912215,65.3713988069245,27.824360476294576
MEX,2016,1112233497452.7,19.8687757882998,9097.92397674769,38.589771270752,34.56,62.8881149206513,65.6181532325894,27.737391269437932
MEX,2017,1190721475906.0,20.1618224199443,9649.27816772402,40.3390693664551,35.79,63.4790282671879,65.8682302477857,27.80558052161109
MEX,2018,1256300182879.73,20.1893657004533,10084.7937562021,41.6382789611816,35.34,64.0827752771419,66.1073972501309,27.859192154526884
MEX,2019,1304106203694.81,19.8877542610576,10369.5553568761,43.0441398620605,36.06,64.6945559299365,66.3185850415085,27.896539020667817
MEX,2020,1121064767261.88,20.1842735720463,8841.27075003163,45.1654510498047,33.6,65.227528485815,66.5296254239814,27.74530003467597
MEX,2021,1316569466932.59,20.835835860176,10314.0506741437,45.6506195068359,34.5,65.664316469045,66.7529844097424,27.906050580865607
MKD,2011,10494626767.6445,11.4100813036154,5416.86672931659,42.08850351969401,33.47,76.8199048374306,69.1461987100366,23.074129226713314
MKD,2012,9745261300.57788,10.2386314208394,5049.8265386157,39.7961082458496,36.2,76.5194686756542,69.1426503923837,23.000046983356395
MKD,2013,10817702346.0674,9.91410485543674,5626.26115664893,38.9499015808105,38.18,76.2377478191911,68.9591860049273,23.104449735325616
MKD,2014,11362265252.778,10.9514035376996,5925.38592218015,39.3214912414551,36.93,76.0331879460745,68.7390615884657,23.153563636415072
MKD,2015,10064519962.5655,11.7603595286911,5262.68671928674,42.0811805725098,38.03,75.8298969072165,68.5500811466163,23.032282201166606
MKD,2016,10672467073.2873,12.2889398868518,5598.48622617967,42.08850351969401,35.4,75.5873513084853,68.3122503676847,23.09093309139953
MKD,2017,11307067069.6658,12.6025309574733,5955.2973863451,43.5097694396973,35.43,75.2837827121332,67.9961161917142,23.14869377157608
MKD,2018,12683068114.2388,13.3473954345583,6713.98925398989,43.8547897338867,29.91,74.9028945281523,67.562678785047,23.26353372153205
MKD,2019,12606338448.547,13.3941499935757,6718.85826635458,43.1991004943848,35.29,74.3957969865186,66.9991320803039,23.257465575887853
MKD,2020,12361036913.8409,13.2972746832417,6659.59651070776,43.782169342041,33.43,73.5973037272006,66.4419445244978,23.237815178162734
MKD,2021,14000283827.0154,13.4832646738274,7620.80296977508,44.3020210266113,34.1,72.8435368754956,66.0536192522584,23.36234343971441
MLI,2011,12995112690.2596,14.669168234322731,789.06272549554,5.12092018127441,26.35,13.497118481548,49.8881006999281,23.287839176819087
MLI,2012,12442035339.1049,15.859822176325,733.738935290444,6.61513996124268,25.4,13.8970430834542,49.6228629626086,23.244346523342625
MLI,2013,13242690786.0938,12.6731503112883,758.475532598732,6.12579011917114,28.84,14.3089313959301,49.4139790596757,23.306711598384616
MLI,2014,14364937124.0727,13.8039838467019,797.154510755732,5.70353984832764,26.18,14.7684106573566,49.3753963072633,23.388056152345648
MLI,2015,13104764378.326,12.9599274106217,704.821646439506,5.28096008300781,28.37,15.2378088658324,49.3759056489042,23.296241694035235
MLI,2016,14026048335.7047,13.1706953211143,730.85493818079,3.65079045295715,24.77,15.7281152935199,49.4281689617574,23.364182033205534
MLI,2017,15365713048.1993,13.9767916114907,775.536492065709,4.16489362716675,22.48,16.2376441373884,49.5343526921363,23.45540443875434
MLI,2018,17070867589.9055,15.6029159853206,835.086710561793,4.96651792526245,23.32,16.7531531974529,49.6819285971581,23.560639197880377
MLI,2019,17280250810.0321,16.2588342653505,820.197390833912,4.73440647125244,24.03,17.2664953818668,49.8960730509992,23.572830114686436
MLI,2020,17465392764.3706,16.5262948287671,804.343956745857,5.151439852184719,19.15,17.7954548062187,50.1900573945124,23.583487203607973
MLI,2021,19309463508.0377,15.8592665862472,862.467400106111,5.151439852184719,19.5,18.348478515641,50.5136301213243,23.683861149885274
MLT,2012,9609532088.88683,10.8189570991513,22878.313086001,42.5473289489746,56.1,1312.5875,68.7511207530054,22.986021368721033
MLT,2013,10796782637.51,9.42752915663499,25346.5236450477,44.0389518737793,51.79,1331.146875,68.1661327685099,23.102514022760133
MLT,2014,11888032872.432,8.35674965810255,27356.6080303021,44.4906997680664,50.44,1357.99375,67.7141532091479,23.19879809009565
MLT,2015,11340795041.8065,7.16143634059413,25481.8977555627,46.9468193054199,50.48,1390.790625,67.4423935430878,23.151672242295206
MLT,2016,12025782834.3596,6.9972006339371,26409.6285858968,48.1260795593262,50.44,1422.9875,67.1891782660361,23.21031875138973
MLT,2017,14161366723.6779,6.62745777556509,30259.3952629768,52.8446311950684,50.6,1462.496875,67.1569397470627,23.373783440587975
MLT,2018,16153779511.1559,6.53649513653348,33332.1905601302,56.8111114501953,50.29,1514.46875,67.4529854558025,23.50541988469396
MLT,2019,16337793530.7788,6.4306549585266,32412.2697818499,58.5368690490723,49.01,1575.19375,67.8634883252598,23.516746882424187
MLT,2020,16385919535.6742,6.71686851171732,31796.8213417258,62.8752517700195,46.39,1610.4125,68.1674197448314,23.519688238100713
MLT,2021,19718565605.433,6.33400013776018,38027.3801730893,73.0226974487305,47.1,1620.425,68.00171251,23.704826445414152
MNE,2012,4087526241.81268,4.07631424020981,6586.39970256684,60.3092498779297,40.1,46.1413382899628,67.6981721753954,22.131205793164508
MNE,2013,4465772400.37453,4.04305630277167,7188.86361611271,60.4347686767578,40.95,46.1863940520446,67.5955164422124,22.21970802631932
MNE,2014,4593853290.963,3.88001811492567,7387.87296917548,63.2196388244629,37.01,46.2312267657993,67.347085846695,22.247985005780226
MNE,2015,4054730077.57718,4.08869912042976,6517.19267514764,63.9372711181641,41.23,46.2571747211896,66.9715591145357,22.123149956965833
MNE,2016,4376930578.32395,3.73553662159151,7033.43962398373,59.1839218139648,37.36,46.2678810408922,66.6210651687589,22.199613534468263
MNE,2017,4856599480.79882,3.84720863084778,7803.35824465203,60.9102210998535,38.07,46.2730855018587,66.2702069863017,22.303604334648924
MNE,2018,5506942238.35668,3.98361186584976,8850.3749248372,58.1831512451172,36.49,46.2622304832714,65.856413254411,22.429275358404123
MNE,2019,5542054181.12616,3.71806750416152,8909.6538759126,56.2633209228516,37.7,46.2474349442379,65.3815437006931,22.435631059796673
MNE,2020,4769996866.00758,4.11035292110744,7677.37132106817,58.0944709777832,35.39,46.1937546468401,64.9212498046666,22.285611484824972
MNE,2021,5861427505.12493,3.85290677352458,9465.96153027794,57.9613914489746,35.4,46.0379925650558,64.6004267612596,22.491659012426446
MNG,2011,10409797377.8571,7.06994259514331,3736.04201455077,56.7441596984863,33.4,1.78925253897917,68.1901609019881,23.066013255201064
MNG,2012,12292770631.565,7.48223219076914,4328.89001905655,61.0462303161621,35.0,1.82353600871754,68.0762622524602,23.232277172998664
MNG,2013,12582122604.2577,8.72166390590704,4340.14310544449,64.6551666259766,35.77,1.8616184405066,67.7570641546867,23.25554280246401
MNG,2014,12226514668.0622,8.77729309296388,4126.23975800524,66.9319229125977,37.52,1.90278211075515,67.2583455385159,23.226872763860463
MNG,2015,11619892590.6941,7.01550583710279,3838.92126989984,71.4299926757812,36.41,1.94371713207737,66.6300187920446,23.175984344841577
MNG,2016,11181350649.3573,6.66750559995597,3619.90026383792,66.9766464233398,35.74,1.98352563105577,65.9081521646192,23.137513106800224
MNG,2017,11480847740.736,6.89823821479702,3645.96708669551,65.412841796875,37.13,2.02209412791248,65.1412012251141,23.16394607012327
MNG,2018,13178094720.4986,7.05321710338318,4107.64288528468,65.6492462158203,35.9,2.06015649331677,64.3450654827184,23.30182179718718
MNG,2019,14206359017.5143,7.06955554689873,4347.54610314873,67.6281585693359,36.29,2.09835043390369,63.5207736361981,23.37695551944782
MNG,2020,13312981429.0891,7.75616468509037,4001.25193077703,64.5476303100586,33.41,2.13623721809195,62.9278480776094,23.31200544344961
MNG,2021,15286441737.6686,7.10918210222536,4517.61578018785,64.4591369628906,34.2,2.17253662423347,62.6443179783416,23.45023211153539
MOZ,2012,16688114144.0745,8.62619404009544,685.685748199513,5.3305401802063,26.3,30.9492179353493,51.437574807615,23.537962575070846
MOZ,2013,17198073057.1981,8.32603551504896,686.505672517351,5.70935010910034,26.5,31.8568770823266,51.4435359067327,23.568063182931564
MOZ,2014,17978246586.0662,8.22056509258821,697.142680444123,6.34957981109619,28.52,32.7939100689234,51.4890275597917,23.612428340993443
MOZ,2015,16208985769.615,8.30864034953938,610.563774706589,6.81003999710083,30.07,33.7592156463796,51.5651798295306,23.508831602544976
MOZ,2016,12069051237.1711,8.1178325868925,441.489734819071,7.38789987564087,29.84,34.7632251583204,51.6509731306766,23.213910263926635
MOZ,2017,13264640645.7768,7.81988703506551,470.93856305196,7.24044990539551,24.55,35.8177891095908,51.7484906258943,23.308367733764097
MOZ,2018,15017358952.8452,8.61313111852956,517.507260258101,7.45408010482788,23.06,36.9015539561026,51.8335272345336,23.43247263245838
MOZ,2019,15512759046.672,8.72772955303203,519.09255091362,7.30147504806519,22.87,38.0024670006867,51.9043292850646,23.46492868655911
MOZ,2020,14235420174.1884,8.33878131161498,462.433876479921,6.697926878929139,18.7,39.1460718736489,52.004506412617,23.378999074219255
MOZ,2021,16168055475.4449,8.06496004743725,509.907829475551,6.697926878929139,19.7,40.3212187492052,52.1299790587805,23.506303248229678
MUS,2011,11518413429.9684,13.8661472809371,9197.04299089459,34.2265090942383,36.47,627.142714071107,72.0105934459953,23.16721275963644
MUS,2012,11668696396.7887,13.6477452915207,9291.23627601053,40.3749504089355,39.2,628.884326489735,72.1949393796008,23.1801755715031
MUS,2013,12292974141.4044,13.7216456330102,9764.64413060045,41.402400970459,38.0,630.409113670506,72.2340370732856,23.232293728107432
MUS,2014,13074129952.0532,13.5241325736666,10366.3550754936,40.038200378418,40.94,631.551326990486,72.2508706432524,23.29390130181932
MUS,2015,12007291045.6489,13.008628390064,9507.87133656424,37.7607383728027,39.23,632.388082123185,72.2583535786293,23.208779889365488
MUS,2016,12594155464.4136,12.3830481211742,9965.72531085228,38.4107704162598,35.86,632.822734101152,72.2217039975507,23.256498691260546
MUS,2017,13713506130.6081,11.8394200409846,10841.6847754844,39.6618804931641,34.82,633.393590385578,72.1965591114589,23.341647033100056
MUS,2018,14735695930.9727,11.3249354560671,11643.4605962124,40.4078102111816,31.31,633.739108662994,72.2057581526241,23.413538681811936
MUS,2019,14436346979.6355,10.5200465526803,11403.2527870674,42.9878692626953,30.61,633.943415122684,72.2329293227705,23.393014959156822
MUS,2020,11408106446.3144,10.8163983656884,9011.04288445023,42.537841796875,34.35,633.957936905358,72.2441851494245,23.157590031422856
MUS,2021,11484348857.8529,11.6982416714877,9068.97300226707,43.9577217102051,35.2,634.118177265899,72.2163589524575,23.164250976473973
MWI,2011,11648142958.3651,11.63809662710638,763.061000394572,0.851849973201752,25.96,161.911561306746,50.3256873679682,23.178412601536717
MWI,2012,8773203178.16512,11.63809662710638,558.46208832772,0.851849973201752,25.4,166.626824352991,50.5189668696999,22.894967819309848
MWI,2013,8031571927.62055,11.63809662710638,496.947368267313,0.851849973201752,26.73,171.423589308443,50.7835676010532,22.806646102611534
MWI,2014,8801326169.14547,11.63809662710638,529.5133440206,0.851849973201752,27.61,176.299724225711,51.1134469024467,22.898168248115567
MWI,2015,9219474379.31534,11.63809662710638,539.605363240686,0.851849973201752,29.71,181.221754348748,51.5010809988559,22.944583864138806
MWI,2016,7909868618.46366,11.63809662710638,450.506105510719,0.851849973201752,27.26,186.229730589733,51.9561943596496,22.79137700903856
MWI,2017,8943543793.5839,11.2970614757279,495.769683367165,0.851849973201752,23.45,191.341907085278,52.4613637188836,22.91419774507971
MWI,2018,9879231591.52434,11.4196722780594,533.203173686705,0.851849973201752,23.09,196.521860415783,52.9962331231173,23.01370057154441
MWI,2019,11051865579.8121,11.5294189563407,580.889816066776,0.851849973201752,23.0,201.800509121765,53.5661428783472,23.12586508141209
MWI,2020,11769313597.8545,12.0584896143033,602.507478176106,0.851849973201752,21.44,207.190156979211,54.174280465166,23.188761438578744
MWI,2021,12378129750.9872,11.8858408111006,617.447520802454,0.851849973201752,22.9,212.635320322444,54.8094108431188,23.239197022595715
MYS,2011,297951668674.835,23.3202044896916,10217.1068585031,35.6598587036133,44.05,88.7598204230711,67.5007412890436,26.420197124643384
MYS,2012,314443047642.111,23.1381762920437,10600.5744240026,36.9332084655762,45.9,90.2840693958302,67.7884774383133,26.474068808110047
MYS,2013,323276235524.415,22.8407424205833,10713.6407638899,38.2327194213867,46.92,91.8407091766854,68.0468847881943,26.50177301302007
MYS,2014,338066095097.254,22.8739302431305,11013.3107334403,38.6768264770508,45.6,93.4291188555775,68.2812916863332,26.546507260937496
MYS,2015,301355266964.947,22.2932974814824,9648.6797937523,44.8695030212402,45.98,95.0625414700959,68.4748204191443,26.431555694622006
MYS,2016,301256033870.334,21.7969514793711,9476.53409809923,46.401668548584,43.36,96.7575254907929,68.6181245800623,26.431226350995782
MYS,2017,319109094160.343,21.8461598838126,9862.54806612235,43.6680450439453,42.72,98.4801217470705,68.7308114044831,26.48879886923016
MYS,2018,358788845712.53,21.5281592651946,10901.8019954421,45.2784156799316,43.16,100.170345457312,68.8574738627401,26.6059998788901
MYS,2019,365177721021.516,21.4089982975331,10920.191763972,43.1977157592773,42.68,101.782364936844,69.0435656266947,26.623649978936463
MYS,2020,337456163961.211,22.2320775941863,9957.52626697613,42.4097671508789,42.42,103.148860143053,69.314063209174,26.54470145426389
MYS,2021,373784823672.946,23.363165635524,10903.1116425938,40.9142608642578,41.9,104.344541165728,69.6481154899357,26.646946131017785
NAM,2011,12523359440.5499,13.457262374441,5834.7917675794,23.601630074637285,30.74,2.60700968067145,59.8546119529894,23.25086149254792
NAM,2012,13042053591.6857,12.1900058944767,5942.64680978673,23.601630074637285,34.1,2.66571196054853,59.8704169313249,23.291444865070588
NAM,2013,12043307277.1235,10.3182587782274,5346.62131149967,23.601630074637285,28.36,2.73598367525416,59.8920536335617,23.211774929897466
NAM,2014,12435430969.6301,9.90856529052312,5378.32326241205,18.7538394927979,28.47,2.80841380315563,59.9350774185889,23.243815571392133
NAM,2015,11335161083.5061,11.4171848223968,4774.10650865775,20.0199108123779,28.15,2.88391696728978,59.9581897734469,23.151175331965586
NAM,2016,10722018732.0936,11.6787885338894,4395.68776162376,22.0023994445801,28.24,2.96276281747622,59.9115575392555,23.095565289421074
NAM,2017,12895153370.9132,12.2200432439665,5143.96072323076,23.3570709228516,27.94,3.04492098774429,59.7812875346101,23.280117370037075
NAM,2018,13682019076.4022,12.2988345926351,5308.60813408705,24.9616394042969,28.03,3.13052144444849,59.6109379234645,23.33934833155425
NAM,2019,12541928303.48,12.4623985360334,4731.9210318831,27.7483100891113,25.85,3.21939292351419,59.4533208803112,23.252343132536787
NAM,2020,10583748541.5258,11.0196431958005,3878.58982993966,28.3682403564453,22.51,3.31446027523716,59.2853021416492,23.082585505117592
NAM,2021,12402486183.6396,10.7769295016123,4412.8355693052,23.601630074637285,24.3,3.41380072635402,59.0999440500472,23.24116278814084
NER,2011,8772950777.79176,6.68117680609331,510.75956176268,1.33376002311707,21.41,13.5598665824584,48.1350185019658,22.894939049429677
NER,2012,9426912647.59111,7.51657609334777,528.510104469655,1.52788996696472,18.6,14.0812891766006,48.127986404713,22.966834483123698
NER,2013,10224897437.8648,8.014047553372,552.103334363117,2.23660826683044,24.03,14.6205873529644,48.1725183321064,23.0480915082983
NER,2014,10862943543.5419,8.48320463944569,565.30989731175,2.66542100906372,24.27,15.1700552617036,48.241566402089,23.108623159251305
NER,2015,9683867926.44282,7.62575595401117,485.662574175279,3.43003010749817,21.22,15.741294702771,48.3639658330415,22.993727237602375
NER,2016,10398861981.7583,7.47340656858405,502.706475406446,3.65476989746094,20.44,16.3304278834768,48.52866249228,23.06496221227547
NER,2017,11185104251.6943,7.56778659061747,521.804130023434,3.89881992340088,21.18,16.9222752032841,48.711024050747,23.137848752515097
NER,2018,12837307496.8821,7.38236840772547,578.568035680892,4.61981010437012,20.57,17.5164356201153,48.9209628832505,23.27562141671433
NER,2019,12889555561.2299,7.34627879325586,561.691304349698,4.43339014053345,18.13,18.1161735217494,49.1669828740346,23.279683173957068
NER,2020,13744653103.058,7.38998839041674,579.512495758236,4.59342241287231,17.82,18.7239385805637,49.4543791262978,23.343915720199156
NER,2021,14915002436.069,7.63945330549349,608.722439593808,3.2393921852111816,17.8,19.3432857030078,49.7819108861512,23.425633418243248
NGA,2011,414466676831.16,7.17108429622259,2418.41316975875,10.1537199020386,28.15,188.170007795602,52.534972840043,26.75025841463781
NGA,2012,463971018239.281,7.72454667174331,2633.19734671361,11.181015332539866,24.6,193.463360672837,52.5270788696892,26.86308792653071
NGA,2013,520117180313.906,8.92892932163337,2872.79083379398,11.181015332539866,26.57,198.787227291193,52.549360231945,26.97731996989263
NGA,2014,574183763411.508,9.63581160269249,3088.72131316169,11.181015332539866,27.79,204.109616039176,52.6058463638302,27.076215327346617
NGA,2015,493026682800.63,9.42843732193195,2585.73360671797,11.181015332539866,23.72,209.352391932101,52.709081986385,26.923829132852337
NGA,2016,404649125252.16,8.67969778226601,2070.4127339595,11.181015332539866,23.15,214.591719094832,52.8926220185148,26.726286171146405
NGA,2017,375745731053.427,8.74199349233524,1876.34027111773,11.5785512924194,21.92,219.873929751749,53.1559836470855,26.652178504379698
NGA,2018,421739251509.08,9.64894748123428,2057.87944554011,11.8107748031616,22.37,225.017024056568,53.4598457316183,26.76765307259208
NGA,2019,474517490844.461,11.5223586979699,2265.15520863056,11.181015332539866,23.93,230.009377779242,53.7983137946911,26.885564315949182
NGA,2020,432198898467.795,12.6672651648545,2019.65706326224,11.181015332539866,20.13,234.961824609945,54.1929528639579,26.792151732352817
NGA,2021,440833635873.827,14.6107029721795,2017.27486481527,11.181015332539866,20.1,239.939047179859,54.6149618714835,26.811933398302756
NIC,2011,9774320144.00049,14.0517925742077,1679.71034177231,15.8641271591187,25.78,48.355085590826,61.8022766942582,23.00302438991321
NIC,2012,10531980451.1847,14.2068526127754,1784.69212752824,16.4946403503418,26.7,49.0384493933854,62.1920067768274,23.07768222244361
NIC,2013,10982954744.4415,14.4945843722033,1835.43436443315,16.3554344177246,27.1,49.7244889479807,62.5413060115449,23.119610339234388
NIC,2014,11880433902.9361,14.7329954637277,1958.36966453366,17.1516933441162,25.47,50.4112680737909,62.846399768301,23.1981586740301
NIC,2015,12756685550.3389,14.198161095405,2074.45446460028,17.3416366577148,23.47,51.100357320924,63.1222358152,23.269321328013138
NIC,2016,13286101094.3863,14.1447584685256,2131.68828465802,17.7747993469238,23.06,51.7921389396709,63.3800979693199,23.30998429525176
NIC,2019,12699028889.666,14.039475623731,1958.62132892996,17.767614364624,22.55,53.8778211733422,64.0979157287315,23.2647913621067
NLD,2011,913140741332.687,10.1013242115629,54701.7728030611,75.518798828125,56.31,495.049644128114,66.8305287911613,27.540155858270822
NLD,2012,845689017065.625,10.0607384630343,50473.9442002689,75.8141632080078,60.5,496.884994068802,66.3807718191341,27.46341753685308
NLD,2013,883951539006.669,9.64816464758619,52602.2860520766,81.61487579345702,61.14,498.795844464233,66.0375664309138,27.507668077953173
NLD,2014,901556501756.467,9.66230344504418,53457.2234864322,81.61487579345702,60.59,500.593885425942,65.7829993073729,27.527388552896394
NLD,2015,775743675302.734,10.1488182500805,45793.8135434697,80.1601486206055,61.58,503.116216216216,65.6050618465085,27.377087987231977
NLD,2016,797163949289.885,10.2669490054501,46808.5291492503,79.8454895019531,58.29,505.800831600832,65.4890558058781,27.404326202599055
NLD,2017,848233537845.884,10.5500219081827,49513.6817346384,83.2009887695312,63.36,508.8,65.3662757423029,27.4664218332263
NLD,2018,929733599796.862,10.6594535821754,53955.0770024266,83.652473449707,63.32,511.779744579745,65.248775211947,27.55816393022722
NLD,2019,928903005576.469,10.420756670246,53554.9007491475,81.61487579345702,61.44,515.143272943273,65.1412740704822,27.557270162964397
NLD,2020,932560861701.17,10.4840023369093,53467.9277413737,85.3370819091797,58.76,518.013068013068,65.0100463629003,27.56120025357443
NLD,2021,1054472123449.6,10.7549772867478,60141.9880911492,89.3898620605469,58.6,520.731927531928,64.8512129916232,27.684061400716473
NOR,2011,501360549669.404,6.83124021994862,101221.813476644,71.0614166259766,52.6,13.5610386481366,66.127471447423,26.940591339218948
NOR,2012,512777309840.997,6.7069560944017,102175.919298374,71.7047576904297,56.4,13.7403297521657,66.0309866129184,26.96310749399396
NOR,2013,526014468085.106,6.70936969616563,103553.840134417,75.8635787963867,55.64,13.9120886837683,65.9319176134364,26.988594555171062
NOR,2014,501736471832.848,6.88711028232234,97666.6951838749,78.2397384643555,55.59,14.0704449094514,65.8376180924379,26.94134086229196
NOR,2015,388159512245.53,6.96157381213814,74809.9658049898,79.206428527832,53.8,14.2079384825517,65.744297773447,26.684682206120335
NOR,2016,370956547619.048,6.66969401819941,70867.3609970749,82.0374526977539,52.01,14.3354243797401,65.6098291381007,26.639350770373866
NOR,2017,401745275035.261,6.47768064968194,76131.8384032764,83.7353363037109,53.14,14.452576255125,65.4370047012372,26.719084080537215
NOR,2018,439788625883.8,6.10398590161945,82792.8427113304,85.3883514404297,52.63,14.5488896436123,65.2758388121435,26.80956005271309
NOR,2019,408742840909.091,6.27606210506328,76430.5889473338,85.7633819580078,51.87,14.6479975020132,65.167513583566,26.736352044408996
NOR,2020,367633418886.627,6.58792601633649,68340.0181033702,87.1685333251953,49.29,14.7672152298338,65.0607837656888,26.630352134304022
NOR,2021,503367986030.268,5.61528387016352,93072.8925119571,93.9243011474609,50.4,14.8470090866665,64.9374857909645,26.944587322135217
NPL,2012,21703100877.1309,5.78522283353524,788.202937148377,13.788371509975844,26.0,192.081723055459,60.2828354472857,23.800720984847576
NPL,2013,22162204924.5726,5.75041430553108,803.269595420477,16.1476802825928,24.97,192.465964422742,60.6470656972912,23.821654194082022
NPL,2014,22731612922.1906,5.61219115976027,821.455224911731,15.4161396026611,23.79,193.040599930241,61.0228245904277,23.847022432354496
NPL,2015,24360801286.7638,5.3560555553661,875.543635474862,13.2059631347656,21.08,194.095772584583,61.4713594693201,23.91624117279244
NPL,2016,24524109483.5293,4.88818962559367,877.256454696737,11.9705371856689,23.13,195.015430763865,61.8722917188777,23.922922531179136
NPL,2017,28971588940.364,4.85567399386538,1034.28374906846,12.1109495162964,24.2,195.404659923265,62.1528886706909,24.08958149500971
NPL,2018,33111525237.149,4.90647453944016,1179.19843190389,13.006326675415,24.17,195.882029996512,62.4301946506601,24.2231472531996
NPL,2019,34186180699.0255,4.98144138801895,1203.14294706401,13.9224119186401,24.85,198.214607603767,63.0119007793447,24.255087326227518
NPL,2020,33433659301.2466,4.47485439163579,1154.21517578318,13.9312324523926,24.35,202.068880362749,63.8354856215394,24.232828992986697
NPL,2021,36924841394.2605,4.76603766559486,1252.75076731986,14.3841028213501,22.5,205.61569584932,64.5282088114644,24.332150370006236
NZL,2011,168295307149.46,10.9444679153171,38388.5280906616,80.04411315917969,53.79,16.6495765447571,65.9465094637427,25.848986053912817
NZL,2012,176210710655.208,10.6076489466376,39974.2997334925,80.04411315917969,56.6,16.7411036420949,65.6846552552074,25.894946335520494
NZL,2013,190909855416.34,10.2355270901257,42977.388040868,80.388542175293,54.46,16.8702290076336,65.4865980024927,25.975067192413317
NZL,2014,201337554959.49,11.0696789026737,44578.2253868016,80.7100067138672,54.52,17.1527856898713,65.4645838819204,26.02824871433512
NZL,2015,178104220784.881,11.279693966648,38639.3501941427,82.1818466186523,55.92,17.5056017621815,65.5662654049205,25.9056347259218
NZL,2016,188898209220.167,10.0903975206094,40070.8956577431,81.8633575439453,54.23,17.9032319319433,65.6566173959705,25.964474131367474
NZL,2017,206566916732.292,10.1945487816623,42913.186956185,81.2698593139648,52.87,18.2811135163875,65.6780741744094,26.053890248826356
NZL,2018,211846555690.736,9.94699075359356,43228.6976473771,81.2513122558594,51.29,18.6115225399719,65.6292575548676,26.079128055641526
NZL,2019,212846907683.439,9.67484330263871,42747.2099299966,77.5843734741211,49.55,18.9100300026585,65.5322656370177,26.08383900096582
NZL,2020,212697530897.56,9.39291202224445,41785.6922905898,75.7348327636719,47.01,19.3315863430937,65.3602688024111,26.08313695070516
NZL,2021,253644079784.977,8.81116112012761,49624.1816729553,79.4128875732422,47.5,19.4117200258251,65.0927086211955,26.259197860592018
OMN,2011,77497529258.7776,10.4645309385257,25188.0074151885,31.5563507080078,35.51,9.94107592891761,71.8894175469479,25.073511892265614
OMN,2012,87408842652.7958,9.93224968534933,24642.2978768596,42.58231544494627,39.5,11.4607625201939,74.6218289814047,25.193862289007217
OMN,2013,89936020806.2419,9.40793050398492,23458.0233840053,35.1496200561523,33.25,12.3874410339257,75.4747695109409,25.22236437455108
OMN,2014,92699089726.9181,8.63119620231856,23160.6502252547,41.1818618774414,33.87,12.9319515347334,75.2940269670568,25.252624489911412
OMN,2015,78710793237.9714,8.91611568746014,18808.3077921839,45.1898918151855,35.0,13.5214701130856,75.1763425366706,25.08904612703209
OMN,2016,75128738621.5865,7.91428670336137,17110.1897460545,46.8235092163086,32.21,14.1870016155089,75.3182592773313,25.042468993909107
OMN,2017,80856697009.1027,8.4951784209409,17820.0661809335,43.5767784118652,31.83,14.6604071082391,75.1697476735833,25.115944252057382
OMN,2018,91505851755.5267,9.09106412005457,19901.7615642016,44.9540214538574,32.8,14.8558222940226,74.534173648602,25.239668760795254
OMN,2019,88060858257.4772,8.02938031979303,19180.1864152801,45.1723213195801,30.98,14.8343812600969,73.4038901464767,25.20129398350721
OMN,2020,75909492847.8544,8.35606019076856,16784.8630630058,48.3754386901855,26.5,14.612268174475,71.8368051805015,25.052807583986553
OMN,2021,87323797139.1417,9.40969740290684,19403.4600160211,43.8433609008789,29.4,14.5409499192246,70.6732743403733,25.19288885301414
PAK,2011,230586581059.665,13.3811359313224,1131.73513834324,7.46075391769409,26.75,264.303218399751,57.1395797438826,26.163892251673026
PAK,2012,250106966104.704,13.7390762104055,1204.36475491585,8.49672698974609,23.1,269.389691002491,57.2279328209218,26.245154527719595
PAK,2013,258657231672.412,13.3207628541452,1225.4340119198,8.89682579040527,23.33,273.809124636779,57.2671270798072,26.27876959230302
PAK,2014,271390474857.632,13.4140262892618,1266.61340849959,8.92643165588379,24.0,277.948120330012,57.331028476506,26.326824487407162
PAK,2015,299963590534.773,12.3014420948153,1380.47020838317,8.61171054840088,23.07,281.873810450394,57.4178688790589,26.42692693935321
PAK,2016,313630000130.435,11.2109167506518,1424.69161195897,8.47824573516846,22.63,285.568271326276,57.4997238618041,26.47147978452842
PAK,2017,339205534861.1,11.2993459112201,1519.23459514248,8.80055046081543,23.8,289.635179275633,57.611377824421,26.54987205812814
PAK,2018,356128166704.921,11.6027431620618,1569.33814626355,8.39241695404053,24.12,294.376416562889,57.7692684064018,26.59855652184126
PAK,2019,320909472770.669,12.5872745902299,1390.41690981745,11.3472347259521,25.36,299.399256693649,57.9268695957871,26.494424904011606
PAK,2020,300425609817.981,11.4160734292379,1278.39735206896,11.944239616394,22.31,304.848674242424,58.1175150077395,26.428466005592696
PAK,2021,348516647445.148,11.9347162169362,1455.31922370186,12.5983591079712,24.4,310.65509677252,58.362142214514,26.576951834858743
PAN,2011,35687738300.0,6.19079354770991,9662.29592216607,41.9725303649902,30.77,49.6839521119182,64.6143114215781,24.298073001748403
PAN,2012,41595439700.0,6.09446496607175,11064.8063606203,43.8421783447266,30.9,50.5684153887544,64.6899366111189,24.45125637560848
PAN,2013,46949496500.0,6.48855584638698,12273.3225037637,46.529681614467066,31.82,51.4572101156847,64.7636759134082,24.572338318368526
PAN,2014,51427104900.0,6.46788654828594,13213.1989637473,44.9672698974609,38.3,52.5108067997841,64.8298521582369,24.663431203101336
PAN,2015,55767806100.0,6.26013276143563,14082.6548502728,47.9322700500488,36.8,53.4273475445224,64.8908740567791,24.744462588220145
PAN,2016,59760858700.0,6.05024388647213,14832.3611608191,48.728271484375,33.49,54.3589584457636,64.9564237451839,24.81361674681098
PAN,2017,64327688800.0,5.93031938682056,15694.6297454295,46.529681614467066,34.98,55.298259579061,65.0242015347767,24.887255994473804
PAN,2018,67316471200.0,5.74622039902769,16151.3273478476,46.529681614467066,32.37,56.1857643569695,65.0938653057126,24.932670786594475
PAN,2019,69778991200.0,5.67557287930525,16477.9066285687,46.529681614467066,31.51,57.0868158533297,65.1881520310586,24.968598815736108
PAN,2020,57059846500.0,5.66800858814087,13290.5608347594,45.2206611633301,29.04,57.87626044756,65.316702152513,24.767366492577427
PAN,2021,67396392500.0,5.28330073453115,15509.8069109784,53.0445899963379,28.0,58.5791992450795,65.4480767615447,24.933857329693353
PER,2011,171761737046.585,15.0914598699078,5861.35793645245,72.28837203979495,30.34,22.8938171875,63.7051205709866,25.86937410368532
PER,2012,192650021648.583,15.164396582771,6519.37852981527,72.28837203979495,34.1,23.0862234375,63.8537658044574,25.98414102039118
PER,2013,201175543571.392,14.831406515612,6746.80025696601,72.28837203979495,35.96,23.29524921875,63.9921870469901,26.02744371495777
PER,2014,200786250582.943,13.9596976357841,6667.13410360861,72.28837203979495,34.73,23.5279890625,64.1329645084282,26.025506749227073
PER,2015,189802976285.619,13.7880201715375,6231.71150338894,72.28837203979495,34.87,23.795,64.2983458972473,25.969252404166934
PER,2016,191898104390.379,13.3440281131691,6217.03599995447,73.330192565918,32.51,24.1144484375,64.5030119796406,25.980230361799652
PER,2017,211007984080.911,12.9708469176106,6736.16693725487,71.2465515136719,32.9,24.47237265625,64.7524640868538,26.075161808952615
PER,2018,222597009739.235,13.1690240955292,6978.49121548627,72.28837203979495,31.8,24.9199875,65.116760333898,26.128628842360857
PER,2019,228346006003.648,12.8493511674786,7037.00803692604,72.28837203979495,32.93,25.35101796875,65.4853603481098,26.15412788574632
PER,2020,201409694755.934,12.2526157277512,6133.32552410183,72.28837203979495,28.79,25.65513984375,65.7782365403473,26.02860695289425
PER,2021,226354278280.885,12.0657346478745,6826.9720069846,72.28837203979495,31.2,25.9030328125,66.1055495371832,26.145367211824418
PHL,2011,234216730295.938,21.7043269521461,2383.91892526787,30.8261947631836,28.98,329.505362712547,61.3850819239797,26.179512721493438
PHL,2012,261920540972.102,21.3285712085069,2614.61644410764,31.3085117340088,29.0,335.96777677164,61.7186610350509,26.291307015976777
PHL,2013,283902828581.65,20.4344987662807,2781.27957670473,33.7904281616211,31.18,342.342744072174,62.0410797268429,26.371897863678452
PHL,2014,297483555344.802,20.5750839902722,2866.83803767919,35.9550590515137,29.87,348.013314552101,62.3216282458617,26.418624784252387
PHL,2015,306445871246.718,19.9280223739769,2909.85818014474,38.1037750244141,31.05,353.197813327967,62.6875930117321,26.448306973942614
PHL,2016,318627003012.52,19.5903031996457,2985.19564020101,40.4857482910156,31.83,357.969342992253,63.1300684825105,26.487286986049043
PHL,2017,328480736798.792,19.5002020560488,3038.12124955619,35.4054260253906,32.48,362.61090317604,63.5459353202846,26.51774403326978
PHL,2018,346841896583.515,19.0982471670238,3168.51036606257,29.428638458252,31.56,367.123744843546,63.899758760509,26.572134883620315
PHL,2019,376823402244.928,18.5164544000114,3400.78949772302,31.2367649078369,36.18,371.615799711574,64.2071776686226,26.65504248558871
PHL,2020,361751145451.597,17.6581790478661,3227.57910235199,32.8472557067871,35.19,375.897186168964,64.592028512455,26.614222368870674
PHL,2021,394087359848.11,17.6400846961045,3484.38593882819,34.8456192016602,35.3,379.317000368917,65.1056206866521,26.699838447169697
POL,2011,527848543023.469,16.1389060287032,13867.6669408192,75.8021011352539,38.02,124.296296901022,71.1217900505102,26.992075229168908
POL,2012,498148649702.66,16.5564693800308,13087.420943321,75.0382919311523,40.4,124.300058781268,70.8309123377924,26.934164362809614
POL,2013,518179836405.36,15.5581865074907,13621.9023794031,73.317268371582,40.12,124.229110740995,70.4628284457914,26.973588193482485
POL,2014,542134167178.627,16.9081122802504,14262.2841914116,70.2389678955078,40.64,124.144273163722,70.0250512784321,27.018779348672837
POL,2015,480054118583.367,17.6693391336256,12637.5220324406,69.3731994628906,40.16,124.061569613639,69.5235017932482,26.897164681541557
POL,2016,473259583969.643,18.2752041844413,12464.0110508476,69.8503799438477,40.22,124.008253045495,68.9521816813071,26.882909878219362
POL,2017,528356676667.211,16.8858634359557,13913.3402919927,70.6174621582031,41.99,124.0237303635,68.3269085235055,26.993037416579973
POL,2018,594616687350.017,16.4851063076839,15658.2120316794,71.0217437744141,41.67,124.031583760656,67.6767403778615,27.11118281195013
POL,2019,602683770144.88,16.6614878848919,15874.5220531254,70.9065017700195,41.31,124.025595374212,67.0192549762975,27.124658468492907
POL,2020,605914237903.742,16.2083685829628,15987.5753654045,70.9730377197266,39.95,123.800574919152,66.4351589630372,27.13000429138961
POL,2021,689170230665.35,17.3006156636927,18635.5104895754,72.2060623168945,39.9,120.815285854296,66.0026656203027,27.258754146623986
PRT,2011,245426767676.002,11.328789395701,23246.5425416481,65.7039816720145,42.4,115.269789278305,66.0859174471284,26.226264441008997
PRT,2012,216536676771.973,11.3753199190097,20593.4274224109,65.7039816720145,45.3,114.803406485424,65.8555190404398,26.101025777763827
PRT,2013,226677408291.745,11.5651993214334,21676.4859642714,65.7039816720145,45.1,114.156128691384,65.5944048254508,26.14679373484801
PRT,2014,230078616299.675,11.8414875390346,22120.6850127107,65.7039816720145,45.63,113.541770372117,65.3302452379704,26.161686897464463
PRT,2015,199038523119.639,12.2513540948869,19215.7813014347,61.8582000732422,46.61,113.072519583956,65.126992390842,26.016764226451805
PRT,2016,206305431241.638,12.2435166305722,19980.2808866516,63.2655715942383,46.45,112.716384151187,64.8902291547221,26.05262358358758
PRT,2017,220862990767.229,12.4309295704729,21442.3842768879,64.1698226928711,46.05,112.441815784188,64.6083708165567,26.120808394935402
PRT,2018,242092894542.888,12.322133201471,23541.1401075289,65.0279083251953,45.71,112.261935951514,64.3500227062455,26.212587351194497
PRT,2019,240115970063.019,11.9377600515866,23343.3628970034,65.9340515136719,44.65,112.288582794065,64.0780142495373,26.204387852176637
PRT,2020,229618773422.577,12.0900462439681,22299.4044062173,67.7980194091797,43.51,112.406676011074,63.7995986507522,26.15968626382696
PRT,2021,256055879091.139,12.4429299331489,24711.4510062111,71.8742980957031,44.2,113.113510527741,63.5636491754777,26.268661535306624
QAT,2011,167775268626.374,9.46271769221704,103261.506539346,12.6008596420288,47.74,139.94496124031,84.9067616444408,25.84589123410029
QAT,2012,186833502362.637,10.5240057860378,108470.378825036,12.2866897583008,45.5,148.358139534884,84.4749430685165,25.95348369549646
QAT,2013,198727642967.033,10.2049904181882,103697.008372373,14.8707304000854,41.0,165.066838931955,84.2675120692734,26.015201095937392
QAT,2014,206224598571.429,10.1421524949587,95840.6310094498,17.306360244751,40.31,187.271105308964,84.5362274677106,26.05223169613502
QAT,2015,161739955576.923,8.91552530998815,68985.2946961507,15.9339895248413,39.01,204.051958224543,85.0004150650272,25.809255669956716
QAT,2016,151732181868.132,8.47608042005157,61253.6375482797,14.8163604736328,37.47,215.588598781549,85.2115049327299,25.74538284231909
QAT,2017,161099122225.275,8.04717029814568,63279.8556949332,16.7774391174316,37.9,221.568320278503,85.1403706234452,25.805285678481816
QAT,2018,183334953818.681,8.23742387263655,71039.8490579352,17.4458293914795,36.56,224.606962576153,84.9008489965384,25.93458066547674
QAT,2019,176371267689.082,8.33357268439132,66841.3013472693,21.0931396484375,33.86,229.648128807659,84.2722328471747,25.895857085671288
QAT,2020,144411363345.27,7.9112604108311,51683.5054353851,23.7649192810059,30.81,243.180852915579,83.3551879431043,25.695931753835765
QAT,2021,179732009554.846,8.76190774258305,71751.8831234838,31.281400680542,31.5,218.007832898172,83.1531782441238,25.914732742612884
ROU,2011,192623977894.173,25.9119432595128,9560.6755277458,66.7865829467773,36.83,87.5332493374462,68.173303919419,25.984005824377533
ROU,2012,179117323107.087,21.2783438640457,8929.95366231474,54.9534912109375,37.8,87.201265107382,67.987473244784,25.911306864435012
ROU,2013,189798603751.235,20.2152670692205,9497.67411615237,51.3826103210449,40.33,86.8742903099596,67.8443383194302,25.96922936667387
ROU,2014,199722319675.741,21.5132642153968,10031.7710755404,51.0950393676758,38.08,86.5306806328234,67.5465618438621,26.020193837150572
ROU,2015,177885131240.315,20.2080251087435,8977.01748158196,49.3609886169434,38.2,86.1248956884562,67.1333496502281,25.904403848812805
ROU,2016,185290759248.844,20.1242845144537,9404.54005870715,49.911319732666,37.9,85.6322453059805,66.7152920502478,25.94519209985684
ROU,2017,210147385855.419,19.8307791051555,10727.9822007426,50.5108184814453,39.16,85.1387126216968,66.2634006422186,26.07107495889794
ROU,2018,243468683030.34,18.9031368704113,12502.2624061935,51.9943504333496,37.59,84.6399947844228,65.8004680304066,26.2182541594128
ROU,2019,251677082534.495,17.1227125435243,12992.0326104674,52.4439697265625,36.76,84.1952712100139,65.3516450135071,26.25141268422517
ROU,2020,252033792712.145,15.8025948052662,13082.3006559554,53.4911117553711,35.95,83.7328320584145,64.8847498479951,26.25282901353156
ROU,2021,286578196368.297,15.6083009697012,14986.7854904274,55.2656097412109,35.6,83.1104789638387,64.5750261544466,26.381277272573836
RUS,2011,2045922753398.04,11.4709337154407,14305.33203125,80.162971496582,35.85,8.73293828429975,72.0292797017845,28.346870027807828
RUS,2012,2208293553878.42,11.4152854387593,15401.8515625,80.5323486328125,37.9,8.75493589434367,71.5757065534545,28.42324118563241
RUS,2013,2292470078346.22,11.0573063367208,15941.4482421875,82.8009567260742,37.2,8.78102091547408,71.0307780178912,28.460650989016376
RUS,2014,2059241589895.01,11.3355804143996,14055.47265625,84.5181427001953,39.14,8.80737424184231,70.3612786579556,28.353358870697274
RUS,2015,1363482182197.71,12.3830188656764,9277.7138671875,84.2355728149414,39.32,8.8320122221157,69.6107173405512,27.941062971451554
RUS,2016,1276786350881.14,11.700279102879,8663.158203125,83.8600387573242,38.5,8.85489473873823,68.9243897445989,27.875367373485457
RUS,2017,1574199360089.0,12.3127721301087,10658.9130859375,81.7051010131836,38.76,8.87185768709161,68.3009219594445,28.084767916155503
RUS,2018,1657328773461.31,12.8198832505149,11211.8876953125,81.5681076049805,37.9,8.87825976514438,67.7832495905018,28.13622824957445
RUS,2019,1693115002708.32,12.9692072844848,11447.701171875,80.9520721435547,37.62,8.88162945666663,67.2972984998669,28.157591145129473
RUS,2020,1493075894362.14,13.4028136833178,10108.3271484375,57.2232894897461,35.63,8.86891988517952,66.8593105362114,28.031859466657885
RUS,2021,1843392293734.38,12.61307730356,12521.5224609375,54.9542503356934,36.6,8.83848757424343,66.546118958482,28.24262862803417
RWA,2011,6884913658.10632,8.3702907162069,651.133677964662,6.83723020553589,25.86,428.606931495744,55.0742533408022,22.65259842846834
RWA,2012,7654761573.54991,8.2846613345994,706.817317494399,6.70939016342163,27.9,438.990717470612,55.2987141803051,22.758593719071964
RWA,2013,7819963715.75353,6.82604607357561,704.924190167572,6.23149013519287,27.64,449.669233887313,55.5068130968671,22.779945751563652
RWA,2014,8238966063.86692,6.81723322004657,724.957521209377,7.35862016677856,29.31,460.671139035266,55.6992111665916,22.832140695308755
RWA,2015,8543759677.58157,6.83354613396964,733.998585018273,7.53125,30.09,471.829023104986,55.8901563931752,22.868466991144782
RWA,2016,8695272300.91019,6.70526496539237,729.519154199595,7.57807016372681,29.96,483.144831779489,56.1025994818604,22.886045301215734
RWA,2017,9252834336.49492,7.67787089010896,758.301002985965,7.34488010406494,27.36,494.611268747467,56.3437544011522,22.94819575629154
RWA,2018,9637904655.17446,7.6219933142698,771.773521962568,6.76095008850098,26.54,506.201702472639,56.6302952050914,22.988969562521145
RWA,2019,10349300380.33,8.35941162223427,810.051420243718,6.31429004669189,27.38,517.880137819214,56.9801057489909,23.06018475826969
RWA,2020,10174387374.3478,8.73625657811809,778.701538550324,7.56710004806519,25.06,529.624523713012,57.3677254660379,23.043139357553134
RWA,2021,11069280649.6459,9.23966672098635,828.833032800998,7.35958433151245,23.9,541.35630320227,57.7540684344595,23.127439599590396
SAU,2011,676634666666.667,9.93355350794914,26966.2941648251,28.9419498443604,36.44,11.6723187994548,70.7168832641369,27.240397328555503
SAU,2012,741849866666.667,9.7269276766512,28348.5730107499,36.0444107055664,39.3,12.1733184784783,71.3417737515747,27.332412723612347
SAU,2013,753864533333.333,9.89981577592013,27290.1978052614,43.163501739502,41.21,12.8502267768841,71.8696842780143,27.348478524798708
SAU,2014,766605866666.667,10.8317807464383,27079.6733871148,51.2110710144043,41.61,13.1690025073383,72.3162048199076,27.365238642702963
SAU,2015,669484266666.667,12.8336399043084,22453.571552265,56.5505714416504,40.65,13.8700845238151,72.7032579683734,27.229773501677034
SAU,2016,666000000000.0,13.1982782782783,21515.6600083775,64.6551132202148,37.75,14.399377584675,72.8708364725954,27.2245555074868
SAU,2017,714994666666.667,13.2936376215394,23081.2045336558,72.4816665649414,36.17,14.4101498355577,72.5539157080724,27.29554092040514
SAU,2018,846583733333.333,12.569546182319,28036.0264674095,74.5258178710938,34.27,14.0468072140634,71.9567949680951,27.464474950737294
SAU,2019,838564800000.0,12.4891163250989,27892.8421521179,79.6130676269531,32.93,13.9851787932213,71.7987360634578,27.45495769608234
SAU,2020,734271200000.0,12.6378736721073,23271.4037647084,74.7805709838867,30.94,14.6777023663877,71.9864782936657,27.322144279607983
SAU,2021,874156000000.0,13.2071926139804,28396.0864182336,74.3924865722656,31.8,14.320382473752,72.1749607532303,27.49652468637707
SEN,2011,17814283639.3119,17.2457486401925,1374.67591873844,10.0053596496582,27.56,67.3084558250662,53.7310989404075,23.603266424099
SEN,2012,17660870411.5235,16.9951058363143,1326.83798848379,10.1298198699951,28.8,69.1346543395834,53.7078017649908,23.594617318083387
SEN,2013,18918667724.8817,17.3800241394178,1379.83196553924,10.4236698150635,30.48,71.2140913104451,53.7401403808036,23.663414981858335
SEN,2014,19797253440.2679,16.9974155601834,1398.89137601382,10.8330898284912,30.06,73.5059575131148,53.8844213348809,23.70880904988708
SEN,2015,17774766696.1759,17.0529991959005,1218.00613555438,10.9290800094604,30.95,75.7976990598868,54.1120274086851,23.601045687158628
SEN,2016,19040312333.1864,16.4126562605797,1266.43957151587,11.130820274353,26.14,78.0892380408248,54.3968395932547,23.669824270228993
SEN,2017,20996562943.5979,15.8053087502448,1356.80518449031,11.7735300064087,27.11,80.3770944787825,54.7454841926833,23.767624591922065
SEN,2018,23116701556.1381,15.5256232627653,1452.55612562445,13.0590801239014,26.53,82.6598348309354,55.161731926394,23.863821204315787
SEN,2019,23403995992.1354,14.8921153803941,1431.18128932159,13.3833703994751,26.83,84.9370072196541,55.629971072753,23.876172613625393
SEN,2020,24530513037.7518,14.6422445114601,1461.08720350553,14.2285404205322,23.75,87.2031319794318,56.1414662545808,23.923183609704655
SEN,2021,27520784129.7508,15.0896077803993,1598.10676952274,15.7343301773071,23.3,89.4451098530099,56.694618125052,24.03820734269251
SGP,2011,279356499090.458,19.5825515079778,53891.4570264372,89.82383473714192,59.64,7363.19318181818,78.7713862675959,26.355754577626435
SGP,2012,295092888076.589,19.1168219800662,55547.5553077786,89.82383473714192,63.5,7524.69830028329,78.8186833661434,26.410556018559447
SGP,2013,307576360584.992,17.6384096148755,56967.4257940383,89.82383473714192,59.41,7636.72135785007,78.7282392629886,26.451989220470576
SGP,2014,314863580758.455,17.9997688921285,57564.8023114977,89.82383473714192,59.24,7714.7023977433,78.546922809139,26.47540530500985
SGP,2015,307998545269.398,18.0893298548734,55645.6068614606,89.82383473714192,59.36,7806.77291960508,78.3192236422757,26.453360896757527
SGP,2016,319053943915.005,17.4744213597612,56899.9181805173,83.9409790039062,59.16,7908.72073342736,78.0308714909358,26.488626028616757
SGP,2017,343257164581.712,18.5683328115467,61162.0973932771,84.7929077148438,58.69,7882.37780898876,77.6111451686482,26.56174575415659
SGP,2018,376892697588.005,20.7284988237868,66840.6373389791,88.8864517211914,59.83,7897.30532212885,77.1869683023096,26.655226362099476
SGP,2019,376901649222.451,19.3638513330846,66081.7199235165,91.0889892578125,58.37,7965.87849162011,76.8118792234851,26.655250112965966
SGP,2020,349488382610.662,19.6271161695532,61466.803676358,93.1347732543945,56.61,7918.95125348189,76.2405295018345,26.579736158041097
SGP,2021,434111559282.849,20.2841459034003,79601.4129622433,97.0989074707031,57.8,7595.49582172702,75.5729505669556,26.796567387054196
SLV,2011,20283780000.0,16.246774516387,3330.60049486653,27.1980304718018,29.14,293.925048262548,61.9201865576859,23.73308738883338
SLV,2012,21386150000.0,16.1734112965634,3497.91256915509,27.9502296447754,29.5,295.076013513513,62.5541893776144,23.78600935319063
SLV,2013,21990960000.0,15.9772924874585,3582.26694005169,28.1076107025146,31.32,296.276013513514,63.1773125178882,23.813897296767543
SLV,2014,22593470000.0,16.0762379572505,3666.01248913873,27.3663196563721,29.08,297.439913127413,63.7658396012952,23.840926763420914
SLV,2015,23438240000.0,16.3874932588795,3790.34089108162,27.2137393951416,29.31,298.439961389961,64.2917607348961,23.877634713511945
SLV,2016,24191430000.0,16.2856846412139,3901.34014965811,27.0054702758789,26.56,299.266409266409,64.7564156847839,23.90926427515802
SLV,2017,24979190000.0,16.0846288450506,4020.12671373919,27.4678001403809,26.68,299.880936293436,65.1496366761361,23.94130891517736
SLV,2018,26020850000.0,15.6878426338878,4183.54620971358,28.0338802337646,25.11,300.183735521236,65.4569293342278,23.982163976676304
SLV,2019,26881140000.0,15.5586779429741,4320.11671534627,28.3688907623291,24.89,300.304922779923,65.6988091655561,24.014690762416336
SLV,2020,24921190000.0,14.7404277243583,3997.19279583709,30.8192100524902,24.85,300.901206563707,65.9569342324021,23.938984282534523
SLV,2021,29043140000.0,15.0693072443269,4642.60743101342,30.1295890808105,25.0,301.919980694981,66.2417157632504,24.092048147779497
SRB,2011,51251098408.0924,16.9507867048185,7082.2861666075,52.1371002197266,36.31,82.740898696547,68.2442167761947,24.660002887088282
SRB,2012,45103269969.4112,17.3944698729184,6263.04086072815,54.0148391723633,40.0,82.3404642122113,68.098876897828,24.532220585691686
SRB,2013,50455529604.0696,19.1832086363947,7040.41812068781,56.6968688964844,37.87,81.9409215641436,67.7436627284965,24.644358183370485
SRB,2014,49114321280.3466,18.2206993895186,6886.67809068704,58.3684997558594,35.89,81.5434141321747,67.2902689526134,24.617416504988583
SRB,2015,41297410634.9586,17.808446227027,5820.3215576888,58.9525413513184,36.47,81.1271781385776,66.7748162145044,24.444065638457786
SRB,2016,42225495909.5633,17.7523192064361,5982.37030126471,62.9142799377441,33.75,80.7034301394923,66.2812936644156,24.466290044025147
SRB,2017,45972834713.8077,17.6965113987748,6548.03653824187,67.5830535888672,35.34,80.275074319689,65.7962638473577,24.55131650929252
SRB,2018,52787520248.9242,16.9084672527415,7559.86165747394,68.3218307495117,35.46,79.8376857992225,65.2458205597449,24.689540640799564
SRB,2019,53864693664.5568,15.6952458067007,7755.632986437,69.0413818359375,35.71,79.4104161902584,64.6822977246048,24.709741066180076
SRB,2020,55874017668.998,14.8459192821502,8098.70955668849,68.5755081176758,34.33,82.0445475086217,64.1681331223259,24.746365308857555
SRB,2021,66159884072.5308,14.4741898752194,9680.52798074468,69.2907028198242,35.0,81.2739445831847,63.8036743847863,24.915340135431332
SVK,2011,99705104723.4341,17.408841685454,18469.4354316836,57.1524887084961,39.05,112.260522375645,71.947544218498,25.325482713440337
SVK,2012,94724394278.052,17.2745943049528,17516.9691054078,57.0384407043457,41.4,112.451734320413,71.7045328186371,25.27423739929964
SVK,2013,99134277850.3418,16.6679619490037,18312.7805149823,55.253978729248,42.25,112.572637664282,71.3702712441166,25.319741110002834
SVK,2014,101713075598.862,18.5341754362134,18770.9289896545,53.8843002319336,41.89,112.700686356073,70.9768771615539,25.3454217020301
SVK,2015,89178548717.3324,18.8287638047366,16442.0760860018,52.7206687927246,42.99,112.803148787488,70.5178405978439,25.213906362379465
SVK,2016,90347173228.6356,17.7674522396181,16636.0769133073,50.3014488220215,41.7,112.953369384359,69.9313041813556,25.226925566595764
SVK,2017,95978130734.9766,17.1198654148987,17645.5298716761,49.1256103515625,43.43,113.128785357737,69.2551309624215,25.28738619761879
SVK,2018,106611673364.837,18.107047254531,19573.3717031314,47.8138313293457,42.88,113.285586522463,68.5861635146178,25.39245884891953
SVK,2019,105843498304.094,18.7020217269875,19406.0589683582,48.1902389526367,42.05,113.43899750416,67.9466053941882,25.38522740896665
SVK,2020,107732602896.441,17.5406369148503,19735.4858280801,48.3790016174316,39.7,113.536335274542,67.3811945998033,25.402918094856847
SVK,2021,120592216208.386,18.1313827228659,22138.1949833348,50.7342491149902,40.2,113.295486688852,66.9089610618438,25.515680576937537
SVN,2011,51199194599.3094,18.196846937948,24940.6284841605,87.1887130737305,45.07,101.898292465005,69.2279739789653,24.65898963838591
SVN,2012,46167053954.3367,18.7169143022718,22442.1417859955,89.0215606689453,49.9,102.114049151928,68.7880511619956,24.55553226277311
SVN,2013,47867056858.8892,19.1692650538617,23236.9655321695,87.8572082519531,47.32,102.281678252234,68.2843640336961,24.591693356507303
SVN,2014,49514466379.6057,19.6425391528278,24013.0682060959,84.3780288696289,47.23,102.382323733863,67.7481374494419,24.62553071391736
SVN,2015,42709468274.8137,19.9837917138592,20697.2748530619,82.1997833251953,48.49,102.446109241111,67.157989987121,24.477686472057425
SVN,2016,44290685824.0682,20.2309490466323,21447.8377796036,79.4747467041016,45.97,102.52417833383,66.5706788630685,24.51404023961302
SVN,2017,48153200134.6613,20.6408219046834,23303.077705959,79.2703475952148,45.8,102.610871929328,65.9854248185375,24.59765343476111
SVN,2018,53689067639.9176,20.4061968964047,25888.0481065655,77.3015975952148,46.87,102.992292564709,65.452513323996,24.706475235611137
SVN,2019,53909922735.545,20.5744094031508,25814.1687167572,76.4720077514648,45.25,103.711934605987,65.0408615176971,24.710580393197034
SVN,2020,53384760135.1581,20.5177897656073,25392.0651093612,75.8166809082031,42.91,104.408881428657,64.7403622350344,24.7007911514535
SVN,2021,61529280461.092,19.9552883180913,29187.369382785,82.2400436401367,44.1,104.689964442502,64.4067832697893,24.842779003515236
SWE,2011,570541353128.724,14.7659207495071,60379.7748160321,71.9184112548828,62.12,23.1973780115221,64.6999145647294,27.06985148938621
SWE,2012,549742183874.355,14.0759917003892,57749.8251328664,68.742301940918,64.8,23.3696200002111,64.2350876804122,27.03271524868013
SWE,2013,584128116410.29,13.3622549733324,60844.2767113975,65.7820892333984,61.36,23.5684835040631,63.7580854153169,27.09338617312981
SWE,2014,577730245154.162,13.0440047804025,59583.7140001673,64.9541931152344,62.29,23.8034986523533,63.3172186453916,27.0823728927931
SWE,2015,501698263620.663,13.7629512175237,51197.9529341175,66.4283218383789,62.4,24.0582617728817,62.9579789502128,26.941264707439327
SWE,2016,514218206628.325,13.4787218481616,51820.3972482676,68.306037902832,63.57,24.362449750883,62.700911392201,26.96591353882994
SWE,2017,536083940228.684,13.3346803677229,53300.8587281785,70.4342498779297,63.82,24.6929419766692,62.5219734831306,27.007556590660208
SWE,2018,551312498430.164,13.3725935846173,54181.9069780904,73.4083786010742,63.08,24.9814588688378,62.3768470334521,27.035567633117946
SWE,2019,532169294165.94,13.1358594902138,51773.0464558993,75.1148529052734,63.65,25.2378879395011,62.2726593946469,27.000227497782564
SWE,2020,545147614972.141,12.6405652444603,52653.7565934247,79.1196365356445,62.47,25.4209438224317,62.2041144475448,27.02432244809545
SWE,2021,637186904843.636,13.4735170569286,61174.9680215622,85.9426193237305,63.1,25.5740792575133,62.1530987776028,27.180328863678277
SWZ,2011,4820478680.18375,31.6891802476489,4312.34243414155,6.76452016830444,27.52,64.9902906976744,58.5969645747779,22.296139071319327
SWZ,2012,4886551483.93374,31.0190126503485,4347.99569336631,6.4705600738525355,32.0,65.3408720930233,58.8848200871369,22.30975267364054
SWZ,2013,4418333192.47449,28.8990583014034,3910.0639762073,6.17659997940063,29.6,65.6970930232558,59.1550367702369,22.209028356138752
SWZ,2014,4250545460.94523,29.3688253741092,3740.69277623691,6.4705600738525355,25.33,66.0638953488372,59.4682385534089,22.1703131553992
SWZ,2015,3878174403.5524,30.5674052347362,3393.53367834668,6.4705600738525355,25.37,66.4426162790698,59.8218430407438,22.078630365306537
SYC,2014,1387577870.08161,7.26865319905086,15188.1902175113,7.24571990966797,38.56,198.60652173913,71.3810681814924,21.050825524591392
SYC,2015,1432403352.12944,5.85840609143849,15333.1051727105,16.4337902069092,36.44,203.084782608696,71.5689245963098,21.082619536304634
TGO,2012,5413544658.41535,11.9565612510716,762.392047587088,10.9630603790283,20.5,130.55223386652,55.5980957466944,22.412169920134485
TGO,2013,6021732977.26584,14.5480609279658,826.543259457126,11.0933198928833,23.04,133.948189005332,55.6021652495483,22.518640924818243
TGO,2014,6393318261.82712,16.1808840672593,855.585284856656,10.7719402313232,17.65,137.386468100754,55.6405425502651,22.578519260352365
TGO,2015,5755461035.38026,14.8853305305729,751.052405084336,11.0391302108765,18.43,140.893454679169,55.6964323825485,22.473414986316502
TGO,2016,6071170959.12093,13.4096019522988,772.581787093976,12.3244800567627,18.42,144.480400808972,55.7632202124407,22.526817332658844
TGO,2017,6387422517.69225,13.0099490414948,792.765487219069,12.5233001708984,18.41,148.136422136422,55.8493557173734,22.577596662100078
TGO,2018,7029300383.08031,13.2525356008606,851.130806891807,13.0981397628784,18.91,151.843684500827,55.9551727870637,22.673353019051415
TGO,2019,6992700101.37188,12.6335456786508,826.260654099894,13.3234195709229,18.54,155.599705828277,56.0742451791714,22.668132599201822
TGO,2020,7400284167.78479,12.9535861016551,853.578220263722,15.0659399032593,18.54,159.399154256297,56.2246787540613,22.724784237471233
TGO,2021,8342243645.94438,12.6000047556977,939.613373786407,12.244747797648111,19.3,163.235502849789,56.422234082496,22.844598039432547
THA,2011,370818739623.622,28.9958809244545,5373.6232832898,52.1359634399414,37.63,135.072536162383,71.4681993799836,26.638979207720375
THA,2012,397558325278.579,27.9727873518431,5725.52802835463,50.2119026184082,36.9,135.912031944254,71.6211926251962,26.708607490537542
THA,2013,420333654592.547,27.5886907461759,6018.08244729255,49.3342018127441,37.63,136.712626984282,71.6876647113235,26.764314648539234
THA,2014,407339040197.651,27.5735009565918,5801.1978916205,49.7557334899902,39.28,137.439305917125,71.6555591067219,26.7329116982169
THA,2015,401296238228.084,27.3740711959416,5688.85335397884,47.7847469329834,38.1,138.07433106931,71.5683231839936,26.71796574021094
THA,2016,413366349747.508,27.1442393688371,5833.57715617098,49.508472442627,36.51,138.698821664155,71.4840033899878,26.74760008210866
THA,2017,456356813536.764,27.0148154805347,6413.09182530343,47.7228775024414,37.57,139.286709467791,71.3970271044959,26.846540826304608
THA,2018,506754208404.485,26.7128343918527,7099.77650081458,46.5399513244629,38.0,139.709289670966,71.2751569841428,26.951291926939618
THA,2019,543976691793.886,25.6215964143658,7605.69657797759,45.4407386779785,38.63,139.995441288731,71.119813854904,27.022172236917317
THA,2020,500461898480.246,25.5553325712421,6985.64393892574,43.1145401000977,36.68,140.228785061364,70.9348809059768,26.938797305891292
THA,2021,506256494297.34,27.1675994932487,7058.0694998852,44.0830879211426,37.2,140.396821233534,70.7171395974968,26.95030928352654
TJK,2011,6522756255.012,9.66276591145652,833.601978202852,22.2888793945312,24.5,55.9072949414118,60.1881418985862,22.598562862055
TJK,2012,7633036903.07634,9.47098008743719,952.452819695469,22.7133293151855,26.4,57.2598170905973,60.3349927452719,22.755751624426328
TJK,2013,8448411318.25417,9.22604111283919,1028.19704279396,22.7680702209473,30.0,58.7076593312375,60.5271432098208,22.857244250965397
TJK,2014,9112605459.32845,7.61766542724491,1081.54402932039,24.4802207946777,23.73,60.7089475883735,60.6802913328409,22.93292450725438
TJK,2015,8271431485.07484,10.7329072655156,956.916310930656,26.4624404907227,27.46,62.2799913538439,60.7331753017178,22.836073424724283
TJK,2016,6992416096.89018,11.3777438707216,788.710481734485,29.1225490570068,29.62,63.8780243533396,60.7416550497082,22.66809198395377
TJK,2017,7536402852.85802,12.8052915915902,829.45714764957,31.114070892334,28.16,65.4654225808776,60.7364494572167,22.743010829911917
TJK,2018,7764999999.45362,13.2289696478429,834.288404578801,28.408835305107957,26.51,67.060544707832,60.6510909193858,22.772892293476698
TJK,2019,8300813599.3084,13.4323434011968,871.022372934846,28.408835305107957,26.43,68.6646444268319,60.4935946256262,22.839619370957983
TJK,2020,8133963550.65742,15.6258523576585,834.311715460625,37.2250022888184,22.23,70.2450464730888,60.2954588429613,22.81931416331216
TJK,2021,8937805347.13963,14.9988671924081,896.748053372182,39.504955291748,23.9,71.8128683622739,60.1041285770808,22.91355590909786
TUN,2011,48123325825.0739,15.9695160833215,4420.64772206537,34.4940605163574,33.89,70.069741246138,69.2853931993883,24.59703284089883
TUN,2012,47311401812.6733,15.4349464715618,4297.26782454273,34.2753295898438,36.5,70.865390061792,69.169500582966,24.58001715651772
TUN,2013,48685446413.953,15.008243022509,4369.79345826358,33.0226402282715,35.82,71.713188722966,68.9347454469317,24.608645980770298
TUN,2014,50271812920.612,14.5464536962829,4458.97895464547,33.0825691223145,32.94,72.5687950566426,68.64122151217,24.64071037766905
TUN,2015,45779494041.9295,14.0103780308278,4014.94773686432,33.0580787658691,33.48,73.3925334706488,68.3260271819702,24.547102099464137
TUN,2016,44360072680.4476,13.8089506532377,3847.80354448809,31.186559677124,30.55,74.2061920700309,67.9779030952694,24.51560563785031
TUN,2017,42163530590.9462,14.2010459605045,3619.03247319953,31.0175304412842,32.3,74.9903321318229,67.6324579587732,24.4648214803428
TUN,2018,42686504459.801,14.5169070367437,3628.10366464236,31.1403503417969,32.86,75.7306513903193,67.2921528421048,24.477148652419547
TUN,2019,41905642418.825,14.3189397678933,3528.87213306798,31.8208293914795,32.83,76.4358972708548,66.9427854850001,24.4586863187419
TUN,2020,42491780918.361,13.6939016134445,3548.65363663803,33.1319389343262,31.21,77.0729724510814,66.6348757150563,24.47257650401828
TUN,2021,46812290143.344,14.4492926673771,3885.28166485296,33.8982810974121,30.7,77.5529222451081,66.4809898392949,24.56941161529458
TUR,2011,838785289694.35,16.4486710311014,11300.7852215681,61.516300201416,34.11,96.4406649948677,67.2385009847645,27.455220598498446
TUR,2012,880555885492.269,15.8337489004359,11713.2849831139,70.1044998168945,34.1,97.6778802801346,67.5506129393903,27.50381923304714
TUR,2013,957799120008.32,16.2798557387916,12578.1878632,79.6469573974609,36.03,98.9405610488157,67.8629529763027,27.587903906090997
TUR,2014,938934609296.966,16.7716970232894,12165.220135038,86.9976806640625,38.2,100.284401595572,68.1990081161611,27.568011675068412
TUR,2015,864313810469.009,16.6961854458277,11049.9951100942,95.5645065307617,37.81,101.631276067721,68.5188387624971,27.485201746368283
TUR,2016,869682881593.041,16.5954578952398,10970.0458948862,103.71558380127,39.03,103.007889505347,68.6855786915971,27.491394478231296
TUR,2017,858988492853.742,17.5918310459266,10695.550196231,110.534072875977,38.9,104.352348531112,68.7322045337867,27.479021362861594
TUR,2018,778972108040.602,19.0837580442819,9568.83506330228,115.462463378906,37.42,105.774468250978,68.7066114748183,27.381241077350225
TUR,2019,761005915750.925,18.3774684565259,9215.44049888114,117.005470275879,36.95,107.297584553617,68.5155348426091,27.357906968432186
TUR,2020,720338490327.248,19.1391928132206,8638.73903848102,118.883682250977,34.9,108.343853540013,68.2662379795384,27.302987063936676
TUR,2021,819865223976.115,22.2380503750009,9743.21277804855,125.763786315918,38.3,109.334768655068,68.1089016969559,27.43240580269122
TZA,2011,34657140096.4836,9.54869845954528,775.392761230469,4.304652759007045,26.88,51.9636114247008,51.9194028890295,24.268769604744758
TZA,2012,39650394362.9287,9.43823326401605,861.969909667969,4.03181934356689,23.9,53.4818920749605,52.0201281031078,24.403366731079412
TZA,2013,45648857242.315,9.11089516632175,963.05712890625,3.75791764259338,26.35,55.1186814179273,52.1500522021607,24.544244410647003
TZA,2014,49986726460.6805,9.12010900018828,1022.74841308594,4.304652759007045,25.6,56.8429803567397,52.2929296769969,24.63502333634456
TZA,2015,47413919817.124,7.85556496098664,939.127319335938,4.15589189529419,27.0,58.7276608715286,52.525953864521,24.582181689563654
TZA,2016,49774409374.4538,7.81371783783383,953.0107421875,3.94585990905762,26.35,60.7631666290359,52.8248609036268,24.630766820918762
TZA,2017,53274884532.7886,7.6655871547421,986.674011230469,4.304652759007045,27.97,62.8278279521337,53.0736238495431,24.698730847547957
TZA,2018,57003712892.0858,8.07382315106412,1023.10626220703,4.304652759007045,28.07,64.842114472793,53.2535161109898,24.76638224111719
TZA,2019,61026731925.9213,8.50181055578149,1063.32250976563,3.02422857284546,26.63,66.8038959132987,53.4064794475076,24.83457783341954
TZA,2020,66068737786.0639,8.03212809036323,1117.41528320313,7.50897979736328,25.57,68.8335944908557,53.6083841322846,24.913961518614162
TZA,2021,70655628147.8986,8.02487463288165,1159.85656738281,3.70787215232849,25.6,70.9306976744186,53.839348530772,24.981083605294707
UGA,2011,27871725241.4723,19.0863072206078,835.620060555838,4.35145998001099,26.37,166.340230400958,48.782405011779,24.05087857969881
UGA,2012,27305915910.7877,18.6700067419467,795.222867553127,3.72024011611938,25.6,171.241960901656,49.0159596213317,24.03036921569012
UGA,2013,28915786516.6123,16.5485616173407,818.285427416713,4.02473878860474,31.21,176.227019748654,49.2705614691801,24.087653529176183
UGA,2014,32612397257.4458,15.6338628298848,896.054795546394,4.57403993606567,31.14,181.505779972073,49.5886315846103,24.207958337000182
UGA,2015,32387183730.1002,17.6085476770624,862.934610355811,4.91559410095215,27.65,187.170586475165,49.9920100332933,24.201028617602866
UGA,2016,29203988696.2626,16.2297475967432,752.696571725656,4.75620269775391,27.14,193.49267903451,50.51846880571,24.097571136078905
UGA,2017,30744473841.424,15.5229960881974,765.218332297361,4.3903792699178075,26.97,200.365988430082,51.1141789506077,24.1489761025747
UGA,2018,32927025619.6795,15.7793556188555,792.16570022814,4.3903792699178075,25.32,207.290200478755,51.6624784910471,24.21755960492114
UGA,2019,35348155095.4215,15.4663074825279,822.057058189153,4.3903792699178075,25.6,214.440639337722,52.2003191305973,24.288512038264308
UGA,2020,37600368241.6657,15.7952567223933,845.766463890124,4.3903792699178075,20.54,221.709315778975,52.7143590674189,24.350279680955623
UGA,2021,40529788748.6737,16.4337491871358,882.791717542504,4.3903792699178075,20.0,228.959355675244,53.1816671977675,24.42530306535182
UKR,2011,169333835201.554,11.7655342734613,3656.69799804688,84.7981109619141,35.01,79.9348425740523,71.1659513650314,25.855137959641095
UKR,2012,182591753827.949,12.2296271115814,3951.34228515625,83.8798980712891,36.1,79.7660291376096,71.0053023956517,25.93051864432823
UKR,2013,190498811460.028,11.1405917419353,4129.89697265625,81.5320129394531,35.78,79.6222640336947,70.7630587483478,25.972911792438733
UKR,2014,133503871861.723,12.2281281606135,3054.908203125,83.7842178344727,36.26,79.3598715669181,70.3752093063791,25.61739631707568
UKR,2015,91030967789.0717,11.9027791187924,2094.47387695313,76.8646621704102,36.45,79.0362271055948,69.7670395494619,25.234465590946936
UKR,2016,93355869403.9223,12.2191260296634,2158.46118164063,77.0398406982422,35.72,78.7461064406429,69.2108781249868,25.259684580200453
UKR,2017,112090505081.739,11.980302070255,2604.28759765625,80.1990203857422,37.62,78.432661833247,68.6550169648912,25.442572463006723
UKR,2018,130891088293.55,11.5340215521043,3059.0517578125,81.4946670532227,38.52,78.0271090783569,68.2325299304405,25.59763142728152
UKR,2019,153883047509.577,10.7886004166753,3619.86157226563,84.4813613891602,37.4,77.5931273731446,67.9121159385835,25.75945871908967
UKR,2020,156617722013.342,10.1013826063601,3709.76928710938,82.1345977783203,36.32,77.1142802899551,67.6202746084606,25.777073781490603
UKR,2021,199765859570.935,10.2832971524252,4775.94580078125,75.9079437255859,35.6,76.4560579910252,67.4674594976279,26.020411815542065
URY,2011,50342406067.0777,12.7334043123017,15132.2675725587,52.5558204650879,34.18,19.0082561992915,63.713595351964,24.642113621837908
URY,2012,54232266358.7811,12.1731568219705,16259.5940814256,54.7069091796875,35.1,19.0572563135642,63.8868459894328,24.71654188853191
URY,2013,61337621933.7857,11.2662277882598,18335.2594772322,59.9512596130371,38.08,19.1140269683465,64.0250892510979,24.83965922627626
URY,2014,61496186973.902,12.143302174234,18322.4276767157,59.8266983032227,34.76,19.1768597874529,64.1471819927364,24.84224100941242
URY,2015,57680327998.6689,13.2426613311807,17125.9016800298,57.7897186279297,35.76,19.2436121586104,64.2445391457347,24.77818201643032
URY,2016,57480788390.2581,10.9867748741004,17009.7586944503,59.6462898254395,34.28,19.3079819449206,64.3219434418485,24.774716613968845
URY,2017,65006039994.56,10.2732539423836,19184.6626659717,59.7518882751465,34.53,19.3602902525426,64.4238089089735,24.897746025518206
URY,2018,65344576348.2279,11.0797000508605,19249.9401532664,60.2781295776367,34.2,19.3951205576506,64.5510989137242,24.90294027966623
URY,2019,62222325807.0578,10.5787097811515,18315.7352857194,61.9644317626953,34.32,19.4103873842989,64.6984116798351,24.853979708094286
URY,2020,53668636567.8667,9.67628636306538,15789.6857422214,64.933219909668,30.84,19.4204548051651,64.866512423771,24.706094618822647
URY,2021,60760798595.5436,10.2306420245784,17888.211510172,75.17138671875,32.2,19.4074677179751,65.0844077970509,24.830210658029735
USA,2011,15599732000000.0,11.9472438629074,50065.9789470675,87.98397488064236,56.57,34.0624439459432,67.3349668036885,30.378274850549293
USA,2012,16253970000000.0,11.8575622570978,51784.4114692048,87.98397488064236,57.7,34.3132448275033,67.1170061555629,30.419358302558337
USA,2013,16880683000000.0,11.7719128367022,53409.7507774372,88.7264175415039,60.31,34.5518131888554,66.8895911742848,30.457191066363098
USA,2014,17608138000000.0,11.6174420373125,55304.3155317137,88.6268692016602,60.09,34.8061342979769,66.6847279137693,30.499382297468657
USA,2015,18295019000000.0,11.6055807430427,57040.2082136605,88.8894119262695,60.1,35.0633286762825,66.4980809064681,30.5376499529343
USA,2016,18804913000000.0,11.1581029329942,58206.6141931844,88.8350524902344,61.4,35.3183471405052,66.3180403833652,30.565139281411003
USA,2017,19612102000000.0,11.1814907295506,60322.2614241747,88.1673889160156,61.4,35.5424948236771,66.1219291236341,30.60716794060142
USA,2018,20656516000000.0,11.2802494089516,63201.0458483771,88.2991790771484,59.81,35.7300964643583,65.9220436398193,30.65905193035599
USA,2019,21539982000000.0,10.9764075104612,65604.6815198734,87.8887100219727,61.73,35.8931756713915,65.718674264212,30.700931952001845
USA,2020,21354105000000.0,10.4829088833271,64411.3731779373,87.5676574707031,60.56,36.2426709389095,65.5352308319268,30.692265108784117
USA,2021,23681171000000.0,10.5447977298082,71318.3073592183,84.8550872802734,61.3,36.2997410198723,65.380112850592,30.795701375735206
UZB,2012,67517349212.0609,10.5353690643513,2307.34649117185,7.84954023361206,23.9,67.1452569986232,67.0778725498475,24.9356504271634
UZB,2013,73180037914.9104,11.6145232608903,2461.97947403595,7.97676944732666,23.87,68.207469669955,67.2375935121929,25.016188514642153
UZB,2014,80845385809.4529,12.6883574975987,2674.9628382103,7.99231863021851,25.2,69.3523563008704,67.1905084451678,25.11580435033848
UZB,2015,86196264755.3105,12.8094689336525,2803.19018021751,8.05320835113525,25.89,69.7897094870631,66.9631109070887,25.179892681372205
UZB,2020,66443265418.3086,19.1278574156415,1978.28051860763,15.972095489502,24.54,76.2200658118688,64.9556790474422,24.91961426886288
UZB,2021,77340060003.0347,19.470717302152,2258.51964119278,21.5782890319824,27.4,77.7112512566577,64.4123354034613,25.07147789895969
VNM,2011,172595049183.925,18.694145538196,1950.92504174913,26.6182117462158,36.71,282.390144405715,69.7206595346669,25.874213931429573
VNM,2012,195590661129.249,20.2740924828827,2185.11767654291,26.9095897674561,33.9,285.558644407367,69.9019824583313,25.99928984866932
VNM,2013,213708811665.34,20.6874536915425,2359.51736472828,26.9403114318848,34.82,289.364162813695,69.8981123579468,26.08788023223209
VNM,2014,233451469642.519,20.371229229791,2546.38464459903,32.8659934997559,34.89,292.559228518274,69.7479006720559,26.176240053663822
VNM,2015,239258328381.741,20.9600916821922,2577.56885340113,31.089204788208,38.35,296.1974772084,69.5564437980164,26.20080967704661
VNM,2016,257096001177.982,21.4882532002034,2735.0604380416,30.228063583374,35.37,299.948999160782,69.2591615032732,26.272715397530522
VNM,2017,281353605986.903,22.6271239749306,2956.10992127753,30.253942728042617,38.34,303.688787280275,68.8126189382964,26.36287809947327
VNM,2018,310106478394.659,23.3671679233065,3222.31003125366,30.253942728042617,37.94,307.046632570694,68.4353308489645,26.46018155414275
VNM,2019,334365270496.667,23.7867165015145,3440.90025375434,28.506929397583,38.84,310.034412897339,68.2102971289821,26.53549985659328
VNM,2020,346615738537.796,23.9472430412931,3534.03953482647,30.253942728042617,37.12,312.923153250018,68.0438111484831,26.571482621557625
VNM,2021,366474752771.009,24.4593726835113,3704.1935590038,38.8732376098633,37.0,315.653937574379,67.91665042917,26.627195468508756
ZAF,2011,458199494830.834,12.861770015896,8646.05571071635,17.613130569458,35.22,43.6861279872062,65.6335917560843,26.8505705044572
ZAF,2012,434400545085.811,12.4825918463265,8076.97678479741,17.2647495269775,37.4,44.3351828800831,65.8477380397977,26.79723286036694
ZAF,2013,400886013595.573,12.3667757766351,7331.65467384919,18.0946197509766,37.6,45.0739771987239,66.0240186544723,26.71694296847213
ZAF,2014,381198869776.106,12.4807113856549,6856.73137092522,18.138879776001,38.25,45.8291124318888,66.1642537193448,26.666587043811532
ZAF,2015,346709790458.563,12.5179444713924,6112.27382485974,18.8556098937988,37.45,46.7595454582925,66.3218759288748,26.57175392823078
ZAF,2016,323585509674.481,12.4836443520042,5651.20585165749,18.9649791717529,35.85,47.2014038529705,66.199319306573,26.50272924261914
ZAF,2017,381448814653.456,12.5127045016941,6618.33508255701,21.4171295166016,35.8,47.5110354549127,66.1083636756326,26.667242510002282
ZAF,2018,405260723892.517,12.4570332833175,6914.1780318076,23.3899803161621,35.13,48.3171083761304,66.3669410679632,26.727796459624205
ZAF,2019,389330032224.269,12.4008912661528,6533.71121032856,24.0192794799805,34.04,49.1207453692636,66.6247646931523,26.687693232754505
ZAF,2020,337974655408.055,11.725046778088,5580.60383075189,25.1296806335449,32.67,49.9240625180325,66.8913586802342,26.546236745618152
ZAF,2021,420886877628.703,12.0600788895343,6843.39941886204,25.3566093444824,32.7,50.6991261983859,67.1518228261005,26.76562993530346
ZMB,2011,23459515275.5776,7.51615952950012,1624.86817763443,4.01371002197266,25.27,19.4215633785765,52.0985942763907,23.878542018218198
ZMB,2012,25503060420.026,7.07581325081866,1710.05061343728,3.97994995117188,26.4,20.0616486635548,52.2881251773126,23.962064298380998
ZMB,2013,28037239462.7142,6.02373452894648,1820.71854827391,3.99682998657227,26.79,20.7145603249976,52.5167743067941,24.056799444291755
ZMB,2014,27141023558.0829,6.81998335857482,1707.48573136694,3.99682998657227,25.76,21.3822018052435,52.7905958453796,24.024312204646506
ZMB,2015,21251216798.7762,7.52231130815079,1295.87788680068,3.99682998657227,24.64,22.0598730141648,53.0836302273751,23.77967999179636
ZMB,2016,20958412538.3093,7.68612523021962,1239.08527877713,3.99682998657227,19.92,22.7530946071376,53.3980822165793,23.765805955854926
ZMB,2017,25873601260.8353,8.12723823562854,1483.46577328065,3.99682998657227,20.83,23.4618706197285,53.7380099022898,23.976489029518522
ZMB,2018,26311507273.6735,6.84776647956377,1463.89997855593,3.99682998657227,20.66,24.1778460834824,54.0877190278681,23.993272219360833
ZMB,2019,23308667781.2258,6.78893009670748,1258.98619844462,3.99682998657227,20.36,24.9046113076582,54.4562325929206,23.87209113611826
ZMB,2020,18137764930.651,7.70383075007966,951.644316655957,3.99682998657227,19.39,25.6384872005273,54.8573210219947,23.621262061839893
ZMB,2021,22096416932.0089,8.66831474510408,1127.16077872857,3.99682998657227,19.8,26.3705551594721,55.2798254096854,23.818681302552314
