country,year,gdp_pc_usd,manufacturing_pct_gdp,resource_rents_pct_gdp,tertiary_enrolment_pct,gii_score,population_density,age1564_pct
AGO,2011,111789747670.59,4.16780473313727,4615.91059831778,6.3326301574707,,19.4259661506377,52.1221809832928
AGO,2012,128052915766.343,4.40328953329052,5086.02740086376,,22.2,20.1952306088073,52.110643381122
AGO,2013,132339109040.232,4.82734265180973,5057.74787833163,9.11637020111084,23.46,20.9879040667362,52.0969806945144
AGO,2014,135966802586.713,4.76307157240238,5005.9997412707,,23.82,21.7861305847437,52.0696201188262
AGO,2015,90496420506.5957,5.68514480307257,3213.90261080059,8.68379020690918,26.2,22.5858650838213,52.0344151201028
AGO,2016,52761617225.9253,6.75268074236392,1807.95294072643,9.66034030914307,,23.4082537900056,52.0323838444687
AGO,2017,73690154990.7312,6.58054965735374,2437.25971190821,9.65568923950195,,24.2518962059838,52.0639319428822
AGO,2018,79450688259.3664,6.05946923337998,2538.59139143371,9.35254287719727,,25.1039985561883,52.10972051613
AGO,2019,70897962732.0277,6.13744698434697,2189.85571407618,11.0613594055176,,25.969063928772,52.1792554940819
AGO,2020,48501561203.5686,7.06304272536463,1449.92286669308,,,26.8317413972888,52.2548406993395
AGO,2021,66505129987.7235,6.54051297580083,1925.87466082167,,15,27.6990687414775,52.3460455098597
ALB,2011,12890760315.146,5.66189767373199,4437.14116097061,49.3997001647949,30.45,106.02901459854,67.8454159774467
ALB,2012,12319834195.331,4.61445771380938,4247.63134315945,58.6214218139648,30.4,105.854051094891,68.198600414295
ALB,2013,12776224496.9718,5.05980135594677,4413.06338346821,63.8440589904785,30.85,105.660291970803,68.3856722403311
ALB,2014,13228147516.1168,5.32578898520395,4578.63320812155,65.5507125854492,30.47,105.441751824818,68.4466928018412
ALB,2015,11386853113.0189,5.67151941669391,3952.80357364813,61.9608497619629,30.74,105.135145985401,68.4632957891861
ALB,2016,11861199830.8396,5.68442741798015,4124.05538986272,58.4884796142578,28.38,104.967189781022,68.473513186339
ALB,2017,13019726211.7369,6.15816688393972,4531.03220675893,58.0177803039551,28.86,104.870693430657,68.411252681582
ALB,2018,15379509891.7196,6.70811438467001,5365.48934672897,56.0802993774414,29.98,104.612262773723,68.2552118334715
ALB,2019,15585105131.0644,6.96748875847972,5460.42823730592,61.4085083007812,30.34,104.167554744526,68.0076096803147
ALB,2020,15241458744.8688,7.06941246497269,5370.77862312929,61.5853004455566,27.12,103.571131386861,67.7110196944345
ALB,2021,18032010563.7558,6.91828890492335,6413.28328605026,59.9698715209961,28,102.615547445255,67.3665631972931
ARE,2011,360832739558.385,8.14829315970101,50789.0505418347,,41.99,100.035736412278,81.7491567206735
ARE,2012,384610125384.033,8.08503637670565,52034.4762466073,,44.4,104.075584342439,81.7319747580354
ARE,2013,400218529747.597,7.92574426833549,52023.5170958751,,41.87,108.322036046184,81.6884573970865
ARE,2014,414105366758.911,8.11529453740231,51381.4069909213,,43.25,113.481272880879,81.6610900166076
ARE,2015,370275469560.166,9.1758933520037,43534.9972681733,,40.06,119.75833568009,81.6642098864586
ARE,2016,369255326235.771,9.32746091059342,41326.4018161834,,39.35,125.8109687412,81.7037621944191
ARE,2017,390516804016.501,9.38138082343735,42340.5917145576,,43.24,129.867994931005,81.7573549214794
ARE,2018,427049432149.345,8.92578979482029,45689.8570040215,,42.58,131.606603773585,81.7897488678028
ARE,2019,417989721734.494,8.86735310804829,44251.4541390148,56.5684204101562,42.17,133.001760067587,81.8226037478217
ARE,2020,349473015336.939,10.2917800360059,37173.8754100281,55.7540512084961,41.79,132.371698113208,81.8563407363944
ARE,2021,415178792769.884,10.0017515004787,43360.0211014806,,43,134.823317375387,81.87240475274
ARG,2011,530158122010.442,15.8506983942663,12704.2831819684,77.4296112060547,35.36,15.2485886234831,63.9901889403356
ARG,2012,545982375701.128,15.2168009115954,12949.717486654,78.4559097290039,34.4,15.4061004351973,64.0423079024418
ARG,2013,552025140252.246,15.0110542553443,12963.675773326,78.7686614990234,37.66,15.5598387102668,64.0825562537135
ARG,2014,526319673731.638,14.7727785491821,12233.1444119186,81.1694107055664,35.13,15.7212073709481,64.0920281103568
ARG,2015,594749285413.212,14.1815854549835,13679.6264980954,83.762580871582,34.3,15.8867142423877,64.0810849650845
ARG,2016,557532320662.955,13.4880259708051,12699.9623137756,86.6178817749023,30.24,16.0413905118958,64.0835958950498
ARG,2017,643628393281.364,12.8351683415363,14532.5009308511,89.2329406738281,32,16.1833799224611,64.1137437299744
ARG,2018,524819892360.176,14.0601434041581,11752.7998922979,90.9728317260742,30.65,16.3171137395905,64.1630568429568
ARG,2019,447754683615.225,13.5408390702829,9955.97478680428,95.0775527954102,31.95,16.4335255363231,64.2701694847154
ARG,2020,385740508436.965,14.5905295089183,8535.59938004389,99.266227722168,28.33,16.5133665121004,64.5074745533578
ARG,2021,486564085480.036,15.558416982668,10738.0179223384,107.130661010742,29.8,16.5573305708721,64.8426321239199
ARM,2011,10142111824.5835,,3349.55309771906,47.8231010437012,33,106.354056902002,69.9991499247162
ARM,2012,10619320682.9474,9.42475853227752,3511.56399687426,41.4842185974121,34.5,106.220583069898,69.877939557455
ARM,2013,11121464437.0415,9.68257531952384,3680.16692158886,41.6240310668945,37.59,106.146821215314,69.6400159040937
ARM,2014,11609513246.7958,9.66640553649803,3852.11800610384,44.411018371582,36.06,105.858798735511,69.3383433330299
ARM,2015,10553337518.414,9.20617105938632,3512.39350276709,45.4674301147461,37.31,105.535651563049,68.961951131008
ARM,2016,10546136235.5219,10.2846499812967,3524.42476874707,51.7460098266602,35.14,105.103617843344,68.5339571072627
ARM,2017,11527458709.0158,10.631126108104,3869.05373867752,53.5907592773438,35.65,104.650509308044,68.1111272919884
ARM,2018,12457940694.7395,11.2719184358436,4196.00562301769,56.1650505065918,32.81,104.285212504391,67.836738214504
ARM,2019,13619290539.2116,11.7114918602964,4597.22887399548,53.3068199157715,33.98,104.056902002107,67.6540902691366
ARM,2020,12641698583.2152,12.344909801717,4268.68093304583,53.3061294555664,32.64,104.021777309449,67.4875319646095
ARM,2021,13878908628.9378,11.0315905634186,4685.17997128509,58.7563095092773,31.4,104.049877063576,67.3509680096337
AUS,2011,1398610616772.97,7.36479765734101,62605.600458306,,49.85,2.90798641031983,67.2186509873875
AUS,2012,1547532281116.4,7.0463332040636,68072.8732340801,,51.9,2.95920036968095,66.9662425056812
AUS,2013,1577123329410.88,6.60397548643017,68190.7010035651,,53.07,3.01057352615753,66.700299430582
AUS,2014,1468265356427.76,6.36290253499428,62544.0873773726,,55.01,3.05581479504836,66.4491289382527
AUS,2015,1351296372254.31,6.29227941742372,56739.0265346593,119.679389953613,55.22,3.10011259648803,66.1974159681463
AUS,2016,1206836962281.84,6.07824048774544,49888.0410842736,119.682777404785,53.07,3.14493553058884,65.9615614705209
AUS,2017,1325582658156.54,5.79305950257587,53901.7145392154,109.993309020996,51.83,3.19715601363491,65.7711179415292
AUS,2018,1427809041019.44,5.76468001596052,57196.4220783778,103.322090148926,51.98,3.24534491589985,65.5972081360588
AUS,2019,1392723834562.64,5.58629582518324,54972.7017885437,109.759559631348,50.34,3.29365056253104,65.3937724215717
AUS,2020,1328414058378.38,5.60852173149521,51791.540179984,110.139221191406,48.35,3.33452695130798,65.1015714818381
AUS,2021,1556735770437.26,5.51269475535305,60607.7788605166,112.688293457031,48.3,3.33922844714392,64.8273784315574
AUT,2011,428954737064.057,17.1446473129533,51116.8953522042,77.2625122070312,50.75,101.692232186137,67.6180439804748
AUT,2012,406750487603.59,17.2564830895639,48250.4059142637,79.5471267700195,53.1,102.156943771207,67.5601644337772
AUT,2013,426580502769.417,17.1063898788247,50305.3545774973,80.9616012573242,51.87,102.760821619001,67.4266821192924
AUT,2014,438556021078.034,17.1867790689422,51314.9722616322,81.0195693969727,53.41,103.567086766844,67.3108310981136
AUT,2015,379546097300.633,17.242928730216,43915.228020857,82.2563095092773,54.07,104.734597673291,67.234719049435
AUT,2016,393687359770.273,17.6682251530651,45061.4993920192,82.8496932983398,52.65,105.873339796413,67.1339749165576
AUT,2017,414926138132.691,17.4427051605451,47163.7425775142,83.8392562866211,53.1,106.61131846825,66.974326831199
AUT,2018,452582294972.775,17.3211161045372,51194.0749841299,85.8698883056641,51.32,107.131858943286,66.8074529749847
AUT,2019,442983642371.842,17.1022858668807,49885.9947355204,86.3234329223633,50.94,107.609306834707,66.6368554183168
AUT,2020,434397601557.696,16.5973264696294,48716.4098900349,88.7071990966797,50.13,108.057004362579,66.4370522356064
AUT,2021,480467037338.783,16.9780965394204,53648.7190742245,93.940071105957,50.9,108.528805138148,66.1764816581673
AZE,2011,65952796427.9473,3.98832610114819,7189.81869211976,19.647310256958,29.17,110.976336228798,72.0939429460413
AZE,2012,69679944504.1972,4.24121862424352,7495.86527658099,20.4384593963623,30.4,112.460790244138,72.0406993018106
AZE,2013,74160560123.6902,4.21573682582242,7875.34536661549,21.4404296875,28.99,113.923480806688,71.6592530898028
AZE,2014,75239785452.1022,4.70701069744349,7890.84028062087,23.1597309112549,29.6,115.348813858679,71.2018299395149
AZE,2015,53076235354.746,4.99062155204119,5500.50364628486,25.4832000732422,30.1,116.731076781631,70.7521032313631
AZE,2016,37866996882.9157,4.89266067799527,3880.6852276838,27.2368602752686,29.64,118.033288980283,70.2891585164324
AZE,2017,40866627351.9817,4.69946458376577,4147.1981423222,28.4670600891113,30.58,119.208741622511,69.9448498293551
AZE,2018,47112470051.7701,4.61981221595166,4739.7943123408,28.9724903106689,30.2,120.25759188908,69.8692138262529
AZE,2019,48174235294.1176,5.00365096304835,4805.75371765917,32.9221801757812,30.21,121.280071139933,69.825581884135
AZE,2020,42693000000,6.10156507265966,4229.91064904503,36.3854713439941,27.23,122.124736829369,69.7266672756005
AZE,2021,54825411764.7059,6.41909290668132,5408.04535175023,39.0096015930176,28.4,122.658802177858,69.708000115884
BDI,2011,2235820809.32006,9.31899301444849,230.070577369084,,,378.425934579439,52.3536120374012
BDI,2012,2333341334.45753,8.83056773934016,231.688496393569,3.84211850166321,20.5,392.173987538941,52.0409461695939
BDI,2013,2451606632.29246,9.54581996033544,234.843045388828,4.62864255905151,,406.516394080997,51.7106229076444
BDI,2014,2705783329.80483,10.1242098337419,250.540481111877,3.86162900924683,22.43,420.552375389408,51.3816362371271
BDI,2015,3104003546.26497,8.67655378836353,280.966831311923,5.39195775985718,21.04,430.201713395639,50.7329704786026
BDI,2016,2644487776.50077,9.36171645020186,235.286205393908,4.09006786346436,20.93,437.673325545171,50.0141465984415
BDI,2017,2723586962.84034,,236.694472592753,4.43720865249634,21.31,448.082632398754,49.7345082830426
BDI,2018,2667182199.51333,,224.89939239264,4.69854831695557,,461.816433021807,49.8778863700716
BDI,2019,2576518879.82353,,210.236494521532,4.20048999786377,17.65,477.232710280374,50.2513129688442
BDI,2020,2649680261.44299,,210.008139902508,5.22371053695679,,491.317601246106,50.6081895938159
BDI,2021,2775798697.46022,,214.091455416133,6.28677225112915,,504.886331775701,51.0189922371954
BEL,2011,527196649048.639,12.9499394580106,47760.8298776546,67.7034072875977,49.05,363.902812118814,65.771386607117
BEL,2012,498414364944.961,12.6215764552248,44874.1709182123,69.7490615844727,54.3,366.166617215574,65.5288562215249
BEL,2013,524097026598.55,12.6643780300003,46964.5946777056,71.7841110229492,52.49,367.896581281113,65.2910824069226
BEL,2014,537987419164.351,12.5837894914118,47995.7786961339,74.0397262573242,51.69,369.533412455082,65.0395058250497
BEL,2015,461044767544.531,12.5677314710087,40893.804537772,76.423942565918,50.91,371.680875614018,64.8430252778753
BEL,2016,474271566739.729,12.2484083375363,41854.5498296444,77.2435073852539,51.97,373.567467774371,64.6607620134318
BEL,2017,500908767351.53,12.4458285747277,44035.3239358548,80.7738189697266,49.85,375.009329772855,64.4426328280277
BEL,2018,542638913427.921,12.343919956787,47487.2100392561,79.1237487792969,50.5,374.74351490506,64.2447525310394
BEL,2019,536726344405.489,12.413251241175,46716.6227467964,79.3044815063477,50.18,376.761985964452,64.0794211416653
BEL,2020,529694473501.791,12.0120090332978,45906.2875805246,79.4996032714844,49.13,378.38932248967,63.9755896544114
BEL,2021,598494036474.409,10.7453176059912,51655.7883303715,82.6882019042969,49.2,379.949990161999,63.8651840723626
BEN,2011,10693321370.036,11.7335701368448,1059.41358915783,12.2822198867798,23.81,89.5142160340546,53.1738379185632
BEN,2012,11141358105.9853,10.7121556949179,1071.52583567484,13.3533802032471,24.4,92.2105090457609,53.2872357685967
BEN,2013,12517845127.6775,10.9217698965752,1168.92699314206,15.3102397918701,25.1,94.9701489890032,53.3802257734234
BEN,2014,13284527850.2632,10.3866281769808,1204.39918700511,15.196590423584,24.21,97.8184107839659,53.4710165776466
BEN,2015,11388160997.1089,10.0356700779199,1002.41886882564,12.9073896408081,,100.750984391628,53.5644826221245
BEN,2016,11821065852.1271,9.93126564010032,1010.53389609187,12.3617095947266,22.25,103.741060659808,53.6566169066319
BEN,2017,12701655845.9612,9.62006825024772,1054.97408141687,11.7388401031494,23.04,106.773501241575,53.7641385473821
BEN,2018,14262408079.7014,9.16246199522064,1151.74096952152,12.0070600509644,20.61,109.820388435615,53.9063205647746
BEN,2019,14391686309.033,9.86572844000364,1130.82135304977,10.7973299026489,20.42,112.865865555161,54.0897463650396
BEN,2020,15651545208.8783,9.68791310326743,1197.50136428063,10.8024797439575,18.13,115.911395885066,54.3068570880759
BEN,2021,17690083519.9323,9.47976782659619,1318.83497843483,10.2315101623535,18,118.955454061724,54.5541005696013
BFA,2011,12080295977.5632,11.6121572602355,725.024767725475,3.94350004196167,23.14,60.8987865497076,51.6697037338101
BFA,2012,12561015156.5683,10.3423290173696,731.470138867833,4.3672399520874,24.6,62.764206871345,51.6719555176314
BFA,2013,13444300485.8412,10.1697715451051,759.762065168498,4.60237979888916,27.03,64.6762024853801,51.7114608653578
BFA,2014,13943016076.7436,10.9960425440905,764.861675106225,4.92263984680176,28.18,66.6281469298246,51.7927902530963
BFA,2015,11832159315.6298,11.6602964471487,630.124750752312,4.9262900352478,28.68,68.6311659356725,51.9206377296387
BFA,2016,12833363045.3367,11.120438157279,663.742364842886,5.42630004882812,21.05,70.6683333333333,52.0971154917605
BFA,2017,14106955615.3442,10.2588368462682,709.091535894695,5.85665988922119,21.86,72.713475877193,52.3179781131451
BFA,2018,15890066221.2882,10.5252036549404,777.465618514048,6.34666013717651,18.95,74.7013450292398,52.5907037810603
BFA,2019,16032813503.3707,10.4105983913211,764.853077774946,6.93696022033691,23.3,76.6153216374269,52.9380433430521
BFA,2020,17725010532.5268,10.0313185254464,825.237038782475,7.6837100982666,20,78.5039839181287,53.3844208698114
BFA,2021,19697516284.3787,9.8115542260696,895.535288442991,9.36093997955322,20.5,80.3919700292398,53.904178280731
BGD,2011,128607482310.357,15.9967342498947,837.336944695647,13.5724172592163,28.05,1179.92683413997,62.0740346987153
BGD,2012,133310747603.483,15.9142206710142,859.680536375497,13.667537689209,26.1,1191.28909118845,62.4844425603217
BGD,2013,149998957434.186,16.4420194729911,958.262989798283,13.6510944366455,24.52,1202.52086502266,62.9494570158261
BGD,2014,172886611653.786,16.6127076619157,1094.46199702838,13.6534414291382,24.35,1213.52791733886,63.4371252223876
BGD,2015,195146608978.131,16.7886735625088,1224.38647668165,15.5907163619995,23.71,1224.42328493508,63.9150578117155
BGD,2016,265224515675.034,20.3479480962979,1649.28380858601,17.4021797180176,22.86,1235.3993393255,64.3617117778247
BGD,2017,293732446624.596,20.0750615064997,1811.08221668646,18.5305080413818,23.72,1245.95641852962,64.6648001467869
BGD,2018,321362752441.78,20.8022959266315,1965.24372731467,19.70263671875,23.06,1256.22726434662,64.7973177686173
BGD,2019,351231654603.692,21.2079438820896,2129.79896954606,22.8052139282227,23.31,1266.90523930245,64.8612797816401
BGD,2020,373979442362.193,20.5983315908994,2248.85078828233,22.538854598999,20.39,1277.54493354844,64.9064095313604
BGD,2021,416271647911.014,21.2356729879977,2482.84917843357,23.40016746521,20.2,1287.99918568026,64.9516858651805
BGR,2011,57737040780.0157,,7857.16706984441,59.8246803283691,38.42,67.6890935887988,67.9655488971921
BGR,2012,54288135058.7926,,7430.7373804242,62.1616516113281,40.7,67.2981577008106,67.4917027281691
BGR,2013,55852123989.9504,,7687.71368243317,68.2013397216797,41.33,66.922577376566,66.9753508090845
BGR,2014,57157782909.9307,,7912.27484371138,72.981559753418,40.74,66.5432756079587,66.4196171095264
BGR,2015,50811995688.6771,,7078.86032298969,78.2999572753906,42.16,66.1200350036846,65.8828672924077
BGR,2016,53964253211.84,,7570.93165511708,80.6399612426758,41.42,65.6579034635225,65.3990271954816
BGR,2017,59309748166.1179,,8381.88134621669,81.2245864868164,42.84,65.1800571112749,64.9588436261308
BGR,2018,66289266348.6504,,9436.14479876055,83.134880065918,42.65,64.7110998526161,64.5280031853111
BGR,2019,68631726289.2794,,9838.60058985384,84.7503128051758,40.35,64.2571941783346,64.1335371141353
BGR,2020,70716821234.5967,,10198.5388313404,85.5331115722656,39.98,63.8726510685335,63.8814581406739
BGR,2021,84417951260.8091,,12274.0775950496,85.3017501831055,42.4,63.3543017686072,63.8135029889597
BHR,2011,29914680851.0638,15.0474932254141,25032.7867743333,46.54248046875,37.8,1558.0443285528,77.3876548816303
BHR,2012,31963404255.3191,14.7645578720345,26438.6733230428,47.3633117675781,41.1,1570.08311688312,77.8244401271723
BHR,2013,33823324468.0851,14.6994276422304,26989.7601148469,42.9303894042969,36.13,1627.52077922078,77.7848127947515
BHR,2014,34772526595.7447,14.8385364760484,26451.7965647453,44.1516189575195,36.26,1705.00907911803,77.0440675538981
BHR,2015,32523297872.3404,17.1732865801602,23734.0551143019,43.6383781433105,37.67,1761.33933161954,76.9024568320374
BHR,2016,33884680851.0638,17.8416468874405,23800.001440631,43.6653099060059,35.48,1827.63286264442,77.3742239109572
BHR,2017,37204813829.7872,18.1844891096654,24784.7693514607,45.1864395141602,34.67,1924.50769230769,77.608595170699
BHR,2018,39567978723.4043,17.1706919683066,26324.4066549559,48.5386581420898,31.73,1931.99357326478,77.3842993458645
BHR,2019,40446808510.6383,17.0407022619674,27259.7438599327,53.6918601989746,31.1,1902.25128205128,76.895078686694
BHR,2020,35837632978.7234,18.0468944226138,24342.8444554718,56.6339988708496,28.37,1875.41910828025,76.8265235048484
BHR,2021,40840212765.9574,20.528955608,27147.8083882286,70.7630310058594,28.8,1904.25949367089,77.2446859974956
BIH,2011,18644233537.1093,10.9160127332036,4982.69375768263,39.7756309509277,30.84,73.0819921875,69.1344333839552
BIH,2012,17226735995.6905,10.545110406553,4693.78899115381,41.8755912780762,34.2,71.68189453125,69.0044599438137
BIH,2013,18179108530.5261,10.9371167904227,5034.56616016469,47.2628288269043,36.24,70.52458984375,68.9007380238331
BIH,2014,18558733564.4692,10.940195399639,5206.06558252,48.9852485656738,32.43,69.62556640625,68.7408428286462
BIH,2015,16404348871.4437,11.1177914654178,4662.25883724069,48.6234397888184,32.31,68.72150390625,68.4674654164134
BIH,2016,17116926327.6247,11.8138265173704,4928.5665251728,48.668140411377,29.62,67.83208984375,68.1126823098051
BIH,2017,18326373366.1105,12.563982327679,5345.01985489192,46.4159202575684,30.23,66.9664453125,67.6985985141523
BIH,2018,20484053868.9246,12.7319523996539,6047.84584261133,43.1571083068848,31.09,66.15234375,67.2051520519634
BIH,2019,20482608755.379,12.4800142540652,6122.3753450882,41.597038269043,31.41,65.34244140625,66.6702435755379
BIH,2020,20226036564.4129,12.6618393297438,6130.31133245161,40.8813400268555,28.99,64.44041015625,66.193927015007
BIH,2021,23672712242.2149,13.9863011532484,7295.3438240957,43.5776786804199,29.6,63.37708984375,65.8403513813568
BLR,2011,61762382327.9319,26.422236326059,6527.6593428786,91.2559967041016,,46.6297521068454,71.2520882300624
BLR,2012,65685890438.8922,24.7830279828939,6953.21591683101,98.5973968505859,32.9,46.5593029044007,70.9909034339942
BLR,2013,75527558966.4473,21.99575510837,7998.0802045456,101.424392700195,34.62,46.5393725235082,70.5764717728536
BLR,2014,78812805039.0743,21.0873800866231,8341.29014337961,99.8547286987305,37.1,46.5506003261518,70.0684624749577
BLR,2015,56454889146.6088,20.643977310644,5967.06856034227,98.0328598022461,38.23,46.611337189252,69.5172848567025
BLR,2016,47723545321.259,20.151871004434,5039.77560949445,94.7553405761719,30.39,46.6499448243246,68.9918011391333
BLR,2017,54725302249.8088,21.6287778492265,5785.53397723676,91.3261489868164,29.98,46.5987595325832,68.4886180343404
BLR,2018,60031173807.7196,21.2581752779595,6360.05310087258,84.5396423339844,29.35,46.5010592176569,68.079682439857
BLR,2019,64410122847.3508,21.639996437372,6837.76832136779,80.1720199584961,32.07,46.4107506220284,67.6546230933346
BLR,2020,61371755326.2351,21.486631801818,6542.8645398436,76.8908920288086,31.27,46.211212927382,67.2194165637181
BLR,2021,69673747131.87,22.7584959209403,7489.71894713888,73.9591369628906,32.6,45.8368317319537,66.8571610783922
BLZ,2011,1827050000,6.98667250485756,5582.22170621269,21.4217891693115,,14.3488820692679,61.2875727929899
BLZ,2012,1909400000,7.47878914842359,5709.68918765363,23.8754291534424,32.5,14.6608505041648,62.03986675199
BLZ,2013,2032750000,7.37670643217317,5950.20299917747,23.8531093597412,29.98,14.977071459886,62.7488459635802
BLZ,2014,2138250000,7.05717292178183,6128.14288539305,23.8641395568848,,15.2969311705392,63.4305612277798
BLZ,2015,2193050000,6.96290554250929,6154.49593498217,23.273889541626,,15.6217886891714,64.0869635986563
BLZ,2016,2240200000,6.81412373895188,6142.49873185177,24.3196296691895,,15.9888206926786,64.7671405656627
BLZ,2017,2266300000,6.64519260468605,6072.58267640581,24.7719898223877,,16.3613327487944,65.38666109327
BLZ,2018,2293250000,6.19426578000654,6031.28139580144,24.6455898284912,,16.6692678649715,65.8339174150145
BLZ,2019,2388300000,6.18222166394507,6190.04792278445,25.0688591003418,,16.9149057430951,66.2083023934209
BLZ,2020,2042850000,6.71365983797146,5227.19363786168,25.7016506195068,,17.1333625602806,66.6198410231019
BLZ,2021,2420550000,6.52331081778935,6122.61158580079,23.5184001922607,,17.3321350284963,67.0852024742852
BOL,2011,23963164696.592,10.3384637671598,2315.52121930607,,25.44,9.55315148158405,60.4436748962139
BOL,2012,27084497481.9103,10.2142087811062,2575.59857098084,,25.8,9.7071974522293,60.7689737934521
BOL,2013,30659338885.6729,9.92781122691066,2870.02377000756,,30.48,9.86117234376442,61.0995583241264
BOL,2014,32996188012.5599,9.73832797515295,3041.43503118107,,27.76,10.0146662974245,61.4525672376484
BOL,2015,33000198248.1292,10.1911908657997,2996.01289804214,,28.58,10.1677328533186,61.8000754445988
BOL,2016,33941126200.0606,10.9842215186148,3035.8734778704,,25.24,10.3203360103388,62.1216939737896
BOL,2017,37508642165.3366,10.4935084393229,3306.30301176558,,25.64,10.4722486845749,62.42532837796
BOL,2018,40287647930.4761,10.3431514961724,3500.72642189371,,22.88,10.6234357980246,62.7195359063944
BOL,2019,40895322843.7851,10.4895035463436,3503.8960106182,,24.76,10.7739185821102,63.0065128086121
BOL,2020,36629843805.0216,10.9578336602514,3099.94219044572,,22.41,10.9076885442629,63.326175000896
BOL,2021,40406111695.179,10.7268498817295,3384.84486479247,,23.4,11.0194405981723,63.6895244714713
BRA,2011,2616156223977.47,11.7837976689421,13396.6243566047,,37.75,23.3646162902273,68.8890267559546
BRA,2012,2465227803011.57,10.675942306574,12521.7213530369,43.2308502197266,36.6,23.555014752086,69.1357813616712
BRA,2013,2472819535742.73,10.4796122903756,12458.891214816,44.3393707275391,36.33,23.7467066835444,69.3600959635388
BRA,2014,2456043727198.85,10.3370973963623,12274.9939689363,47.1568717956543,36.29,23.93895376244,69.5321464348522
BRA,2015,1802212206904.68,10.5209374565841,8936.19661756825,48.4340400695801,34.95,24.1292359304821,69.6409897160951
BRA,2016,1795693482652.52,10.7864511156539,8836.28652636996,48.3333396911621,33.19,24.3137963709629,69.7156525862543
BRA,2017,2063514977334.32,10.7214980094842,10080.5092817775,50.0267486572266,33.1,24.4915070817191,69.7489521976535
BRA,2018,1916933898038.36,10.5284573768575,9300.66164936497,51.1916885375977,33.44,24.659465024515,69.7196181499875
BRA,2019,1873288205186.45,10.3325005322006,9029.83326742175,52.6240615844727,33.82,24.8207686159839,69.6671137738846
BRA,2020,1476107231194.11,10.6929315691751,7074.19378281866,54.5727996826172,31.94,24.9649852718428,69.6446402012395
BRA,2021,1670647399034.67,11.9043730103232,7972.53665048385,56.8306198120117,34.2,25.0714027283582,69.6182628596073
BRB,2011,5342183800,6.12464232323867,19345.9953139542,65.0382232666016,,642.183720930233,68.0094083052376
BRB,2012,5271257500,5.65956225815187,19034.0708028512,,,644.041860465116,67.9879034078086
BRB,2013,5361158350,5.8483405922901,19308.0091116993,,40.48,645.732558139535,67.957430716871
BRB,2014,5365976700,5.57962076130521,19277.9423599235,,40.78,647.320930232558,67.9205526894391
BRB,2015,5288057750,6.07918758073321,18954.2913724506,,42.47,648.813953488372,67.8941897559052
BRB,2016,5330761500,6.01699869709046,19065.8069800213,,,650.227906976744,67.887946065326
BRB,2017,5517340450,5.95004790759287,19692.7606711615,,,651.560465116279,67.8255422581209
BRB,2018,5629916200,5.70282023025494,20055.915870771,,,652.816279069767,67.6793351157153
BRB,2019,5788288000,5.64389591533801,20583.7265786414,,,653.96976744186,67.4642390405661
BRB,2020,5168344450,5.38561144081641,18347.1109131055,,,655.111627906977,67.167676021839
BRB,2021,5275242050,5.47452604568164,18696.7858952957,,,656.155813953488,66.8376180459442
BRN,2011,18524791070.6802,1.22071585484908,46382.8274456238,17.1019992828369,30.93,75.7853889943074,71.325789300393
BRN,2012,19048443339.9457,1.45830396709514,46968.5971144517,22.1413593292236,37.7,76.9557874762808,71.5334361550117
BRN,2013,18094148099.4922,1.14519241910596,44003.0644293856,24.0158290863037,35.53,78.026944971537,71.7757938920531
BRN,2014,17097797371.9718,1.58675856271092,41026.508391054,31.5348491668701,31.67,79.0796963946869,72.023548861969
BRN,2015,12930296852.4882,1.6178324732843,30625.128732694,30.813289642334,,80.1161290322581,72.2660325453002
BRN,2016,11400266055.3232,1.80933250875751,26663.2973199878,31.5120601654053,,81.1316888045541,72.4604971419483
BRN,2017,12128168046.7827,1.76286616709727,28024.3824618568,34.9116706848145,32.89,82.1199240986717,72.6002375384729
BRN,2018,13566908401.1864,2.13432149853163,30988.1190497851,31.5352935791016,32.84,83.0759013282732,72.6994274907237
BRN,2019,13469235348.2211,2.32782256470564,30426.5730284202,31.3982181549072,32.35,84,72.7649769585253
BRN,2020,12005799664.2691,6.83209894472881,26834.3592463839,32.6983299255371,29.82,84.896394686907,72.7870926356186
BRN,2021,14006496614.3195,9.67845068289214,31006.9636220576,30.2181224822998,28.2,85.715559772296,72.7380094549616
BTN,2011,1977728659.25621,7.42869936332201,2787.97967689425,7.69609975814819,,18.6105149933101,65.967954980215
BTN,2012,1973387228.03924,7.95902921132288,2751.21288653263,7.59584522247314,,18.8178240680012,66.3908560052253
BTN,2013,1943696951.76613,7.50187951394696,2679.95217216983,10.3402395248413,,19.0275467639111,66.7395587592534
BTN,2014,2089079570.67546,7.40898615683305,2849.49998659935,,31.83,19.2339113781252,67.0640444281068
BTN,2015,2187815803.82922,7.31166066657089,2954.04081973327,,26.06,19.4301230422121,67.4120801816861
BTN,2016,2357504760.5975,6.81082961745625,3152.30905081592,,27.88,19.6063863255034,67.7742403050814
BTN,2017,2591358009.79792,6.90939676067842,3435.28804814561,14.7713375091553,,19.7759804949664,68.3439508599965
BTN,2018,2583335721.20625,8.74705663689415,3400.20417159422,14.8788833618164,,19.920267435763,69.1310007515541
BTN,2019,2735683570.28851,6.13116671407201,3576.87987077877,15.9078016281128,,20.0530676455165,69.9085018252565
BTN,2020,2457604334.15915,4.92917104172725,3191.66907031782,16.850284576416,,20.1889355007866,70.6085407126698
BTN,2021,2768802959.60794,7.22418276349328,3570.61257915864,17.706148147583,,20.3314630309386,71.2031146127722
BWA,2011,15110643612.1729,7.73125571429564,7287.38295334919,16.9406700134277,30.51,3.65877049035696,62.576267720648
BWA,2012,13907464500.1489,8.07371084190363,6595.53845015424,20.8391494750977,31.4,3.72067298360771,62.4265721149389
BWA,2013,14271738933.2042,7.99324227477702,6666.91219583487,25.6314506530762,31.14,3.77725195419335,62.2125420280681
BWA,2014,15470088500.7414,7.84878664502911,7122.36423421503,24.6215991973877,30.87,3.83259047518219,62.1027474581546
BWA,2015,13530748844.505,7.24202388476034,6141.20394726616,27.1673908233643,30.49,3.88769431651757,62.0886517467422
BWA,2016,15082637184.0496,6.50323631121373,6749.05994339013,23.2882499694824,28.96,3.94328163322923,62.1749030271721
BWA,2017,16105155856.7708,6.17360420564063,7104.96401088027,22.4400691986084,29.97,3.99969473999965,62.3471212270271
BWA,2018,17031943186.1353,6.14746152595732,7407.95940141786,,28.16,4.05685423393856,62.5862659140957
BWA,2019,16725908148.5481,6.09236991211812,7172.08956480028,22.9742908477783,27.43,4.11498067863004,62.8846829208051
BWA,2020,14960291105.9316,5.65903594237397,6323.31419156209,24.0127906799316,25.43,4.17464048135797,63.2353062384254
BWA,2021,18750946600.1423,5.22744172071473,7808.20623956293,22.9046497344971,22.9,4.23736347114146,63.545526112348
CAN,2011,1793326630174.52,9.95539617251473,52223.8588398531,63.154899597168,56.33,3.83011279793076,69.148336286437
CAN,2012,1828366481521.6,10.0201674141654,52670.3447335415,63.6187591552734,56.9,3.8718472515473,68.8517946416003
CAN,2013,1846597421834.98,9.58849235825594,52638.1187235237,65.774299621582,57.6,3.91284812265562,68.4998731704546
CAN,2014,1805749878439.94,9.42615082382699,50960.8431174661,67.2278594970703,56.13,3.9522291338328,68.1358280352841
CAN,2015,1556508816217.14,9.9754225443394,43594.1941045394,67.4031677246094,55.73,3.98239245827659,67.7571212622664
CAN,2016,1527994741907.43,9.92800413520787,42314.0615817218,69.5068588256836,54.71,4.02771072511681,67.3902081027321
CAN,2017,1649265644244.09,9.68457578828024,45129.628116623,70.6271591186523,53.65,4.07614836279598,67.0699290855306
CAN,2018,1725329192783.02,9.86607158831886,46539.1761570405,69.5775985717773,52.98,4.13498944297029,66.7853309042324
CAN,2019,1743725183672.52,9.29963869581248,46352.8693445211,72.8150634765625,53.88,4.19587500655283,66.4846890068848
CAN,2020,1655684730000.19,9.01547651322254,43537.839298904,74.1571426391602,52.26,4.24162135453439,66.1382867429556
CAN,2021,2007472181464.15,,52496.8441693242,77.8022918701172,53.1,4.351026204103,65.7746528539238
CHE,2011,715888126682.396,18.1944880804685,90476.7589651577,53.1352806091309,63.82,200.249864435738,67.8789591820399
CHE,2012,686420221557.99,17.7313707963592,85836.2076767359,54.835620880127,68.2,202.390548012367,67.7253003887459
CHE,2013,706234937370.968,17.8005407661011,87304.3305813557,56.1812400817871,66.59,204.734336607627,67.569206651867
CHE,2014,726537808338,17.5495253080258,88724.9909402638,58.0650596618652,64.78,207.250751433234,67.4070238883851
CHE,2015,694118186379.628,17.1186581567719,83806.4476003837,60.8185615539551,68.3,209.626620751132,67.2522559933481
CHE,2016,687895460902.713,17.3322132145222,82153.0745447889,61.1939888000488,66.28,211.931572125581,67.0852228581568
CHE,2017,695200833086.499,17.4910199452693,82254.3769269767,62.4597206115723,67.69,213.918480127503,66.8710108843209
CHE,2018,725568717468.001,17.6667499302868,85217.3691512274,64.3533935546875,68.4,215.500094533915,66.6250290837812
CHE,2019,721369112726.724,17.9235393262337,84121.9310304414,66.3093414306641,67.24,217.042781721823,66.3866169304802
CHE,2020,741999406005.627,17.7873157952398,85897.7843338323,68.0676422119141,66.08,218.63446962171,66.1965690619318
CHE,2021,813408787222.499,19.1226596298624,93446.4344518943,71.893928527832,65.5,220.31454103721,65.9929595917595
CHL,2011,251382573885.594,9.90905378571426,14487.3927827263,70.8241806030273,38.84,23.3370130673596,68.6502919535999
CHL,2012,267024782480.28,9.82773286975095,15241.9069977366,75.0770721435547,42.7,23.5620242302954,68.7794974165082
CHL,2013,277395018837.366,9.98503250387017,15683.54863663,79.8703384399414,40.58,23.7878208335351,68.8419518588406
CHL,2014,259560978231.552,9.92046516190012,14529.6767210362,83.6629791259766,40.64,24.0261279944912,68.8459541557848
CHL,2015,242450355827.827,10.3988647878915,13433.9202985339,86.4181137084961,41.2,24.2728288762286,68.8110909659556
CHL,2016,249344863933.461,9.70592487556683,13649.8520455553,88.8458862304688,38.41,24.5681705696594,68.7957087507807
CHL,2017,276154259987.103,9.16084501948169,14879.9086230423,89.921989440918,38.7,24.9604159605774,68.8509010584832
CHL,2018,295857562991.709,9.60421381910793,15659.4808675628,91.1974792480469,37.79,25.4100576706853,68.9280916071827
CHL,2019,278285058719.466,8.96909548434668,14495.716721687,92.0659713745117,36.64,25.8196607543455,68.97100513477
CHL,2020,254042159309.311,8.99628171941755,13114.815470545,89.1124877929688,33.86,26.0521726031966,68.9603700944275
CHL,2021,315515014838.539,8.52542771996868,16216.5706467899,96.2227935791016,35.1,26.1674467272424,68.9469814817118
CHN,2011,7551545703440.75,32.0647911864237,5614.38602225277,26.8075294494629,46.43,143.268509836432,72.7988185445213
CHN,2012,8532185381680.59,31.528577865974,6300.58217951734,29.3250408172607,45.4,144.243669001474,72.6134379386083
CHN,2013,9570471111831.68,30.6710080721744,7020.3860742288,32.7620315551758,44.66,145.207643927049,72.3383307205597
CHN,2014,10475624944355.2,30.3964442055154,7636.07434020616,43.8821907043457,46.57,146.125816729087,72.0051656801854
CHN,2015,11061572618578.7,28.9516705787219,8016.44559489998,47.4353790283203,47.47,146.977949259981,71.6284345359877
CHN,2016,11233313730348.7,28.0694422377123,8094.39016735149,49.7083587646484,50.57,147.822641376791,71.2044525051679
CHN,2017,12310491333980.9,28.10893687151,8817.04560829162,51.5827713012695,52.54,148.720043543977,70.6659121055216
CHN,2018,13894907857880.6,27.8410111544177,9905.40638304527,54.0076217651367,53.06,149.417194545073,70.1553162360731
CHN,2019,14279968506271.7,26.7747241232901,10143.8602206165,57.2754402160645,54.82,149.948179684945,69.74115264804
CHN,2020,14687744162801,26.2851657561442,10408.7195541075,62.2367782592773,53.28,150.305542803154,69.3999249325134
CHN,2021,17820459508852.2,27.5471027442599,12617.5051041181,67.3876190185547,54.8,150.439753691066,69.2124049434275
CIV,2011,36693710801.3976,9.2213557501251,1596.62826565998,3.30475997924805,24.08,72.2704402515723,54.3529774247885
CIV,2012,36302302877.2977,10.3182515272799,1546.9460184731,,22.6,73.7958427672956,54.8848348311622
CIV,2013,42760235484.6093,11.8501855603565,1786.15862031324,8.12195014953613,23.42,75.2823113207547,55.3222585566853
CIV,2014,48843005613.7091,12.2006998127999,1991.36539423404,8.36830043792725,27.02,77.1301729559748,55.4196918298969
CIV,2015,45815005169.2651,11.4305990168412,1814.71855088017,8.89927959442139,27.16,79.3910125786164,55.2565346841825
CIV,2016,48407761036.8238,12.5430342990523,1862.59597081287,9.09276962280273,25.8,81.7276886792453,55.1553133893468
CIV,2017,52512343996.69,11.2836181003932,1964.29930338343,9.47000026702881,23.96,84.0672075471698,55.1091077307627
CIV,2018,58522477786.6889,11.2909843422326,2130.86619381144,,19.96,86.3653238993711,55.1358501698895
CIV,2019,60382894697.3557,12.3199684287316,2141.76836170115,9.91261005401611,25.55,88.6572610062893,55.2137233737626
CIV,2020,63027852805.4204,12.0519433981248,2179.72934832935,9.77698040008545,21.24,90.9290849056604,55.3233038967629
CIV,2021,72794636653.7793,13.3970815019321,2455.98127641148,10.2318000793457,21,93.2067169811321,55.5125937101364
CMR,2011,30630910495.217,15.1890862079643,1513.96056994878,12.2482299804688,26.95,42.8006684859639,53.363960757113
CMR,2012,30155062329.2821,15.532770064592,1449.09874362279,13.2559003829956,25,44.0217659876034,53.4430044043765
CMR,2013,33728621180.3231,15.2287357474586,1575.92882118897,15.4463300704956,25.71,45.2759112352182,53.5503581471515
CMR,2014,36386544706.0806,14.5140212331135,1649.4433905949,16.4135303497314,27.52,46.6668634046244,53.7621895990157
CMR,2015,32210233020.4569,14.3500581853268,1415.00009710569,16.9564609527588,27.8,48.1551352837892,53.994740112473
CMR,2016,33814337044.3765,13.8415343692757,1441.7201725688,12.45934009552,22.82,49.6163842525015,54.1334317153056
CMR,2017,36098547033.1655,13.7129455296811,1496.08951771242,12.7472696304321,22.58,51.0431363838294,54.2143740534314
CMR,2018,39955552189.795,13.6850154316949,1610.69641591017,14.3037796020508,23.85,52.4769583888642,54.311618102486
CMR,2019,39667757527.6578,12.8257802062343,1555.22660476477,14.8440399169922,23.9,53.9571724736096,54.4719742477239
CMR,2020,40773241177.0505,13.1809876103324,1555.60370660749,15.3162603378296,19.98,55.4474371178947,54.6793776767362
CMR,2021,45011937346.8384,13.2966086416538,1672.32657340872,16.9050903320312,19.7,56.9392608576083,54.9180882270139
COL,2011,334966134804.887,13.217602576964,7400.9940695669,45.2873306274414,32.32,40.7928021631365,67.0813686126444
COL,2012,370691143018.039,13.0892848837297,8108.59838244229,47.4669914245605,35.5,41.2039747634069,67.4426133978595
COL,2013,382093697077.685,12.6623563037307,8279.10255642981,50.7474899291992,37.38,41.5967408742677,67.7967037079735
COL,2014,381240864422.407,12.2693186420816,8187.20824890084,53.1794395446777,35.5,41.969742226228,68.1178419736866
COL,2015,293492370193.166,12.4008937581087,6248.51490534512,54.7961311340332,36.41,42.3343307796305,68.40138641436
COL,2016,282720100286.228,12.297778837716,5959.84250367574,57.1437492370605,34.16,42.7557566471383,68.6955683932159
COL,2017,311866875156.879,11.4095935667718,6479.53231292429,58.3960418701172,34.78,43.3808724650744,69.041951439359
COL,2018,334198218098.276,11.1518529729467,6816.96818309544,57.3205413818359,33.78,44.1860883280757,69.4027046556989
COL,2019,323031701192.84,10.926657535177,6472.54544924705,56.6663017272949,33,44.9824109959441,69.6869318607033
COL,2020,270348342541.465,10.7275023510948,5339.68711357943,55.7331085205078,30.84,45.6331653898152,69.8711687670931
COL,2021,318524633225.395,11.200418569318,6222.62164397614,58.3159217834473,31.7,46.1362532672375,69.9880002555668
CPV,2011,2046817987.20109,4.42882055667018,4002.01386888785,19.6212100982666,,126.909925558313,63.8459741145946
CPV,2012,1913081210.41411,4.6413002429543,3736.81517011087,19.3967304229736,,127.035980148883,64.647967106484
CPV,2013,2028910915.16446,4.83628033255732,3960.97596791345,21.2792301177979,29.69,127.102977667494,65.2871296793401
CPV,2014,2041930125.42979,5.18841665051269,3985.60706548134,21.7901191711426,30.09,127.128039702233,65.7685397271852
CPV,2015,1749857620.35329,4.94193017807392,3415.06266730931,20.5760192871094,28.59,127.144913151365,66.0728522122158
CPV,2016,1849789992.7426,5.10374951041088,3608.96606551232,21.0570201873779,,127.184615384615,66.1794989605983
CPV,2017,1996741544.61574,4.70095840974587,3893.09572292025,21.1641502380371,,127.268734491315,66.1254881622483
CPV,2018,2205099509.15987,4.57817868676343,4294.96510456428,20.2174491882324,,127.398263027295,65.9876513152128
CPV,2019,2252177133.74705,4.81797005885477,4380.7811916403,,,127.569230769231,65.8103224250346
CPV,2020,1821565617.6945,5.1850224169666,3539.22662027109,,23.86,127.711910669975,65.6218093007396
CPV,2021,2051842609.64558,5.38569912694724,3971.4440744985,,25.7,128.200744416873,65.871800777704
CRI,2011,42762613698.9636,14.2961414838857,9276.39107511347,44.9357299804688,37.91,90.2826674500588,68.0458814885485
CRI,2012,47231655431.7355,13.8778882419301,10126.9991024177,47.3161315917969,36.3,91.3422248335292,68.2454627622799
CRI,2013,50949668841.6696,12.8426334917159,10803.2401962173,47.8412284851074,41.54,92.3648061104583,68.4238638023794
CRI,2014,52016408854.2658,12.2879019689087,10911.497878334,50.7579116821289,37.3,93.3630826478653,68.5844636980952
CRI,2015,56441920820.5194,11.6070817090569,11714.7105980732,51.6519317626953,38.59,94.360321190756,68.7112504393645
CRI,2016,58847019609.6549,11.6051648163289,12091.0301606154,52.1316299438477,38.4,95.3191931061496,68.8045144876282
CRI,2017,60516044656.5206,11.7340016097056,12317.0902771304,54.4580307006836,37.09,96.2235996866432,68.8412507833526
CRI,2018,62420164991.5374,11.9243306402559,12590.2493781614,52.8686790466309,35.72,97.0978848413631,68.8109769257363
CRI,2019,64417670521.3545,12.0464449459211,12884.6859951989,54.7189712524414,36.13,97.9152565609087,68.7652107333185
CRI,2020,62395610760.0492,12.790846486792,12394.0493969492,,33.51,98.5961613787701,68.778633459931
CRI,2021,64960725734.1965,13.733396136347,12838.1185358931,,34.5,99.0988640814728,68.8374526616913
CYP,2011,27641547909.7011,4.60055670048582,32485.796875,46.5397300720215,46.45,124.079329004329,71.8255025654333
CYP,2012,25047436974.6819,4.18997390765357,28991.935546875,45.8635902404785,47.9,126.125216450216,71.8250518921878
CYP,2013,23959712860.8331,3.88480353979907,27797.45703125,47.5252418518066,49.32,128.127164502165,71.7655281929563
CYP,2014,23225918259.9824,4.07749354093701,27244.3515625,53.1043510437012,45.82,130.065043290043,71.6676353521237
CYP,2015,19909278416.8575,4.26012306069838,23487.228515625,60.1012306213379,43.51,131.980735930736,71.5197152279025
CYP,2016,21046462280.5979,4.57051335723455,24715.154296875,67.1711120605469,46.34,133.88658008658,71.326455758874
CYP,2017,22946570628.7576,4.89209027649162,26696.990234375,75.9408111572266,46.84,135.744047619048,71.117190760722
CYP,2018,25754001367.5448,5.29758788521149,29599.986328125,81.3370819091797,47.83,137.525649350649,70.908704590838
CYP,2019,26196667099.5303,5.40632833314545,29703.052734375,88.4853286743164,48.34,139.250108225108,70.6890608830614
CYP,2020,25555093854.2968,5.63141765322206,28649.015625,92.9377593994141,45.67,140.935822510823,70.4395285842361
CYP,2021,30372874319.6285,4.98799400297888,33734.29296875,96.5377883911133,46.7,142.565909090909,70.1591161068193
CZE,2011,231429378717.312,21.8643072456478,22049.1080788682,66.7968215942383,47.3,135.90687556649,69.5092644845973
CZE,2012,210363223087.728,21.7136033387837,20014.0354015165,66.9287719726562,49.7,136.097177262722,68.7404703476191
CZE,2013,213024360541.119,21.7617319791193,20260.4954999375,66.3243179321289,48.36,136.159958559959,67.9917611396456
CZE,2014,210911285077.683,23.4691665652122,20038.4163180257,67.3959732055664,50.22,136.30337995338,67.2980768549652
CZE,2015,189107698561.919,23.7339506123741,17931.5987670768,67.2303619384766,51.32,136.589288952208,66.6295181305301
CZE,2016,198160659303.939,23.7610958428917,18753.9686718096,67.5056381225586,49.4,136.851858567543,65.9601528606104
CZE,2017,221563575696.217,23.1824532218752,20913.197632212,67.7142181396484,50.98,137.21587877218,65.3001802474571
CZE,2018,251992360762.236,22.3060378872535,23705.9329811299,66.7902221679688,48.75,137.675534257221,64.6915656051411
CZE,2019,256794209028.77,22.1266766165116,24062.7190013343,66.8802185058594,49.43,138.226810266108,64.1400490294769
CZE,2020,251109660602.536,20.7968233716829,23472.8915454417,67.1843719482422,48.34,138.575928842168,63.7032085719896
CZE,2021,290972714482.313,19.640981617073,27696.4619527544,69.8369293212891,49,136.108349053848,63.3939300705344
DEU,2011,3824828563521.41,20.1342159756315,47646.582043143,,54.89,230.304633348634,65.8994933869984
DEU,2012,3597896500945.31,20.0571351030932,44735.5882319701,,56.2,230.750625466231,65.9715437998931
DEU,2013,3808086291482.36,19.7677938673586,47220.0102098851,60.8984489440918,55.83,231.155712565925,65.9544693115349
DEU,2014,3965800686309.79,20.1171122582633,48971.0824722599,65.1844787597656,56.02,232.108053883634,65.8621937797938
DEU,2015,3423568450957.03,20.1508920324729,41911.0109851054,68.23291015625,57.05,234.152986871524,65.7365353514053
DEU,2016,3537784107980.55,20.4345907994406,42961.0356905775,67.9464111328125,57.94,235.712929356538,65.5385099359924
DEU,2017,3763092263752.95,20.2013743166692,45526.5999576533,68.4692306518555,58.39,236.588722557747,65.2493405041228
DEU,2018,4052008447223.53,19.8657585110445,48874.8595028454,69.1634292602539,58.03,237.294012250272,64.9876223341919
DEU,2019,3957208055215.68,19.3688328882451,47623.8656074829,72.705078125,58.19,237.822954291766,64.709009583285
DEU,2020,3940142541354.1,18.6373281694795,47379.765194548,72.3894195556641,56.55,238.017318755545,64.3935455490144
DEU,2021,4348297440387.53,18.6967626466764,52265.6541620571,75.6655426025391,57.3,238.118085806692,64.007731691245
DNK,2011,344315595263.175,10.9708435050042,61809.737898222,75.9300231933594,56.96,139.2643,65.1391017778439
DNK,2012,326792574244.963,11.208563455152,58443.7747103968,77.7465515136719,59.9,139.7893,64.8353207706159
DNK,2013,344631016965.12,11.7998537089519,61377.5940590412,80.4186782836914,58.34,140.3733,64.6171531249485
DNK,2014,352832602064.452,11.8293905304366,62520.4509747011,81.3143615722656,57.52,141.086875,64.4747664425739
DNK,2015,301758922337.637,12.484534308925,53094.0133607574,83.300407409668,57.7,142.087075,64.3803658918722
DNK,2016,312181849372.233,12.9401692109791,54500.9260410217,82.1714935302734,58.45,143.20025,64.2825644561006
DNK,2017,331610593961.988,13.0145483841175,57521.5514992225,81.3220062255859,58.7,144.1245,64.1478791251183
DNK,2018,355293374912.393,13.0043275494945,61324.7665045565,81.1405487060547,58.39,144.8409,64.0075911860982
DNK,2019,345401473012.615,13.4024278659202,59404.2663247723,81.6945877075195,58.44,145.36055,63.8569667124335
DNK,2020,355631021931.621,12.8371087335606,60985.4885601514,82.6643295288086,57.53,145.7851,63.6927358686314
DNK,2021,408378204639.999,12.7397805270337,69727.9873677012,83.982292175293,57.3,146.418325,63.5779425764326
DOM,2011,58029773599.455,15.0723772029499,5834.70590719826,47.6470642089844,,205.870854895467,64.3475774741679
DOM,2012,60681535652.5373,14.9930449195303,6025.72582713231,48.6290016174316,30.9,208.453963982612,64.572136132279
DOM,2013,62682159338.0354,14.5916649127864,6149.02748927076,46.3571929931641,33.28,211.008755951149,64.7350689743038
DOM,2014,67179955677.2791,14.5465271819258,6512.50771431953,49.3192710876465,32.29,213.527799627406,64.8892119186343
DOM,2015,71164826836.5281,14.7024478987904,6819.93225155181,51.7471084594727,30.6,215.997288346098,65.0659009361821
DOM,2016,75704647877.6559,14.4187978831375,7174.82349574,54.4990005493164,30.55,218.410888014904,65.2322227997638
DOM,2017,79998046305.79,14.0958654446311,7499.69286187019,59.9155883789062,31.17,220.799896501759,65.3577258050953
DOM,2018,85555390139.118,14.1355343158034,7934.98141208525,63.146240234375,29.33,223.18470296005,65.4341030676578
DOM,2019,88941372558.2397,13.7588029065707,8164.22080932117,64.3841323852539,28.56,226.026774543851,65.4731826616995
DOM,2020,78844656298.1776,14.4450594216924,7162.29175242114,58.7264099121094,25.1,228.397349102723,65.5074489249021
DOM,2021,94243425938.3647,15.1598899852978,8472.47982000992,56.4690818786621,25.1,230.786990834893,65.5342478167008
DZA,2011,218331946925.304,9.73343874629741,5916.31364364343,32.6073913574219,19.79,15.4942924080714,67.5684816420113
DZA,2012,227143746075.934,8.5589556099004,6033.64884689543,33.7081413269043,24.4,15.8061610419273,67.3421404984508
DZA,2013,229701430292.157,8.02018645677549,5979.60138960585,35.4959411621094,23.11,16.1286164736705,66.9223817569513
DZA,2014,238942664192.59,9.87797970942307,6094.69392314956,36.0622482299805,24.2,16.4606678310815,66.3589408507156
DZA,2015,187493855609.345,7.11001759889613,4685.05902729002,38.3309783935547,24.38,16.8026368106356,65.7623256885407
DZA,2016,180763839522.151,6.89853876611083,4424.98529027556,44.1052894592285,24.46,17.1516218598076,65.1739647385905
DZA,2017,189880896903.073,7.33456829401543,4554.66753957828,49.3779106140137,24.34,17.5037080018356,64.587146212269
DZA,2018,194554483655.528,7.07738040001596,4577.21029180491,53.1637001037598,23.87,17.846203680417,64.0409495016296
DZA,2019,193459662090.677,6.40396994400067,4468.45341883656,54.1856307983398,23.98,18.177688506013,63.5858047801217
DZA,2020,164873415325.201,6.28239503315548,3743.5419522929,53.6140289306641,19.48,18.4915534476671,63.2634495033399
DZA,2021,186231205262.082,8.18955643268695,4160.55926736925,54.2099914550781,19.9,18.7934368178572,63.0690613740293
ECU,2011,78986648000,12.8501503190767,5153.6916424375,,28.75,61.7097237880496,63.0970415320431
ECU,2012,87735048000,12.5996773832049,5634.08393191094,39.2524681091309,28.5,62.700088581092,63.3757966282722
ECU,2013,96570334000,12.2611805401854,6109.29031510341,39.7734413146973,32.83,63.6460299565147,63.6707396710756
ECU,2014,102717794000,13.1351000392395,6405.79979300441,,27.5,64.5640360766629,63.9831015967478
ECU,2015,97209558000,14.2997317197965,5976.1596805651,44.5371513366699,26.87,65.4945442100177,64.3119900284178
ECU,2016,97671433000,14.5926588381272,5917.63771271481,,27.11,66.4565107102593,64.6722079914688
ECU,2017,104467486000,13.9316523803397,6233.32244797718,,29.14,67.4807497181511,65.0447019080708
ECU,2018,107478962000,13.3663079105658,6303.91892523596,47.3311805725098,26.8,68.6485223063295,65.4040358199557
ECU,2019,107595829000,12.6784849624608,6205.05759479761,47.2627792358398,26.56,69.8180906748269,65.732908693337
ECU,2020,95865472000,12.9418128771118,5463.64509649315,56.9066314697266,24.11,70.6477089708488,66.0443856227703
ECU,2021,107435101000,13.1505558876889,6075.8026572556,,25.4,71.1968674504751,66.352985667233
EGY,2011,235989672977.625,15.7671942236161,2590.64384891965,25.8721904754639,29.21,91.5094268923602,62.1480040537446
EGY,2012,279116666666.667,16.1654665564441,2996.0677072015,26.4579601287842,27.9,93.5868210357125,62.0961057401256
EGY,2013,288434108527.132,16.6083799182971,3025.52563552448,28.5217609405518,28.48,95.7693033301522,62.0110954010074
EGY,2014,305595408895.265,16.7744463669334,3133.39102265541,29.1688709259033,30.03,97.9744376914963,61.9034207116198
EGY,2015,329366576819.407,16.6974449068966,3306.98159414141,32.8131103515625,28.91,100.052581244663,61.7368302860934
EGY,2016,332441717791.411,16.8413269293155,3270.6287768197,31.9304790496826,25.96,102.109185795369,61.6008772488617
EGY,2017,248362771739.13,16.5935206577446,2395.10333299491,33.1621017456055,26,104.170030639409,61.5289800193223
EGY,2018,262588632526.73,16.3508895794126,2484.70315630508,36.7171516418457,27.16,106.165145411623,61.5446717092144
EGY,2019,318678815489.749,15.9882989921372,2962.98892023003,,27.47,108.044761665578,61.6643683303097
EGY,2020,383817841547.099,16.3804559942138,3511.11381026379,40.012939453125,24.23,109.814781254709,61.8346774314352
EGY,2021,424671765455.704,15.485283900665,3827.35415374308,,25.1,111.464169973379,62.0672499568481
ESP,2011,1487568659241.25,11.2014709597732,31824.6219134777,80.7240905761719,43.81,93.5078358806114,67.8223406857849
ESP,2012,1330994811670.31,10.8118621882614,28456.4438151477,82.89208984375,47.2,93.5068371284061,67.4834730652077
ESP,2013,1362186923157.65,10.8662587310316,29218.9105170888,85.2132568359375,49.41,93.2009456028468,67.0770392025555
ESP,2014,1380244561361.96,10.9975561841823,29694.8874886229,88.0015563964844,49.27,92.9227364506907,66.6930927877804
ESP,2015,1206164777553.12,11.0137685905408,25969.8383138327,88.5742492675781,49.07,92.9526859210545,66.4614550787613
ESP,2016,1243015667917.12,10.9527706513192,26740.6851818829,89.8067779541016,49.19,93.0492629572988,66.3143685616246
ESP,2017,1321754088818.83,11.1145583338461,28367.9392609439,91.8877410888672,48.81,93.2709101549633,66.1865982307919
ESP,2018,1431642809327.06,10.7886322916564,30592.1264795541,92.1748886108398,48.68,93.6697920792501,66.1319737035927
ESP,2019,1403496387686.27,10.6967320991298,29776.2011500384,91.020263671875,47.85,94.3508089023978,66.1693765330282
ESP,2020,1289783836971.21,10.853212942808,27230.3599933583,90.9548492431641,45.6,94.815383748924,66.2408766587242
ESP,2021,1461244901852.69,11.2560847091885,30817.6828559001,94.5903778076172,45.4,94.8822087969797,66.2783015470184
EST,2011,23303915794.7569,14.5525672570253,17555.5455239426,71.0235290527344,49.18,31.3149091766926,66.9955155261488
EST,2012,23237406116.3988,13.8770730242275,17568.2137969714,72.9364700317383,55.3,31.2030195800896,66.5458455061787
EST,2013,25451032780.7573,13.5540034976357,19310.3874900757,75.4523162841797,50.6,30.3196917414309,66.0628361595682
EST,2014,27055689003.0038,13.9610951419012,20581.7898991695,76.2024536132812,51.54,30.2402806533241,65.5532115284544
EST,2015,23311847750.9394,13.6547460994623,17722.1557669523,74.5832824707031,52.81,30.26011042098,65.0969209844087
EST,2016,24561027787.7896,13.6104762733574,18666.3736521706,73.0334320068359,51.73,30.2689210950081,64.6626626611412
EST,2017,27469461919.1189,13.3408912828564,20851.5223496861,72.1369781494141,50.93,30.816,64.2570788686562
EST,2018,31222632740.7247,13.2138423128235,23618.1361254581,72.0659637451172,50.51,30.9234385964912,63.9606434212114
EST,2019,31873748770.0313,12.8803241268467,24021.2501413306,72.7060317993164,49.97,31.0385497076023,63.6685115518553
EST,2020,31820771493.8974,12.5917858133422,23933.9939421065,72.0443572998047,48.28,31.0999298245614,63.3615345768253
EST,2021,37204563051.4723,13.0463335732433,27953.7670230126,73.1502075195312,49.9,31.1329122807018,63.1847055320839
ETH,2011,31952763089.33,3.68255139559386,343.024942351887,7.17573022842407,22.88,82.537679592612,52.0383522399417
ETH,2012,43310721414.0829,3.42006071889612,452.101031885754,7.59986019134521,23.3,84.8841807786957,52.5662496261565
ETH,2013,47648276605.0123,3.702189003056,484.039833104062,,24.8,87.224157853982,53.1134705274755
ETH,2014,55612228233.5179,3.99132524576571,549.986577082588,7.73872995376587,25.36,89.598740246565,53.6668811752551
ETH,2015,64589328550.5953,4.4046191387627,621.845673808133,,24.17,92.0367822337439,54.2131245567384
ETH,2016,74296745207.8721,5.69139881015014,696.195884706786,,24.83,94.5614799764478,54.7458515074501
ETH,2017,81770886825.6048,6.18658850515008,745.632449222154,,24.16,97.1744352590326,55.2530672521534
ETH,2018,84269196625.8784,5.8276168447099,747.968143637014,,,99.8298825389562,55.7047451273376
ETH,2019,95912607722.3032,5.59436889552396,828.70897229725,,24.16,102.552159549746,56.1010549033282
ETH,2020,107657734392.446,5.30328086816582,905.313175805855,,18.06,105.370090895445,56.4801956284521
ETH,2021,111261882958.426,4.60568870386342,910.947840320752,,18.6,108.224068056306,56.8415943336368
FIN,2011,275126915515.565,16.355265487845,51060.3242589767,93.2884292602539,57.5,17.7309947678436,65.6919391690164
FIN,2012,257443384492.969,14.5954146662807,47551.6740841369,91.5533828735352,61.8,17.8155615518773,65.1075093394932
FIN,2013,270268036626.275,14.6434591173334,49691.0145200739,91.2365264892578,59.51,17.8978314521702,64.5043907459626
FIN,2014,273478528954.901,14.6025114765247,50073.7760815871,89.9938812255859,60.67,17.9720030274112,63.9319576160027
FIN,2015,233210733506.25,14.8411928141889,42560.3456767103,89.6573791503906,59.97,18.0301108880919,63.4339270226978
FIN,2016,238777818792.608,14.7475627790114,43451.2562442158,89.3280029296875,59.9,18.0820078312658,63.0282055999224
FIN,2017,253846138440,15.3743113223501,46085.0174739036,90.6983871459961,58.49,18.1238944459068,62.6552811381026
FIN,2018,273869255596.078,14.7901080183696,49654.2497035329,92.3850021362305,59.63,18.1479501184522,62.3153408434214
FIN,2019,267014821129.411,14.7120972002113,48358.1807773701,94.5891189575195,59.83,18.1673609054717,62.0624967514881
FIN,2020,270000311606.226,14.5232182818852,48828.6846862799,96.4726333618164,57.02,18.1928768835954,61.8489868728584
FIN,2021,294223210496.119,14.9402646685212,53099.1351400148,100.868072509766,58.4,18.2301659134121,61.6707046917791
FJI,2011,3779411899.37483,11.9246700921386,4139.60288609702,,,49.972030651341,64.8892072572656
FJI,2012,3972028104.47328,11.5622714283651,4341.40338748749,,27.9,50.0776135741653,65.0100528079823
FJI,2013,4189967998.51424,11.5664406958165,4572.44377544245,,30.46,50.1561029009305,65.0830875672844
FJI,2014,4857104791.41609,10.6541138317051,5293.35679137747,69.2255630493164,30.39,50.2235905856596,65.1216318497098
FJI,2015,4682479912.05203,10.4961595864402,5097.53108832569,68.3497772216797,27.31,50.2779419813903,65.1603347783204
FJI,2016,4930213634.35692,10.9318098449337,5363.79025590254,77.8562698364258,,50.3101258894362,65.2171098582846
FJI,2017,5353469171.0611,10.4461315762246,5826.84814087383,82.9545288085938,,50.2878489326765,65.2999128715544
FJI,2018,5581425324.91185,10.3875798129426,6085.41979209299,79.9261474609375,,50.2014230979748,65.4160579166576
FJI,2019,5444407214.31758,10.3765231557191,5950.82868635508,78.2611541748047,,50.0765736179529,65.5568179892983
FJI,2020,4432466237.09588,11.06471015783,4844.42129036462,84.2023696899414,,50.0800766283525,65.7076297074308
FJI,2021,4305031630.81808,11.4027360175894,4696.17101880318,76.6493606567383,,50.1757525998905,65.8882134064062
FRA,2011,2870408553990.28,10.3132840454103,43929.7840873812,55.6257286071777,49.25,119.331558175679,64.4012852086265
FRA,2012,2683007095787.23,10.2470795796382,40863.5814412333,57.9090118408203,51.8,119.910181040513,63.9822023210968
FRA,2013,2816077607875.26,10.2533499274342,42669.1795111893,59.8487586975098,52.83,120.531619539153,63.6262148936628
FRA,2014,2861236112552.42,10.1814983481472,43148.0459288416,61.5104789733887,52.18,121.105322368265,63.2660590407766
FRA,2015,2442483452642.5,10.3199116417468,36702.4323733379,62.7859306335449,53.59,121.536702115031,62.9034115542196
FRA,2016,2470407619777.13,10.1652320223789,37024.2157133669,64.7276763916016,54.04,121.857823021165,62.632173096763
FRA,2017,2588868323334.71,10.0100515756887,38687.1626407164,65.8022308349609,54.18,122.211970625889,62.3980765439097
FRA,2018,2781576320884.39,9.88620521645328,41418.1766484844,67.5435180664062,54.36,122.650880182337,62.1793955597294
FRA,2019,2722793515171.76,9.91095000638926,40408.2848574751,67.7331314086914,54.25,123.05944586591,61.9811666181521
FRA,2020,2647926055110.05,9.24566710385932,39169.8606000707,68.8709411621094,53.66,123.45949371481,61.8134010588151
FRA,2021,2966433692008.09,9.09582515832787,43725.0999521245,69.9397888183594,55,123.90091077276,61.7040398746753
GAB,2011,18210307743.5816,19.1528007507603,10219.1139339454,,,6.91576434974968,58.6804767381534
GAB,2012,17170464016.0593,16.5014056434654,9296.96587941088,,26.5,7.16765242364264,58.9065290587228
GAB,2013,17595744798.3398,17.1624139596913,9197.70106323947,,28.04,7.42445375868359,59.1230221135423
GAB,2014,18203966895.8433,17.393405866881,9201.36276648105,,,7.67803391935421,59.299651056321
GAB,2015,14383107762.6952,16.6870330418249,7047.12654634355,,,7.92094151434005,59.4011630143124
GAB,2016,14023890265.3665,17.456006771994,6677.07003901644,,,8.15114681569449,59.4196750378278
GAB,2017,14929487485.1623,17.6224186689537,6921.73373135624,,,8.37078433655451,59.3743798970745
GAB,2018,16867326401.9626,18.9415576135283,7624.2775233771,,,8.58585788023441,59.3016599109305
GAB,2019,16874405465.391,18.8025688304726,7441.1786472281,19.6197319030762,,8.80081499592502,59.2317653240247
GAB,2020,15342236163.9864,18.5764709410674,6605.80346077565,,,9.01361819381379,59.1889307348553
GAB,2021,19444935097.2395,21.6495470771382,8181.40914134656,14.7383832931519,,9.22389878526798,59.1823317998487
GBR,2011,2663805834828.07,9.32941976073476,42109.6418795749,59.3426704406738,55.96,261.475674781962,65.6678825334919
GBR,2012,2707089726614.64,9.34630320677592,42497.3404974322,59.1499404907227,61.2,263.300190137643,65.2614604980162
GBR,2013,2784853502534.29,9.59367584672618,43426.2981405143,56.7628898620605,61.25,265.069536642831,64.8698524669935
GBR,2014,3064708247921.43,9.41066751713007,47439.6165895125,56.4879112243652,62.37,267.028884388046,64.5811849432514
GBR,2015,2927911140916.73,9.29473281602295,44964.3911437292,56.3971290588379,62.42,269.153139337825,64.349417600625
GBR,2016,2689106566899.61,9.1098062154651,40985.2351382417,58.019100189209,61.93,271.200731616583,64.1335648731091
GBR,2017,2680148052335.3,9.05419590661528,40572.1214823783,59.5547981262207,60.89,273.049472988054,63.9059468954247
GBR,2018,2871340347581.79,8.95235988968101,43203.8141057739,61.0918807983398,60.13,274.708981936924,63.6924638374832
GBR,2019,2851407164907.81,8.79681958314551,42662.5353740311,65.5249404907227,61.3,276.263080229819,63.5198822523142
GBR,2020,2696778386607.65,8.99725503283597,40201.6812422928,69.5303802490234,59.78,277.27538544207,63.4278786786019
GBR,2021,3143323050707.26,8.64632011901637,46896.8662432834,77.0768814086914,59.8,277.048286694498,63.4465589396069
GEO,2011,15475290469.2869,9.45154105521284,4119.66818307193,34.3632888793945,31.87,65.7203016200707,67.7397638084288
GEO,2012,16894392033.2256,9.54490769616805,4530.69533409431,32.4973793029785,34.3,65.238006928164,67.6326862206997
GEO,2013,17517660143.6859,9.22261068021141,4712.00229382665,39.4706687927246,35.56,65.0419538822212,67.3865651560398
GEO,2014,17966015109.3043,9.21055324380556,4830.33486170249,45.7736511230469,34.53,65.0725007872914,66.9676005173329
GEO,2015,15223796148.8396,9.23868791246961,4086.6223465965,51.1823806762695,33.83,65.1750586094685,66.4359840145481
GEO,2016,15444548901.9637,7.78368506004979,4143.40125686315,57.3850593566895,33.86,65.2140557752196,65.8971898365452
GEO,2017,16473125375.0684,8.77075350749879,4418.75206546679,62.7497596740723,34.39,65.2227859617201,65.3998342675011
GEO,2018,17902544880.6471,9.05712081808966,4804.0546040444,66.0417785644531,35.05,65.197330207495,64.9358595812196
GEO,2019,17638337116.9126,8.82563487913767,4741.2832715876,69.0164108276367,36.98,65.0855698239966,64.4923615039024
GEO,2020,16010869215.68,9.42818092349716,4300.85701291207,71.3107528686523,31.78,65.1302704783232,64.1121823294811
GEO,2021,18853115588.8106,9.91604571503854,5083.60695484577,76.8213119506836,32.4,64.8834808775675,63.8378060056736
GHA,2011,39336668080.559,6.42376585885943,1507.43573198753,11.156060218811,32.48,114.683519381208,57.6207445631147
GHA,2012,41271701060.954,5.66058649920669,1543.77524235764,11.4314603805542,29.6,117.492607893118,57.706675235943
GHA,2013,62824629066.0408,11.5885474629749,2294.025645187,11.763578414917,30.6,120.357708534763,57.7912847870327
GHA,2014,54783319817.3705,11.0199488260173,1953.64513603117,15.2124500274658,30.26,123.238076821658,57.8927979928387
GHA,2015,49406010054.2663,11.0982995618487,1721.69964380717,15.726619720459,28.04,126.114388678914,58.0343822372177
GHA,2016,56164929304.8754,10.8204245904679,1913.18673253576,14.2144002914429,26.66,129.017939702909,58.2304936670168
GHA,2017,60405924078.7278,10.1522230921101,2012.97025750655,16.3660793304443,,131.88166476224,58.4792804696985
GHA,2018,67298914624.3723,10.1201333350505,2196.61290615342,16.0154399871826,24.52,134.647029093786,58.7468098211202
GHA,2019,68337969247.7067,10.1612187308728,2186.18924111824,17.4338893890381,25.27,137.382028101418,59.0123019186988
GHA,2020,70043099675.68,10.9530558483938,2196.54789313621,18.6487197875977,22.28,140.147712389575,59.306835725214
GHA,2021,79524421861.2743,10.8854255442819,2445.50081810782,19.1863193511963,22.3,142.918455784436,59.6173505277661
GIN,2011,6785137203.33153,10.4712769261704,636.694958747648,10.6762504577637,,43.3697297737262,52.13738445182
GIN,2012,7638044556.84656,10.5298592048946,699.353377212197,10.0537395477295,,44.4472611102067,52.4176606123995
GIN,2013,8376613539.28278,10.8007785486665,748.455020824734,10.4762001037598,25.7,45.5472611102067,52.6752447959336
GIN,2014,8778473372.82124,11.0824935422383,765.146999389279,10.891300201416,20.25,46.6910467198437,52.9287869421954
GIN,2015,8794201742.84609,12.1187356683819,747.356966759448,8.70392799377441,18.49,47.8881246947745,53.1930038658731
GIN,2016,8595955222.49719,10.9266759656277,711.996509782316,8.63794803619385,17.24,49.1332817841446,53.440739400134
GIN,2017,10324668271.1362,10.021586832517,833.598621691121,8.52771759033203,17.41,50.4055795214065,53.6638744858065
GIN,2018,11857030366.7891,12.0732499471316,933.273615633705,7.59974813461304,20.71,51.7042731564382,53.8882234347498
GIN,2019,13442861496.4454,10.4003589799348,1031.34146480732,6.84396314620972,19.5,53.0455233599219,54.1370890415215
GIN,2020,14088693742.9464,9.56625663157385,1053.66097696415,5.77144193649292,17.32,54.4163397362852,54.4109522695187
GIN,2021,17069115737.8259,11.4227929712381,1244.96550477914,6.7185697555542,16.7,55.7973018069347,54.6990546597345
GMB,2011,1409693596.93594,5.48871420220461,710.608411468152,2.94032001495361,,196.026086956522,53.0717943767553
GMB,2012,1415004738.26621,5.74815979853717,692.579361628102,2.66229009628296,23.3,201.886758893281,53.2544138315678
GMB,2013,1375609453.43746,5.61120256265393,653.862713272743,,26.39,207.887351778656,53.4267554797358
GMB,2014,1229461721.40861,6.51178104456846,568.00453558864,,29.03,213.886166007905,53.6241388422788
GMB,2015,1378176608.93204,6.34925434673243,619.536364296461,,27.49,219.815118577075,53.834249856936
GMB,2016,1484578885.97132,5.58625701329089,650.056501323611,,,225.668873517787,54.0527842236268
GMB,2017,1504909462.69521,4.46929213423085,642.522641296331,,,231.441600790514,54.2934408794508
GMB,2018,1670671327.81651,4.25546144640921,696.219806960615,,,237.117786561265,54.5641373343913
GMB,2019,1813609692.49994,3.78717703681072,738.186751987483,,,242.771146245059,54.8603411531217
GMB,2020,1812170891.19069,2.61338378758132,720.335143352133,,,248.590217391304,55.1896892099263
GMB,2021,2014158842.14596,1.90207190148837,781.890925169531,,,254.546442687747,55.554725244608
GRC,2011,283228079776.041,8.14872583676611,25504.7866510124,105.812690734863,34.18,86.1512723041117,65.8451124997845
GRC,2012,238841140018.233,8.13642389483796,21624.346052551,110.122978210449,35.3,85.6866640806827,65.4403133152416
GRC,2013,236556279640.705,7.78048722385766,21573.3449762805,112.705833435059,37.71,85.067579519007,65.0482485111407
GRC,2014,233911581521.062,7.79323131183445,21474.7257123892,119.104209899902,38.95,84.5028161365399,64.7156591244612
GRC,2015,194567373678.099,8.2939794133625,17980.7298238137,,40.28,83.947889837083,64.4361225877416
GRC,2016,193097239005.87,8.1077472947053,17919.2426377048,131.403213500977,39.75,83.5994647013189,64.1636112798065
GRC,2017,200381103984.298,8.01771265830777,18631.9930129293,135.333923339844,38.85,83.4342823894492,63.9236489103791
GRC,2018,213298873494.394,8.18182062799694,19873.4015238771,140.950317382812,38.93,83.2651823118697,63.7348406022322
GRC,2019,207305649887.019,7.83958999296986,19335.3602002969,143.96272277832,38.9,83.1775174553918,63.5769463955355
GRC,2020,191362985554.861,8.42728042228222,17886.733165236,143.693344116211,36.79,82.999216446858,63.4362736718399
GRC,2021,218303801895.326,8.66558957724326,20654.7001960815,150.605484008789,36.3,81.9953995345229,63.1383476119661
GTM,2011,46876006272.2387,18.9568997751997,3168.98370607705,16.486270904541,29.33,138.037756625607,57.388835025771
GTM,2012,49593929487.1263,19.4267259519628,3286.61959336267,16.934289932251,28.4,140.814175065323,57.9383453416222
GTM,2013,52996446269.442,14.4164226540723,3444.15971843874,19.6571807861328,31.46,143.59217058604,58.4664825867373
GTM,2014,57852153058.502,14.0766487906713,3689.14472473545,18.3490905761719,30.75,146.339352370287,58.9667208167469
GTM,2015,62186064718.7424,14.326328695069,3893.50521848131,22.0697193145752,28.84,149.045754012691,59.4359269367157
GTM,2016,66053403469.0024,14.190600806824,4060.13755621218,16.1237926483154,27.3,151.817469204927,59.8961168521756
GTM,2017,71653754066.2763,14.1404419045845,4324.99607911366,17.1044540405273,27.9,154.603928704741,60.3424312037219
GTM,2018,73328365862.4329,13.9542763714142,4352.94651790253,17.5163669586182,25.51,157.201241134752,60.7606992532509
GTM,2019,77172317258.6478,13.8112907260869,4511.99755157656,22.6505107879639,25.07,159.609957073535,61.1806848214015
GTM,2020,77719464220.73,14.1081589463862,4477.61761796418,18.6944980621338,22.35,161.97578387458,61.6502064214905
GTM,2021,86478835636.3813,13.9283829228936,4913.94712869347,,24.1,164.227790220231,62.1568682212309
GUY,2011,3691384317.52178,6.01840110369443,4947.22170589917,11.1490097045898,34.83,3.79046482092964,63.6643557018467
GUY,2012,4063088535.76331,6.01570949241623,5444.39751913913,11.6349601745605,33.7,3.79115062230124,64.0113709376468
GUY,2013,4167800928.83553,6.3459503155219,5556.91231156932,,34.36,3.8101143002286,64.2139591998363
GUY,2014,4127660151.8087,6.04622180080549,5472.68820452237,,32.48,3.83149098298197,64.3505487060296
GUY,2015,4279840193.7046,5.9391007109179,5640.41560569466,,30.75,3.85461518923038,64.4153583181445
GUY,2016,4482697336.56174,4.96674325925782,5870.87823759835,,,3.8788315976632,64.4098340903257
GUY,2017,4748174334.14044,4.78930094706975,6178.6650437298,,,3.90388112776226,64.3353067132002
GUY,2018,4787636997.85343,4.66840695363972,6048.38697180418,,,4.02111252222504,64.8078372268274
GUY,2019,5173760191.84652,5.04918288096454,6405.82443444562,,,4.10294640589281,64.9468529650288
GUY,2020,5471256594.72422,4.24402392446419,6775.70939096303,,,4.10201168402337,64.5321285998503
GUY,2021,8041363893.04556,3.13504926250739,9860.87233445443,,,4.14265684531369,64.4780632803667
HKG,2011,248513617677.287,1.58072403757179,35142.4879344543,60.2208404541016,58.8,6734.85714285714,74.6727743972587
HKG,2012,262628865879.697,1.5021656221052,36730.796195815,60.9527893066406,58.7,6809.61904761905,74.4871693212986
HKG,2013,275696879834.966,1.41027589609527,38403.7777145477,68.0859069824219,59.43,6837.04761904762,74.0951580564497
HKG,2014,291459995978.893,1.2338468277725,40315.3739510191,69.6881790161133,56.82,6885.2380952381,73.6094696625815
HKG,2015,309385622601.348,1.11396500825592,42432.1619740441,68.7008666992188,57.23,6944.09523809524,73.0763745892758
HKG,2016,320860317562.562,1.07781344078812,43734.1980702999,70.3316421508789,55.69,6987.2380952381,72.5100177044859
HKG,2017,341273289534.466,1.02642830098086,46160.429791493,72.9228515625,53.88,7041.14285714286,71.8759568222049
HKG,2018,361731070995.726,0.972374903409678,48537.5668888343,78.2463226318359,54.62,7097.71428571429,71.2239751252594
HKG,2019,363074545072.389,1.03218885477863,48359.0011950597,83.8542098999023,55.54,7150.38095238095,70.5644998078365
HKG,2020,344943149590.058,0.953922818394398,46109.2299946609,89.9478988647461,54.24,7124.7619047619,69.8975753165571
HKG,2021,368954169748.818,0.912665495804877,49770.5642374739,97.3813323974609,53.7,7060.09523809524,69.1624998338255
HND,2011,17710275685.4074,17.1943940174517,2073.66121088074,,27.81,76.3301724908392,59.4687095717002
HND,2012,18528554397.5695,17.6861395577953,2126.03474686503,18.8540897369385,26.3,77.8896773616945,60.0397368858438
HND,2013,18499729214.904,17.2942592461772,2081.12843527945,19.3874206542969,28.8,79.4465814639378,60.592472222855
HND,2014,19756533971.8698,17.2545874850923,2179.88171977271,19.6584796905518,26.73,81.0002859951738,61.1323415301956
HND,2015,20979791685.416,17.5431120239302,2271.20265980349,20.2654304504395,27.48,82.5570202877826,61.6653017303207
HND,2016,21717604952.1835,17.1467725059127,2307.34468351082,20.9513092041016,26.94,84.121726695862,62.1810795994212
HND,2017,23136247990.5977,17.1266629002784,2413.0076562942,24.4584407806396,26.36,85.6925283760837,62.6597879577538
HND,2018,24067750760.499,16.8927082911441,2464.64241531918,26.2141990661621,24.95,87.2750916078291,63.0886349044908
HND,2019,24882225741.8119,16.5344925692041,2502.32744328073,25.126579284668,25.48,88.8697202609706,63.4708932102134
HND,2020,23352232483.755,16.2334694093705,2307.61494319511,22.7773380279541,22.95,90.4427562784878,63.825483721482
HND,2021,28144331506.6149,16.2151646162406,2735.14751503977,22.4562759399414,22.8,91.9642237912235,64.1540644341067
HRV,2011,62903737379.7834,13.6597627676113,14694.9993201417,59.3388595581055,37.98,76.4888499749839,66.9100271349628
HRV,2012,57551963753.2104,13.514937862597,13508.6836989693,62.0256614685059,40.7,76.1269387463369,66.8433180453821
HRV,2013,59852401272.3204,12.6084454384279,14136.3967669505,66.7111129760742,41.95,75.6543849617611,66.7137862494026
HRV,2014,59612144078.4133,12.7311178157245,14187.9694531493,68.6392517089844,40.75,75.0767993710242,66.4871658325589
HRV,2015,51005200669.6941,12.7361539594217,12285.3032582105,68.4413986206055,41.7,74.1856371953399,66.146261641978
HRV,2016,52654855638.1057,12.874923346888,12821.1738140304,69.5889511108398,38.29,73.3840861982703,65.7635720154282
HRV,2017,56186190437.9959,12.7593550106164,13902.6310485422,71.3775863647461,39.8,72.2144056893717,65.2937585801138
HRV,2018,61668130122.5878,12.2987948004737,15460.4183295843,72.8625411987305,40.73,71.2739439639768,64.7650804945653
HRV,2019,61467582193.6824,11.9940431374938,15563.8167397199,74.0501174926758,37.82,70.5701879779859,64.2827891136582
HRV,2020,57963370885.0798,12.1555164335867,14808.4620188819,74.738037109375,37.27,69.946497498213,63.8820518579105
HRV,2021,69006802298.6956,11.6570943256848,17789.9304736722,78.0067901611328,37.3,69.3170300214439,63.519292362808
HUN,2011,141942264554.475,18.4377347949251,14234.471576937,59.9984893798828,48.12,110.148315475533,68.7322393565328
HUN,2012,128814279315.132,18.4725080648162,12984.8365730133,60.6758003234863,46.5,109.580934496852,68.5314900042081
HUN,2013,135684315697.713,18.7141313676444,13715.0703590361,57.2066802978516,46.93,109.27959792334,68.2352317213276
HUN,2014,141033843265.669,19.438228788326,14294.2584180751,52.8164901733398,44.61,108.113828621521,67.8503265083229
HUN,2015,125174166987.372,20.215286547804,12717.038597002,50.0656509399414,43,107.85698005698,67.4528577545496
HUN,2016,128609822750.039,19.605726746561,13104.6995457458,49.47705078125,44.71,107.539151873767,67.0502119558858
HUN,2017,143112196040.326,19.1264888029734,14621.2395956755,49.910270690918,41.74,107.253626999781,66.6846693017279
HUN,2018,160565642983.587,18.5033366208224,16425.2050299693,50.8998908996582,44.94,107.117729563883,66.3242430335959
HUN,2019,164020460331.659,17.4329538120912,16786.2136399075,52.3610382080078,44.51,107.069263642341,65.8474599647003
HUN,2020,157288955508.176,17.3085871465959,16131.9540355923,54.6020393371582,41.53,106.839239535393,65.3516634491369
HUN,2021,182109999477.691,16.7329079767572,18755.1023464312,56.5250091552734,42.7,106.398104317335,65.0297164165967
IDN,2011,892969104529.572,21.7608545038476,3579.46442452684,25.4599514007568,27.78,132.872174396105,66.3459439088059
IDN,2012,917869913364.917,21.4509550553875,3632.272540431,29.5658359527588,28.1,134.591727167608,66.4915446182363
IDN,2013,912524136718.018,21.0286886817218,3566.60284506078,30.4385662078857,31.95,136.271572751061,66.6471548360078
IDN,2014,890814755511.014,21.0751760505565,3441.06808455308,30.5253391265869,31.81,137.882705314833,66.8074162395304
IDN,2015,860854232717.718,20.9857874310206,3288.22269737572,33.0326499938965,29.79,139.438934572699,66.9524898064165
IDN,2016,931877364034.196,20.5229746805052,3521.46943456251,35.4757537841797,29.07,140.945267664402,67.077798038297
IDN,2017,1015618744168.08,20.1600223614347,3798.88326177649,36.633861541748,30.1,142.393583234045,67.1982866155746
IDN,2018,1042271532953.49,19.8631933835963,3860.95353077708,36.7954559326172,29.8,143.781152680745,67.3141002204628
IDN,2019,1119099871385.79,19.7035390875513,4106.94856173421,37.925968170166,29.72,145.132688936836,67.4223673692444
IDN,2020,1059054842711.55,19.8664218856304,3853.70288778903,38.6503868103027,26.49,146.371283592869,67.5576712934403
IDN,2021,1186509691070.97,19.2434077817738,4287.17313989405,41.0022087097168,27.1,146.235107708626,67.7378359790672
IND,2011,1823051829894.55,16.1393374446289,1445.46127486037,23.8253688812256,34.52,424.199245255096,64.1076284698584
IND,2012,1827637590410.41,15.8169230071066,1429.32199520032,24.9402103424072,35.7,430.068210238834,64.4911322144707
IND,2013,1856721507621.58,15.253022692586,1432.84397512195,24.3906383514404,36.17,435.838110245225,64.8769968339134
IND,2014,2039126479154.52,15.0655701107589,1553.88396075118,25.991325378418,33.7,441.370107863944,65.2562148871274
IND,2015,2103588360044.94,15.5838545863713,1583.99815907985,27.2845668792725,31.74,446.666542669658,65.6177857140772
IND,2016,2294796885663.16,15.1622371332529,1707.50892912243,27.3043575286865,33.61,452.020992940243,65.9731160836743
IND,2017,2651474262755.45,15.0182387501718,1950.10468280866,27.9090518951416,35.47,457.30592394028,66.3274225183491
IND,2018,2702929641648.74,14.8815306673017,1966.25455171679,28.5316867828369,35.18,462.351569862673,66.6529850197096
IND,2019,2835606256558.19,13.4558075633394,2041.42863698585,29.0233592987061,36.58,467.185182245332,66.944203338595
IND,2020,2674851578587.27,14.1204853576923,1907.04251637669,29.8196392059326,35.59,471.755150192218,67.2377729174314
IND,2021,3167270623260.47,14.3770288531286,2239.61384367482,31.5741767883301,36.4,475.652042419085,67.5490478920304
IRL,2011,241337364609.738,20.5666933538867,52692.7813135606,67.7985916137695,54.1,66.4840179997097,66.9266273655847
IRL,2012,227270922957.327,19.5753517920768,49411.7387476787,68.1972503662109,58.7,66.7663376397155,66.4288763887645
IRL,2013,243301556084.989,19.0465456269223,52619.2123745817,71.6995468139648,57.91,67.1188271156917,66.0510609746196
IRL,2014,266787238499.03,19.5645553716209,57278.2590911107,73.813232421875,56.67,67.6112643344462,65.7693782746418
IRL,2015,302391428540.035,34.8578555737466,64311.8234684057,77.2321472167969,59.13,68.2531136594571,65.5717708523171
IRL,2016,305733136180.907,32.5945579382312,64292.659966313,77.5571365356445,59.03,69.027943097692,65.4546867857241
IRL,2017,348532394023.595,32.14300810415,72499.3268743015,77.7806167602539,58.13,69.7835389751778,65.3844318826392
IRL,2018,395461216460.418,32.8064047541631,81248.3135388,77.2828826904297,57.19,70.6534475250399,65.3471982002052
IRL,2019,407124824064.995,31.9371283375674,82508.4659883582,75.1799392700195,56.1,71.6263608651473,65.3435974647567
IRL,2020,436555518400.451,33.8161599902465,87567.1148972037,74.6803131103516,53.05,72.3672811728843,65.3365964179592
IRL,2021,531306516907.984,34.576136917272,105561.137468992,78.7776031494141,50.7,73.0608796632312,65.3403436125284
IRN,2011,629082257472.368,13.7921914678481,8025.68743364356,48.5700302124023,28.41,48.1247071391734,71.3834100127465
IRN,2012,644019315003.54,16.3771989024111,8114.08099831877,54.0766487121582,27.3,48.7306785530097,71.2923376098067
IRN,2013,500399839839.877,15.7296956213052,6222.74194840326,56.620189666748,27.3,49.3717220462192,71.1183425569699
IRN,2014,462284793280.825,15.5847556165887,5672.06372896319,64.9739227294922,26.14,50.0393213241976,70.8169422569891
IRN,2015,409191686496.677,13.4507444091979,4952.73355532178,72.1212768554688,28.37,50.7253137356025,70.4023483018424
IRN,2016,459042684192.698,12.9449949759878,5477.03712389913,69.1833267211914,30.52,51.4576905130283,69.9822148863528
IRN,2017,489168731811.147,13.75240253733,5753.11544659399,68.1274108886719,32.09,52.4047790446841,69.6037014420191
IRN,2018,398880231367.268,15.6371173490641,4631.78709016514,62.7104721069336,33.44,53.0773485362096,69.281644819472
IRN,2019,333519146339.191,18.0455961757143,3831.27894763337,59.9513702392578,34.43,53.6527876733436,69.0709368826133
IRN,2020,262186179355.944,21.1394869566356,2988.78122414716,57.3403282165527,30.89,54.0668369799692,68.9964842123217
IRN,2021,383436202446.695,21.215094973435,4334.79268631354,55.7980690002441,32.9,54.518020338983,69.0444241800148
IRQ,2011,185749664444.444,2.82190329286093,5775.54229080293,,,74.0500644685946,55.9199937154523
IRQ,2012,218002476129.472,2.72177631792452,6477.59618450955,,,77.4885844538589,56.0511596510963
IRQ,2013,234637675128.645,2.29763484409581,6650.35282247395,,,81.2709362215752,56.1925448704153
IRQ,2014,228415656174.957,1.87706381634762,6249.39226978969,,,84.1918950171378,56.359534193912
IRQ,2015,166774104959.102,2.1752084247609,4440.14189252367,,,86.5194942505436,56.578440064531
IRQ,2016,166743557747.671,2.25286887717333,4334.42096404188,,,88.6135586739395,56.8371861260833
IRQ,2017,187217660050.676,2.17439874253532,4759.2846435467,,,90.6123378358457,57.1233026644764
IRQ,2018,227367469034.031,2.03197771830623,5646.68932074742,,,92.7505804739616,57.4360991222178
IRQ,2019,233636097800.338,2.13753149649538,5671.8568632942,,,94.8848519330704,57.7716971724032
IRQ,2020,180898797516.874,2.5884272681538,4295.18945121228,,,97.0142561640806,58.1449271391287
IRQ,2021,209691945713.103,2.47340478053043,4868.49431080783,,,99.2131606346515,58.5567231735918
ISL,2011,15221622925.9319,13.2112211664093,47714.5922308485,79.9194183349609,55.1,3.18218453865337,66.7158618398995
ISL,2012,14751508133.5443,11.6563146361717,45995.5478789467,79.5824813842773,55.7,3.19916209476309,66.5237088210497
ISL,2013,16125060515.3117,11.6086029118481,49804.9829978371,78.3723907470703,56.4,3.22956608478803,66.3391846810061
ISL,2014,17867662177.8911,11.3993450164608,54576.7448146565,80.3950881958008,54.05,3.2656957605985,66.1933513988016
ISL,2015,17517210519.0912,10.7328454256169,52951.6815110898,75.6419982910156,57.02,3.29990024937656,66.1278163114535
ISL,2016,20793168030.9524,9.27725793391613,61987.9263620283,74.7006301879883,55.99,3.34602493765586,66.1907152978409
ISL,2017,24728285177.4603,8.86785680948039,72010.1490316258,71.3372497558594,55.76,3.42543640897756,66.4230208874586
ISL,2018,26260850582.0687,8.51658805690473,74452.1890731447,69.3402328491211,51.24,3.49817514628583,66.7002499617406
ISL,2019,24681343649.2952,8.48556916104706,68452.23622306,70.6093521118164,51.53,3.5759496181692,66.8280660217161
ISL,2020,21629953194.0659,8.90023186550916,59023.5663465778,74.5906066894531,49.23,3.63446394922146,66.7078998619802
ISL,2021,25825287184.3818,9.79680948092188,69325.9078287926,86.5232086181641,51.8,3.69453535654071,66.5075333395055
ISR,2011,267406179630.431,13.5938533743356,34433.822610733,61.9456214904785,54.03,358.863216266174,61.8620075096816
ISR,2012,262917911696.944,13.7684053065009,33236.5731239421,63.5912704467773,56,365.549907578558,61.5194273809556
ISR,2013,297634145181.876,12.9905506168938,36929.6042163752,62.0624198913574,55.98,372.435304990758,61.2196796672353
ISR,2014,314090281098.682,12.5081607110865,38230.4954049785,62.1056289672852,55.46,379.653419593346,60.9836373216309
ISR,2015,302722655203.465,12.9187992083921,36123.9907881129,60.8227882385254,53.54,387.250462107209,60.7391726852478
ISR,2016,320958936788.842,12.0688595259059,37556.6272863143,60.4474411010742,52.28,394.916820702403,60.4867682488154
ISR,2017,357227098125.658,11.4749553334116,40997.9110240274,59.0658683776855,53.88,402.647874306839,60.2586178699757
ISR,2018,375149611117.199,11.6684022378871,42233.2610344935,57.3934288024902,56.79,410.480591497227,60.0955585952237
ISR,2019,399651065197.871,11.6066045664421,44140.8289372511,55.9445381164551,57.43,418.391866913124,59.9900386648577
ISR,2020,411728563086.632,12.160055406449,44679.7715799755,56.4272193908691,53.55,425.836414048059,59.9126673678488
ISR,2021,489708278893.053,10.8810440353036,52255.6159050999,58.9942817687988,53.4,433.059149722736,59.8583662424971
ITA,2011,2306974020278.21,14.1319079197052,38851.3881339353,64.2492523193359,40.69,200.797546987333,65.3052108613489
ITA,2012,2097929495121.68,13.7582342074538,35235.7989058242,62.3447418212891,44.5,201.339509262203,65.0318565461314
ITA,2013,2153225581941.46,13.7593478951288,35747.707952689,60.8925285339355,47.85,203.687120838096,64.7515846412995
ITA,2014,2173255507985.84,13.8362218969996,35750.7197500382,60.8831481933594,45.65,205.564558126323,64.4745737605598
ITA,2015,1845428048839.1,14.2623447666015,30387.1293187854,60.941291809082,46.4,205.366538391305,64.264608211041
ITA,2016,1887111188176.93,14.6638600182643,31126.3246947273,61.3571014404297,47.17,205.017949533001,64.1355493804101
ITA,2017,1970720904584.71,14.8167748451842,32554.14668453,62.69580078125,46.96,204.710937447163,64.0491957667784
ITA,2018,2099435266458.67,14.9480712750382,34746.3441392416,64.4753265380859,46.32,204.322225904409,63.976292081862
ITA,2019,2019606796583.53,14.8032822287955,33812.788724868,65.6895065307617,46.3,201.980545589195,63.8719351973526
ITA,2020,1907481094079.23,14.477256120151,32091.4866621366,68.7231063842773,45.74,200.999100491348,63.7947913907968
ITA,2021,2179207773596.09,15.365300568128,36852.5425414951,71.2745208740234,45.7,199.965416259464,63.7233470647178
JAM,2011,14444661522.1463,7.88642236411322,5232.63644918132,24.957540512085,28.88,254.893259464451,67.7406231892957
JAM,2012,14807086555.5283,8.0855260454477,5340.83333232158,27.4642906188965,30.2,255.995383194829,68.4009695465711
JAM,2013,14264205152.6126,8.16879594664045,5124.21301411137,25.8244800567627,32.89,257.034810710988,69.0354914183958
JAM,2014,13899217721.6818,8.1287214565378,4975.11326954633,,32.41,257.963896583564,69.6493851093996
JAM,2015,14188936958.4343,7.95709044591207,5062.89556466908,26.4131107330322,29.95,258.775069252078,70.1916016005515
JAM,2016,14077096714.1279,7.67466886241997,5009.79450059092,,28.97,259.456602031394,70.6496459857327
JAM,2017,14808985171.3441,7.70702233479769,5259.31334136812,,30.36,259.996675900277,71.0921922242404
JAM,2018,15730792835.5811,7.67324815723361,5578.10346083169,,30.39,260.39676823638,71.5255766866216
JAM,2019,15830766570.7266,7.73845935881404,5607.24300668501,,30.8,260.689843028624,71.9239669163888
JAM,2020,13812421803.4084,7.95270594551504,4879.44024631319,,29.1,261.379409048938,72.2937367238732
JAM,2021,14657586127.0331,8.19733248153237,5165.33780988607,,29.6,262.020498614958,72.640076062095
JOR,2011,29524149154.9296,19.3084740432038,3946.85503855525,37.4216384887695,38.43,84.2579860328903,60.969879514851
JOR,2012,31634561690.1408,18.7888725091493,4169.50470054618,43.9161491394043,37.1,85.4598670871818,61.3507351761256
JOR,2013,34454440140.8451,19.2766712440525,4311.21916713038,,37.3,90.0181234512278,61.6110695338189
JOR,2014,36847643521.1268,18.8479383295667,4191.18050084986,,36.21,99.0280468574003,61.7054155729991
JOR,2015,38587017887.3239,18.3616206146717,4042.75678097555,36.6284294128418,33.78,107.509900878576,61.8721966857309
JOR,2016,39892551126.7606,18.0055030429575,3986.71677010853,34.0612602233887,30.04,112.70969813021,62.1278912780178
JOR,2017,41608435915.493,17.998121961285,4065.61628749384,28.6210594177246,30.52,115.276255913494,62.36793578723
JOR,2018,43370860704.2254,17.6895403755395,4145.43989673265,31.5562992095947,30.77,117.84530299617,62.6409082280713
JOR,2019,44503006338.0282,17.5673271891158,4170.1144003465,30.11083984375,29.61,120.187073450909,62.9404777962745
JOR,2020,43700383098.5916,17.1472019841126,4022.0401356135,30.2879695892334,27.79,122.364439038674,63.259407131604
JOR,2021,46296100140.8451,16.9034351571687,4183.49998326866,30.4513092041016,28.3,124.629547041467,63.6021604582394
JPN,2011,6233147172341.35,19.5355543051759,48760.0789494211,,50.32,350.707818930041,63.0577639232849
JPN,2012,6272362996105.03,19.6667084270194,49145.2804308193,,51.7,350.148148148148,62.2912286364192
JPN,2013,5212328181166.18,19.3290316543759,40898.6478964744,62.8381881713867,52.23,349.643347050754,61.4978527996995
JPN,2014,4896994405353.29,19.5936092334203,38475.3952461838,62.7269897460938,52.41,349.179698216735,60.8030853939639
JPN,2015,4444930651964.18,20.4624703758492,34960.6393843385,62.4726600646973,53.97,348.809327846365,60.2326202870854
JPN,2016,5003677627544.24,20.2880385682684,39375.4731620781,63.1872291564941,54.52,348.631001371742,59.7647226208824
JPN,2017,4930837369151.42,20.4359460686022,38834.0529341227,62.4629783630371,54.72,348.345679012346,59.4143459524436
JPN,2018,5040880939324.86,20.621683951335,39751.1330982711,62.2089385986328,54.95,347.903978052126,59.1635617451289
JPN,2019,5117993853016.51,20.2241827905106,40415.9567649547,62.1184997558594,54.68,347.415637860082,59.0046702146202
JPN,2020,5055587093501.59,20.0524927187101,40040.7655055923,62.1358413696289,52.7,346.395061728395,58.861072796091
JPN,2021,5034620784584.98,20.8554948736037,40058.5373276179,63.1702690124512,54.5,344.80546776406,58.7347384818338
KAZ,2011,192626464617.071,11.0865742214899,11287.1464926039,50.9489822387695,30.32,6.32144386413305,67.8924077269999
KAZ,2012,207998568865.789,11.0807990431371,12018.7966527993,52.7025604248047,31.9,6.4103811534615,67.4460649900099
KAZ,2013,236634603409.089,10.6349738343331,13478.459627612,53.467830657959,32.73,6.50313071822795,66.8757705834568
KAZ,2014,221415613595.469,10.3182436278483,12427.7094576939,51.7116203308105,32.75,6.5993573360003,66.2340633863906
KAZ,2015,184388404706.042,10.2754093827734,10196.1226255982,49.0316352844238,31.25,6.69858465755454,65.5648456945962
KAZ,2016,137278320084.171,11.3301396708405,7475.56688689424,46.8150215148926,31.51,6.80208912101345,64.9216266124732
KAZ,2017,166805788827.233,11.2801569362864,8943.08416791984,51.0654792785645,31.5,6.90889024706449,64.3439384372589
KAZ,2018,179339977690.485,11.4286227484553,9472.48527327758,53.5158615112305,31.42,7.01290032225803,63.8881462741249
KAZ,2019,181667184854.501,11.466364067234,9457.12614657136,59.5819778442383,31.03,7.11544060451161,63.5059401428091
KAZ,2020,171082365861.423,13.0725321801007,8781.50797787648,64.8498611450195,28.56,7.21640071119013,63.1406766523371
KAZ,2021,197112255360.612,13.6087547428034,9983.60103576902,61.2268028259277,28.6,7.31325813979331,62.7412281334871
KEN,2011,46869473150.61,12.0477672867887,1096.14499807675,,29.15,75.1281951716625,54.4379122999773
KEN,2012,56396704671.5777,11.0833402731294,1285.00536171512,,28.9,77.1133692940226,54.6416536087075
KEN,2013,61671440407.8387,10.9090166252394,1370.87885214659,,30.28,79.043453280388,54.906817591266
KEN,2014,68285796514.2896,10.0650334327975,1482.81566253497,,31.85,80.9140808939804,55.2115563029999
KEN,2015,70120446896.8359,9.97517981812866,1489.11959777284,9.3003101348877,30.19,82.7362792985909,55.557898541993
KEN,2016,74815144163.8931,9.32149110147083,1554.12610314423,11.7006797790527,30.36,84.5832079980321,55.979618230588
KEN,2017,82036510877.2599,8.7391417305051,1667.48447230835,11.8862104415894,30.95,86.4422918789753,56.4460280213336
KEN,2018,92202979985.2863,8.40838529183248,1836.45275528993,,31.07,88.215741293882,56.9033995834156
KEN,2019,100378436207.371,7.90461593672111,1960.40808854893,10.5694704055786,31.13,89.9652581087255,57.3842176977434
KEN,2020,100657505750.545,7.59983835849882,1927.66459027849,,26.13,91.7477843764276,57.9266087955257
KEN,2021,109703658904.994,7.36330136314107,2061.35622089594,,27.5,93.508040201005,58.4939282822839
KGZ,2011,6197765984.28468,18.2682486850023,1117.40184423062,40.948169708252,29.79,28.9185948905109,65.1866240894015
KGZ,2012,6605142884.36215,12.0717438294619,1168.62244675446,43.0413208007812,26.4,29.4685922836288,64.7498586417424
KGZ,2013,7335033800.59056,15.7680889222133,1269.66303464348,46.1422462463379,26.98,30.1206986444213,64.2367351156088
KGZ,2014,7468102412.68237,13.6761967985545,1264.52679529608,44.0620918273926,27.75,30.791697080292,63.7320257066441
KGZ,2015,6678177511.66313,14.0507756985422,1105.65202996955,44.671688079834,27.96,31.4913216892596,63.2310498606937
KGZ,2016,6813095379.1187,15.4342608672285,1103.27498361324,43.4013214111328,26.62,32.1967544316997,62.8678023099597
KGZ,2017,7702938379.42036,14.9908280435843,1221.39056490366,41.2773246765137,28.01,32.8816240875912,62.7005347701048
KGZ,2018,8271106235.41552,14.2644633092231,1283.52040333083,39.9152526855469,27.56,33.5979066736184,62.5187488212999
KGZ,2019,9371275264.36735,13.7214242115474,1421.99927504102,41.5565948486328,28.38,34.3598070907195,62.2170191568108
KGZ,2020,8270468614.24051,13.1575269592111,1229.51775742135,45.9235610961914,24.51,35.0708837330553,61.9762836597283
KGZ,2021,9249133946.26531,11.8062709753271,1349.99730650542,52.5253791809082,24.5,35.7206673618352,61.8818679657153
KHM,2011,16032622023.8265,20.5921067908236,1088.98152823081,14.1404304504395,25.46,83.4046227056424,63.2302352630489
KHM,2012,17826536699.8016,20.9212544909796,1192.80263041673,,23.4,84.6651087695445,63.4508648344635
KHM,2013,19807135252.8649,21.6035358243074,1305.6600972686,,28.07,85.9404486743712,63.5353273842827
KHM,2014,22041463967.9009,21.7999725120974,1431.56396469993,,28.66,87.2239519601178,63.5438832095417
KHM,2015,24174170369.0738,22.4571002060738,1547.32010444393,14.645770072937,30.35,88.5069737140267,63.5016253499872
KHM,2016,26556545153.3573,22.7340356176555,1675.19555711109,,27.94,89.8074042601405,63.4382071107551
KHM,2017,29355665909.7905,23.1551231795313,1826.35391688754,15.0735502243042,27.05,91.0569453886245,63.387132974116
KHM,2018,33145892168.8958,23.5663927875165,2036.67377566578,15.7133102416992,26.69,92.1964763199638,63.3798695709733
KHM,2019,36685356407.7206,24.6156471977013,2225.87705485686,16.8353996276855,26.59,93.3679129843644,63.4032719741108
KHM,2020,34818073901.4851,23.9980719281973,2081.73914242939,14.4409313201904,21.46,94.7511556764106,63.483461320243
KHM,2021,36790163687.4421,26.653916852434,2167.40324198499,13.8764019012451,22.8,96.160803308407,63.6239992263601
KOR,2011,1253289537500.81,28.2367986111971,25097.595426845,100.819679260254,53.68,513.804280275749,72.8572203956821
KOR,2012,1278046536287.01,27.8318955047505,25459.1689000965,98.286979675293,53.9,515.875583187751,73.1085643578894
KOR,2013,1370632955321.2,27.7858537381354,27179.5170146052,96.3375015258789,53.31,517.612269825303,73.2416718608572
KOR,2014,1484488526271.8,27.0424521550532,29252.9312377352,94.4421691894531,55.27,520.852499230217,73.275082277705
KOR,2015,1466038936206.43,26.6060357279078,28737.4391706499,93.9676513671875,56.26,523.525547744882,73.2814791976092
KOR,2016,1499679823909.61,26.357765221973,29280.4403170048,93.6577224731445,57.15,525.370072521002,73.2815119171004
KOR,2017,1623074183501.9,26.9458726930167,31600.7358741365,93.7230224609375,57.7,526.734806686494,73.1104702951829
KOR,2018,1725373496825.43,26.6385086529154,33447.1562836166,93.3281784057617,56.63,528.969011484824,72.8334079576546
KOR,2019,1651422932447.77,25.222222874629,31902.4169048194,93.9989166259766,56.55,530.377274590164,72.5261052970989
KOR,2020,1644312831906.17,24.7802807011107,31721.2989141857,96.8767700195312,56.11,531.109006147541,72.0631744683847
KOR,2021,1818432106880.04,25.4864908324855,35125.5224984723,100.317680358887,59.3,530.425604508197,71.5403701724822
KWT,2011,154039231299.128,5.6131394539244,49169.6063983139,,36.64,175.803254769921,75.6588364871268
KWT,2012,174047662555.419,5.96446663818635,52155.2225460479,,37.2,187.267620650954,75.9889871966797
KWT,2013,174168116687.215,5.87984154846124,49651.0439709448,,40.02,196.848709315376,75.9383803730373
KWT,2014,162650450784.686,5.54227900124173,44368.781373043,54.0167083740234,35.19,205.716947250281,75.8466988891271
KWT,2015,114585555830.916,6.97751003695985,29882.2126867068,58.7037200927734,33.2,215.183726150393,75.7839316888402
KWT,2016,109406674087.947,7.2020572828301,27323.6890643847,57.7827606201172,33.61,224.696745230079,75.7525216840981
KWT,2017,120687539675.517,7.50147665832257,29047.6535822842,55.13330078125,36.1,233.1544332211,75.6988166008755
KWT,2018,138646316321.596,7.42772872081424,32067.9623689512,52.1134605407715,34.43,242.621492704826,75.6801466442691
KWT,2019,140856394870.02,6.37931510845646,31707.8737464917,50.4700584411621,34.55,249.288215488215,75.6188018374256
KWT,2020,111045470461.207,9.09212374768687,25236.0755520534,53.7298583984375,28.4,246.928563411897,75.3845896861557
KWT,2021,148459291453.471,11.0344735523976,34043.542153557,61.558048248291,29.9,244.717452300786,76.488172940313
LAO,2011,8750104617.17303,10.6713661460928,1361.54704394913,17.6739711761475,,27.8448440207972,60.5671281348273
LAO,2012,10192846339.4029,8.98377274194291,1563.5650771337,17.5077114105225,20.2,28.2451386481802,61.1389085835234
LAO,2013,11983252626.5452,8.43540228331074,1812.51774424651,19.0965957641602,,28.6455155979203,61.6652381963263
LAO,2014,13279245886.3854,8.42769528413766,1981.03910900473,18.611400604248,,29.0432062391681,62.1691538102524
LAO,2015,14426380125.6488,8.19005219527172,2121.01339097363,18.1812057495117,,29.4698656845754,62.6351152820299
LAO,2016,15912501722.6143,7.77156382707168,2303.22156035363,17.1157512664795,,29.934150779896,63.0378564157826
LAO,2017,17071155481.4994,7.48353451889534,2432.43059478511,15.4383745193481,,30.4079159445407,63.3704452186596
LAO,2018,18141641089.7963,7.45272743973651,2545.1075420815,14.5235404968262,,30.8840771230503,63.6499839717622
LAO,2019,18740561512.5555,7.64369194070959,2589.32081035237,13.7658739089966,,31.3589081455806,63.9017051908735
LAO,2020,18981805250.2424,7.68478649420094,2583.77730696131,12.5843343734741,20.65,31.8307322357019,64.1514210955985
LAO,2021,18827148530.9347,8.69509978976757,2526.05105018529,12.4585027694702,20.2,32.2928682842288,64.4114834802021
LBN,2011,39927125961.5257,7.57931418515021,7834.96257108993,45.5640182495117,37.11,498.144672531769,67.8203413820647
LBN,2012,44016799515.7546,7.3880328196001,8406.98405608118,44.8252983093262,36.2,511.802737047898,67.9317945765853
LBN,2013,46880103080.597,7.52441395625991,8162.37929361396,48.067008972168,35.47,561.430694037146,67.9852036320067
LBN,2014,48095213746.6003,7.53256666556356,7577.6413302369,42.533031463623,33.6,620.429130009775,67.991318090046
LBN,2015,49929337836.8159,8.04853930548165,7714.1099998804,38.8207511901855,33.82,632.694916911046,67.4143128379603
LBN,2016,51147308774.1294,8.35641017095378,8089.012088155,42.1090087890625,32.7,618.089931573803,66.2812994247484
LBN,2017,53027680685.9038,8.28789155701475,8608.21084982387,43.9945793151855,30.64,602.163049853372,65.2063804518348
LBN,2018,54901519155.5556,7.44505027672016,9174.53666204759,47.2751083374023,28.22,584.957869012708,64.2077418407169
LBN,2019,51605959131.2741,7.05147171311738,8905.88005497437,50.3490180969238,28.54,566.431476050831,63.3120025320152
LBN,2020,31712128253.7961,2.94371948788659,5561.19166950397,51.6985816955566,26.02,557.419159335288,62.9297413938611
LBN,2021,23131941556.7843,1.42682987688995,4045.37391066234,58.4441413879395,25.1,558.956207233627,63.0959048351806
LKA,2011,67753284043.9282,18.6156868794475,3224.95736331928,14.821494102478,30.36,335.019103811194,67.0063893423443
LKA,2012,70447216891.3366,19.7379423600008,3327.77612404326,16.4015369415283,29.1,337.577069047999,66.8511754056245
LKA,2013,77000578167.353,18.0646306474511,3740.61589348326,17.9866104125977,30.45,328.257056290863,66.6806889722923
LKA,2014,82528535713.926,17.1564291869155,3971.91913148166,18.173412322998,28.98,331.334715356403,66.492093080501
LKA,2015,85140955388.8509,16.176959877339,4060.13139670248,18.6914081573486,30.79,338.810527846445,66.3165734018565
LKA,2016,88012282205.8357,16.018659247714,4149.76105454457,17.8068389892578,28.92,342.672030762768,66.1761491978432
LKA,2017,94376237797.2367,14.891296048073,4401.05567045499,17.947998046875,29.85,346.46890601522,66.0772312982869
LKA,2018,94493871200.7869,15.0327786139076,4360.58473469252,18.6717472076416,28.66,350.284495021337,66.010996751107
LKA,2019,89014978344.1404,16.1608017172884,4082.69404871533,20.2191257476807,28.45,352.431694638296,65.9700520980039
LKA,2020,84304298770.5329,16.2859638813162,3846.17449566736,20.8122158050537,23.78,354.332363401229,65.9468366164111
LKA,2021,88609324901.9774,17.9651186198397,3999.33764677637,21.3629665374756,25.1,358.163595215002,65.9383621554748
LSO,2011,2579409619.96722,12.7826465299986,1280.73390931581,,,66.337582345191,59.3528132198019
LSO,2012,2477702216.26888,11.4515114166879,1217.93071228944,11.0302000045776,25.7,67.0077075098814,59.4474561832758
LSO,2013,2367112931.642,10.9395682131417,1151.03735837227,10.563850402832,26.29,67.7372859025033,59.496042798847
LSO,2014,2441063054.05792,12.250538441436,1173.5377928819,10.4520902633667,27.01,68.5141304347826,59.4751955324989
LSO,2015,2359686724.53829,15.1330287921212,1121.19851342518,9.68772983551025,26.97,69.321837944664,59.4736368208574
LSO,2016,2114426452.2019,16.6630766961045,992.491840678465,,,70.1720026350461,59.5470287107437
LSO,2017,2306741672.29006,15.2367098583169,1069.36673247542,10.1464996337891,,71.0510540184453,59.7050313370595
LSO,2018,2556247291.99785,16.6313078018797,1170.65569702819,9.7244701385498,,71.9236824769433,59.926850256205
LSO,2019,2390702295.82777,17.2191325178187,1082.05706777516,,,72.7735507246377,60.1484652771979
LSO,2020,2053699870.07191,16.3470534214573,918.582577421982,,,73.6405467720685,60.3689225851194
LSO,2021,2412130056.55851,16.5400955216303,1066.58645143823,,,74.4908432147563,60.6177776048378
LTU,2011,43186501862.7907,18.2958187319647,14261.8433787325,84.0555877685547,38.49,48.3153301209433,67.1777759104206
LTU,2012,42709372066.8627,18.6694480586007,14294.7178607152,79.7516326904297,44,47.6716501260491,67.084553426923
LTU,2013,46303660422.0434,17.663818979093,15655.3513307327,73.533203125,41.39,47.1908895093738,66.993627044439
LTU,2014,48306546656.9281,17.4023635016509,16473.5678231709,68.8998870849609,41,46.805538707103,66.8115157399781
LTU,2015,41540954817.2039,17.2400398133433,14300.2553666736,67.7426528930664,42.26,46.3672785315243,66.5062097265986
LTU,2016,42970749245.0336,16.8071638901065,14981.6208126311,67.7418518066406,41.76,45.7876664218895,66.0821066606207
LTU,2017,47756764508.446,16.7118510614104,16884.7100319318,68.3863372802734,41.17,45.1525837710126,65.5868165853012
LTU,2018,54261795148.5372,16.5154267145228,19368.5391045353,69.7188034057617,41.19,44.731646175954,65.2222782837189
LTU,2019,55122066225.796,16.0026233552419,19727.7607453736,70.1848678588867,41.46,44.6205206004471,65.0326934181688
LTU,2020,57412038533.2718,15.4605506017385,20541.824988603,69.1454772949219,39.18,44.6324656659214,64.9504098074069
LTU,2021,67037321008.9679,15.9178789739431,23934.728489916,70.6638793945312,39.9,44.7346909439387,64.9429993871864
LUX,2011,61696281326.2453,4.86953795535755,119025.057203467,,52.65,201.342029008025,68.6826049396048
LUX,2012,59776383527.3602,4.55660954148066,112584.676270958,19.117790222168,57.7,206.235870823396,68.9684008305906
LUX,2013,65203276466.9763,4.5543889865113,120000.140729859,,56.57,211.05785290896,69.0605655434262
LUX,2014,68804811897.6445,4.72811642073937,123678.702143275,,56.86,216.091529874226,69.1279915294304
LUX,2015,60071584216.1375,5.47963197133244,105462.012584423,20.2907104492188,59.02,221.251835336342,69.2426817619957
LUX,2016,62216885435.9488,5.79495633971977,106899.293549552,19.9203605651855,57.11,226.072263698018,69.4058844296374
LUX,2017,65712180342.9836,4.77590867294046,110193.213797228,19.5990200042725,56.4,231.635372078028,69.5106668868415
LUX,2018,71000359760.4611,4.96159222732281,116786.511654677,19.3915195465088,54.53,236.146609386046,69.5280060384706
LUX,2019,69890505323.5842,5.04253067388434,112726.439672814,19.3969497680664,53.47,240.827591028798,69.5105964077186
LUX,2020,73699366700.2134,4.94239167412781,116905.370396853,19.961389541626,50.84,244.874264894386,69.440387442376
LUX,2021,85584105993.8746,4.69048737121145,133711.794435985,20.7341499328613,49,248.62068161867,69.3493722999841
LVA,2011,26575547900.8247,12.1686319064552,12902.574053337,67.9534683227539,39.8,33.0999244700853,67.2837068431312
LVA,2012,27116149948.6683,11.8129666874934,13329.3499931271,66.6435470581055,47,32.691902228936,66.9611259226785
LVA,2013,29152128167.8438,11.5075095213455,14484.4715282132,69.0765991210938,45.24,32.3436289713468,66.4975087058683
LVA,2014,30277203767.4058,10.8995654111219,15185.814581236,70.8979415893555,44.81,32.0404647500281,65.9121509977439
LVA,2015,26344565876.8902,10.8460810091263,13321.9753140616,74.2998809814453,45.51,31.7792437366417,65.3585402860759
LVA,2016,27117105059.5075,10.5392671306849,13838.5266823272,80.6048126220703,44.33,31.4901409356067,64.8189694891939
LVA,2017,29391059767.4259,10.8745823136205,15132.4958333982,88.0574264526367,44.61,31.2123033409935,64.3170163194162
LVA,2018,33247935477.3576,10.9412550358406,17252.1710428626,93.0244827270508,43.18,30.9700612274415,63.9690120502929
LVA,2019,33099503950.847,11.022531503956,17294.9751600969,94.8645324707031,43.23,30.755491989008,63.6525649819278
LVA,2020,33379927434.6149,11.4825724036882,17564.2321549354,94.5108337402344,41.11,30.5391129680219,63.329999339864
LVA,2021,38185125732.9451,12.847506450304,20262.8433862451,93.4839324951172,40,30.2826610959344,63.1497512445726
MAR,2011,110080631332.375,14.6656401970504,3301.98876953125,15.9613800048828,28.73,73.745435805512,65.7630625364839
MAR,2012,106937392311.129,14.3615270012424,3164.17724609375,19.1758098602295,30.7,74.7372641720816,65.8772894808751
MAR,2013,115739287305.08,14.5581548742157,3379.7431640625,22.5497703552246,30.89,75.7059623571589,65.991953076473
MAR,2014,119130841411.664,15.3452879513188,3435.40698242188,25.4523506164551,32.24,76.6407797445664,66.0797555195502
MAR,2015,110413823841.592,14.984152955286,3146.24780273438,28.6955890655518,33.19,77.5433295989245,66.1307172558412
MAR,2016,111572947004.917,14.7595291382492,3140.85546875,32.2695808410645,32.26,78.4751445216222,66.1624198581765
MAR,2017,118540573367.844,14.5941970328011,3296.52661132813,33.7370109558105,32.72,79.4227918440511,66.1569857377868
MAR,2018,127341147581.818,14.8703562557049,3501.69799804688,35.6224212646484,31.09,80.3041900067219,66.1084881706797
MAR,2019,128920266409.458,14.7633235363387,3508.09765625,38.0248603820801,31.63,81.1357786242438,66.0482046040394
MAR,2020,121353645057.144,15.177396164956,3268.0302734375,40.02001953125,28.97,81.9722339233699,66.0303401948732
MAR,2021,142022058447.231,15.2356757950841,3785.93627929688,42.8228912353516,29.3,82.8017969975353,66.0542531523781
MDA,2011,8414352020.49442,10.5647418754911,2941.36224066021,,38.66,99.7210931780946,72.0969137534275
MDA,2012,8709138634.82921,10.6544375298534,3044.8084324815,,39.2,99.6732759521901,72.1829774166136
MDA,2013,9496717875.51932,11.193852554233,3321.04397795719,,40.94,99.5771842462653,71.9494974312337
MDA,2014,9402090137.7423,10.0691324765555,3289.95758568777,52.1503486633301,40.74,99.5164884911377,71.1653482250474
MDA,2015,7797667196.73087,10.01582216678,2749.55137054338,52.0978202819824,40.53,98.7560678343838,70.0589368131714
MDA,2016,7980917075.7748,10.0336311861214,2847.08794770479,52.8414115905762,38.39,97.614165825121,68.983696924511
MDA,2017,9514404016.20949,9.97007323439153,3453.26727720294,51.947338104248,36.84,95.9093883802694,68.0235384558779
MDA,2018,11252353420.8798,10.0691978482836,4156.44981956646,52.8423118591309,37.63,94.2543946689506,67.1972110865303
MDA,2019,11736797054.6965,9.89433050808773,4405.33418162155,54.7812004089355,35.52,92.756093569939,66.4191106875943
MDA,2020,11530746234.4492,10.1066643472715,4375.7788930524,56.2498207092285,32.98,91.7473260542588,65.7164519859204
MDA,2021,13691869264.0794,9.63995995697745,5274.60582195352,61.3014030456543,32.3,90.110355122019,65.1563102257656
MDG,2011,11551819617.874,8.72437045917635,506.163691559309,4.00945997238159,25.41,39.2273910913638,53.6783158068713
MDG,2012,11578975061.9479,8.66520369091448,493.511162904211,4.07020998001099,24.2,40.327672118186,54.0856517127504
MDG,2013,12423555455.3853,8.62986885227877,515.301589361832,4.21469020843506,22.95,41.4391371605363,54.5107020051046
MDG,2014,12522957399.2281,9.03893525393852,505.684922503435,4.73074007034302,25.5,42.5650532829151,54.9016796242728
MDG,2015,11323020701.3017,8.50771119517862,445.320069480568,4.72751998901367,24.42,43.7035097971812,55.2402498908382
MDG,2016,11848613858.442,10.1953106769595,453.970714522463,4.76165008544922,24.79,44.8606943966999,55.5455025357901
MDG,2017,13176313593.5509,9.18815731963744,491.866848718929,5.23624992370605,24.15,46.0439584049502,55.8156972159696
MDG,2018,13760033282.2925,9.3695954221963,500.45718552916,5.32438993453979,24.75,47.2583808869027,56.0492179538872
MDG,2019,14104664678.5063,10.0900513520788,499.818837622534,5.53402996063232,22.38,48.5038741835682,56.2569911629362
MDG,2020,13051441203.9474,9.72498440599679,450.771615201509,5.67685985565186,20.4,49.7654795462358,56.4572904886486
MDG,2021,14554754116.5427,9.49672393900893,490.206238571448,,22.5,51.0331436919904,56.6577985720494
MEX,2011,1229013703416.76,17.7203860225437,10664.4944032313,28.0361595153809,30.45,59.2831626327838,64.4415301032565
MEX,2012,1255110424817.79,18.8000354543894,10744.1335242686,29.3496494293213,32.9,60.0932163893104,64.6984476739343
MEX,2013,1327436290282.67,18.1028096187355,11216.8008505428,30.3301601409912,36.82,60.8778893490059,64.9234762415024
MEX,2014,1364507717614.13,18.2289217215091,11391.3773497683,31.2052898406982,36.02,61.6190030607783,65.1410033743916
MEX,2015,1213294467716.88,19.8234213781094,10021.2386118827,31.9718608856201,38.03,62.2815946912215,65.3713988069245
MEX,2016,1112233497452.7,19.8687757882998,9097.92397674769,38.589771270752,34.56,62.8881149206513,65.6181532325894
MEX,2017,1190721475906,20.1618224199443,9649.27816772402,40.3390693664551,35.79,63.4790282671879,65.8682302477857
MEX,2018,1256300182879.73,20.1893657004533,10084.7937562021,41.6382789611816,35.34,64.0827752771419,66.1073972501309
MEX,2019,1304106203694.81,19.8877542610576,10369.5553568761,43.0441398620605,36.06,64.6945559299365,66.3185850415085
MEX,2020,1121064767261.88,20.1842735720463,8841.27075003163,45.1654510498047,33.6,65.227528485815,66.5296254239814
MEX,2021,1316569466932.59,20.835835860176,10314.0506741437,45.6506195068359,34.5,65.664316469045,66.7529844097424
MKD,2011,10494626767.6445,11.4100813036154,5416.86672931659,,33.47,76.8199048374306,69.1461987100366
MKD,2012,9745261300.57788,10.2386314208394,5049.8265386157,39.7961082458496,36.2,76.5194686756542,69.1426503923837
MKD,2013,10817702346.0674,9.91410485543674,5626.26115664893,38.9499015808105,38.18,76.2377478191911,68.9591860049273
MKD,2014,11362265252.778,10.9514035376996,5925.38592218015,39.3214912414551,36.93,76.0331879460745,68.7390615884657
MKD,2015,10064519962.5655,11.7603595286911,5262.68671928674,42.0811805725098,38.03,75.8298969072165,68.5500811466163
MKD,2016,10672467073.2873,12.2889398868518,5598.48622617967,,35.4,75.5873513084853,68.3122503676847
MKD,2017,11307067069.6658,12.6025309574733,5955.2973863451,43.5097694396973,35.43,75.2837827121332,67.9961161917142
MKD,2018,12683068114.2388,13.3473954345583,6713.98925398989,43.8547897338867,29.91,74.9028945281523,67.562678785047
MKD,2019,12606338448.547,13.3941499935757,6718.85826635458,43.1991004943848,35.29,74.3957969865186,66.9991320803039
MKD,2020,12361036913.8409,13.2972746832417,6659.59651070776,43.782169342041,33.43,73.5973037272006,66.4419445244978
MKD,2021,14000283827.0154,13.4832646738274,7620.80296977508,44.3020210266113,34.1,72.8435368754956,66.0536192522584
MLI,2011,12995112690.2596,,789.06272549554,5.12092018127441,26.35,13.497118481548,49.8881006999281
MLI,2012,12442035339.1049,15.859822176325,733.738935290444,6.61513996124268,25.4,13.8970430834542,49.6228629626086
MLI,2013,13242690786.0938,12.6731503112883,758.475532598732,6.12579011917114,28.84,14.3089313959301,49.4139790596757
MLI,2014,14364937124.0727,13.8039838467019,797.154510755732,5.70353984832764,26.18,14.7684106573566,49.3753963072633
MLI,2015,13104764378.326,12.9599274106217,704.821646439506,5.28096008300781,28.37,15.2378088658324,49.3759056489042
MLI,2016,14026048335.7047,13.1706953211143,730.85493818079,3.65079045295715,24.77,15.7281152935199,49.4281689617574
MLI,2017,15365713048.1993,13.9767916114907,775.536492065709,4.16489362716675,22.48,16.2376441373884,49.5343526921363
MLI,2018,17070867589.9055,15.6029159853206,835.086710561793,4.96651792526245,23.32,16.7531531974529,49.6819285971581
MLI,2019,17280250810.0321,16.2588342653505,820.197390833912,4.73440647125244,24.03,17.2664953818668,49.8960730509992
MLI,2020,17465392764.3706,16.5262948287671,804.343956745857,,19.15,17.7954548062187,50.1900573945124
MLI,2021,19309463508.0377,15.8592665862472,862.467400106111,,19.5,18.348478515641,50.5136301213243
MLT,2011,9789361703.69731,11.0339893098324,23516.9691249323,39.4486618041992,,1300.8375,69.2825611092991
MLT,2012,9609532088.88683,10.8189570991513,22878.313086001,42.5473289489746,56.1,1312.5875,68.7511207530054
MLT,2013,10796782637.51,9.42752915663499,25346.5236450477,44.0389518737793,51.79,1331.146875,68.1661327685099
MLT,2014,11888032872.432,8.35674965810255,27356.6080303021,44.4906997680664,50.44,1357.99375,67.7141532091479
MLT,2015,11340795041.8065,7.16143634059413,25481.8977555627,46.9468193054199,50.48,1390.790625,67.4423935430878
MLT,2016,12025782834.3596,6.9972006339371,26409.6285858968,48.1260795593262,50.44,1422.9875,67.1891782660361
MLT,2017,14161366723.6779,6.62745777556509,30259.3952629768,52.8446311950684,50.6,1462.496875,67.1569397470627
MLT,2018,16153779511.1559,6.53649513653348,33332.1905601302,56.8111114501953,50.29,1514.46875,67.4529854558025
MLT,2019,16337793530.7788,6.4306549585266,32412.2697818499,58.5368690490723,49.01,1575.19375,67.8634883252598
MLT,2020,16385919535.6742,6.71686851171732,31796.8213417258,62.8752517700195,46.39,1610.4125,68.1674197448314
MLT,2021,19718565605.433,6.33400013776018,38027.3801730893,73.0226974487305,47.1,1620.425,68.00171251
MMR,2011,59977326085.9908,19.721311969926,1213.62898703376,14.2016801834106,,75.6475990754489,66.8368460265537
MMR,2012,59937796648.2158,20.0923540449082,1202.6658960055,13.6632795333862,,76.3032167189773,67.1575927064962
MMR,2013,60269732854.827,19.9159137514953,1199.09561597055,,,76.9624823911313,67.4581949830249
MMR,2014,65531374199.6742,19.9307583033683,1293.00042298704,,19.64,77.6040209468978,67.6970652494853
MMR,2015,59607290407.5944,20.8081418827965,1166.73305546288,,20.27,78.2278679487965,67.8674858258047
MMR,2016,63298361996.2153,22.7953506749618,1229.19713515893,,,78.8867551089188,68.0094410220225
MMR,2017,66053040483.0016,24.0940353438783,1272.82241830603,,,79.5020114898506,68.1401536697086
MMR,2018,67860515989.517,24.9118739981676,1298.21310320785,20.3939208984375,,80.0861758847863,68.2443282784871
MMR,2019,75065106227.6892,25.3200721248355,1425.98954211903,,,80.6507017006282,68.3076557112743
MMR,2020,79006113643.1906,25.4520380861397,1490.21683548367,,17.74,81.2302112859485,68.3464361199178
MMR,2021,66345291160.1683,25.6374529176866,1242.72134419599,,18.4,81.7980020531049,68.3772458748557
MNE,2011,4544428421.49513,4.9716657870773,7328.78943085498,59.0115089416504,,46.1025278810409,67.6701373110738
MNE,2012,4087526241.81268,4.07631424020981,6586.39970256684,60.3092498779297,40.1,46.1413382899628,67.6981721753954
MNE,2013,4465772400.37453,4.04305630277167,7188.86361611271,60.4347686767578,40.95,46.1863940520446,67.5955164422124
MNE,2014,4593853290.963,3.88001811492567,7387.87296917548,63.2196388244629,37.01,46.2312267657993,67.347085846695
MNE,2015,4054730077.57718,4.08869912042976,6517.19267514764,63.9372711181641,41.23,46.2571747211896,66.9715591145357
MNE,2016,4376930578.32395,3.73553662159151,7033.43962398373,59.1839218139648,37.36,46.2678810408922,66.6210651687589
MNE,2017,4856599480.79882,3.84720863084778,7803.35824465203,60.9102210998535,38.07,46.2730855018587,66.2702069863017
MNE,2018,5506942238.35668,3.98361186584976,8850.3749248372,58.1831512451172,36.49,46.2622304832714,65.856413254411
MNE,2019,5542054181.12616,3.71806750416152,8909.6538759126,56.2633209228516,37.7,46.2474349442379,65.3815437006931
MNE,2020,4769996866.00758,4.11035292110744,7677.37132106817,58.0944709777832,35.39,46.1937546468401,64.9212498046666
MNE,2021,5861427505.12493,3.85290677352458,9465.96153027794,57.9613914489746,35.4,46.0379925650558,64.6004267612596
MNG,2011,10409797377.8571,7.06994259514331,3736.04201455077,56.7441596984863,33.4,1.78925253897917,68.1901609019881
MNG,2012,12292770631.565,7.48223219076914,4328.89001905655,61.0462303161621,35,1.82353600871754,68.0762622524602
MNG,2013,12582122604.2577,8.72166390590704,4340.14310544449,64.6551666259766,35.77,1.8616184405066,67.7570641546867
MNG,2014,12226514668.0622,8.77729309296388,4126.23975800524,66.9319229125977,37.52,1.90278211075515,67.2583455385159
MNG,2015,11619892590.6941,7.01550583710279,3838.92126989984,71.4299926757812,36.41,1.94371713207737,66.6300187920446
MNG,2016,11181350649.3573,6.66750559995597,3619.90026383792,66.9766464233398,35.74,1.98352563105577,65.9081521646192
MNG,2017,11480847740.736,6.89823821479702,3645.96708669551,65.412841796875,37.13,2.02209412791248,65.1412012251141
MNG,2018,13178094720.4986,7.05321710338318,4107.64288528468,65.6492462158203,35.9,2.06015649331677,64.3450654827184
MNG,2019,14206359017.5143,7.06955554689873,4347.54610314873,67.6281585693359,36.29,2.09835043390369,63.5207736361981
MNG,2020,13312981429.0891,7.75616468509037,4001.25193077703,64.5476303100586,33.41,2.13623721809195,62.9278480776094
MNG,2021,15286441737.6686,7.10918210222536,4517.61578018785,64.4591369628906,34.2,2.17253662423347,62.6443179783416
MOZ,2011,14619279988.716,9.54977522476,618.17649286789,5.04203987121582,,30.0732966250413,51.4582897004821
MOZ,2012,16688114144.0745,8.62619404009544,685.685748199513,5.3305401802063,26.3,30.9492179353493,51.437574807615
MOZ,2013,17198073057.1981,8.32603551504896,686.505672517351,5.70935010910034,26.5,31.8568770823266,51.4435359067327
MOZ,2014,17978246586.0662,8.22056509258821,697.142680444123,6.34957981109619,28.52,32.7939100689234,51.4890275597917
MOZ,2015,16208985769.615,8.30864034953938,610.563774706589,6.81003999710083,30.07,33.7592156463796,51.5651798295306
MOZ,2016,12069051237.1711,8.1178325868925,441.489734819071,7.38789987564087,29.84,34.7632251583204,51.6509731306766
MOZ,2017,13264640645.7768,7.81988703506551,470.93856305196,7.24044990539551,24.55,35.8177891095908,51.7484906258943
MOZ,2018,15017358952.8452,8.61313111852956,517.507260258101,7.45408010482788,23.06,36.9015539561026,51.8335272345336
MOZ,2019,15512759046.672,8.72772955303203,519.09255091362,7.30147504806519,22.87,38.0024670006867,51.9043292850646
MOZ,2020,14235420174.1884,8.33878131161498,462.433876479921,,18.7,39.1460718736489,52.004506412617
MOZ,2021,16168055475.4449,8.06496004743725,509.907829475551,,19.7,40.3212187492052,52.1299790587805
MRT,2011,6764627745.9033,5.7428286811951,1931.19975525465,5.01435995101929,,3.39847773357912,52.4182788597103
MRT,2012,6728208836.22143,6.52113211769316,1859.11733247641,5.45682001113892,,3.511238963811,52.1745719990473
MRT,2013,7223071097.08417,6.40698414824321,1934.24103064714,5.78322982788086,,3.62308916270496,52.0748966645454
MRT,2014,6592537781.81518,7.41409391870427,1713.00865264234,,,3.7338837683128,52.1390271854315
MRT,2015,6166863896.68677,7.43834550490809,1554.94897871782,5.87037992477417,,3.84783060056272,52.2134686986765
MRT,2016,6398747592.13185,6.11114757762785,1565.76575722696,5.5491099357605,,3.96493354031241,52.3037720444574
MRT,2017,6800135898.28827,6.41366370468545,1615.00401327323,5.14321994781494,,4.08518482584651,52.4143770976081
MRT,2018,7473550557.07378,6.33751578922103,1722.93528854073,5.11879014968872,,4.20848452508004,52.5508076312595
MRT,2019,7894764885.82312,7.09653030823484,1767.072710621,5.8698902130127,,4.33463471427185,52.7171314687531
MRT,2020,8260752385.23089,6.68554622970244,1795.76459566714,5.95125007629395,,4.46311341806539,52.9241015092831
MRT,2021,9222536364.01272,6.08850874065005,1947.78918383313,,,4.59384301930727,53.1643552537665
MUS,2011,11518413429.9684,13.8661472809371,9197.04299089459,34.2265090942383,36.47,627.142714071107,72.0105934459953
MUS,2012,11668696396.7887,13.6477452915207,9291.23627601053,40.3749504089355,39.2,628.884326489735,72.1949393796008
MUS,2013,12292974141.4044,13.7216456330102,9764.64413060045,41.402400970459,38,630.409113670506,72.2340370732856
MUS,2014,13074129952.0532,13.5241325736666,10366.3550754936,40.038200378418,40.94,631.551326990486,72.2508706432524
MUS,2015,12007291045.6489,13.008628390064,9507.87133656424,37.7607383728027,39.23,632.388082123185,72.2583535786293
MUS,2016,12594155464.4136,12.3830481211742,9965.72531085228,38.4107704162598,35.86,632.822734101152,72.2217039975507
MUS,2017,13713506130.6081,11.8394200409846,10841.6847754844,39.6618804931641,34.82,633.393590385578,72.1965591114589
MUS,2018,14735695930.9727,11.3249354560671,11643.4605962124,40.4078102111816,31.31,633.739108662994,72.2057581526241
MUS,2019,14436346979.6355,10.5200465526803,11403.2527870674,42.9878692626953,30.61,633.943415122684,72.2329293227705
MUS,2020,11408106446.3144,10.8163983656884,9011.04288445023,42.537841796875,34.35,633.957936905358,72.2441851494245
MUS,2021,11484348857.8529,11.6982416714877,9068.97300226707,43.9577217102051,35.2,634.118177265899,72.2163589524575
MWI,2011,11648142958.3651,,763.061000394572,0.851849973201752,25.96,161.911561306746,50.3256873679682
MWI,2012,8773203178.16512,,558.46208832772,,25.4,166.626824352991,50.5189668696999
MWI,2013,8031571927.62055,,496.947368267313,,26.73,171.423589308443,50.7835676010532
MWI,2014,8801326169.14547,,529.5133440206,,27.61,176.299724225711,51.1134469024467
MWI,2015,9219474379.31534,,539.605363240686,,29.71,181.221754348748,51.5010809988559
MWI,2016,7909868618.46366,,450.506105510719,,27.26,186.229730589733,51.9561943596496
MWI,2017,8943543793.5839,11.2970614757279,495.769683367165,,23.45,191.341907085278,52.4613637188836
MWI,2018,9879231591.52434,11.4196722780594,533.203173686705,,23.09,196.521860415783,52.9962331231173
MWI,2019,11051865579.8121,11.5294189563407,580.889816066776,,23,201.800509121765,53.5661428783472
MWI,2020,11769313597.8545,12.0584896143033,602.507478176106,,21.44,207.190156979211,54.174280465166
MWI,2021,12378129750.9872,11.8858408111006,617.447520802454,,22.9,212.635320322444,54.8094108431188
MYS,2011,297951668674.835,23.3202044896916,10217.1068585031,35.6598587036133,44.05,88.7598204230711,67.5007412890436
MYS,2012,314443047642.111,23.1381762920437,10600.5744240026,36.9332084655762,45.9,90.2840693958302,67.7884774383133
MYS,2013,323276235524.415,22.8407424205833,10713.6407638899,38.2327194213867,46.92,91.8407091766854,68.0468847881943
MYS,2014,338066095097.254,22.8739302431305,11013.3107334403,38.6768264770508,45.6,93.4291188555775,68.2812916863332
MYS,2015,301355266964.947,22.2932974814824,9648.6797937523,44.8695030212402,45.98,95.0625414700959,68.4748204191443
MYS,2016,301256033870.334,21.7969514793711,9476.53409809923,46.401668548584,43.36,96.7575254907929,68.6181245800623
MYS,2017,319109094160.343,21.8461598838126,9862.54806612235,43.6680450439453,42.72,98.4801217470705,68.7308114044831
MYS,2018,358788845712.53,21.5281592651946,10901.8019954421,45.2784156799316,43.16,100.170345457312,68.8574738627401
MYS,2019,365177721021.516,21.4089982975331,10920.191763972,43.1977157592773,42.68,101.782364936844,69.0435656266947
MYS,2020,337456163961.211,22.2320775941863,9957.52626697613,42.4097671508789,42.42,103.148860143053,69.314063209174
MYS,2021,373784823672.946,23.363165635524,10903.1116425938,40.9142608642578,41.9,104.344541165728,69.6481154899357
NAM,2011,12523359440.5499,13.457262374441,5834.7917675794,,30.74,2.60700968067145,59.8546119529894
NAM,2012,13042053591.6857,12.1900058944767,5942.64680978673,,34.1,2.66571196054853,59.8704169313249
NAM,2013,12043307277.1235,10.3182587782274,5346.62131149967,,28.36,2.73598367525416,59.8920536335617
NAM,2014,12435430969.6301,9.90856529052312,5378.32326241205,18.7538394927979,28.47,2.80841380315563,59.9350774185889
NAM,2015,11335161083.5061,11.4171848223968,4774.10650865775,20.0199108123779,28.15,2.88391696728978,59.9581897734469
NAM,2016,10722018732.0936,11.6787885338894,4395.68776162376,22.0023994445801,28.24,2.96276281747622,59.9115575392555
NAM,2017,12895153370.9132,12.2200432439665,5143.96072323076,23.3570709228516,27.94,3.04492098774429,59.7812875346101
NAM,2018,13682019076.4022,12.2988345926351,5308.60813408705,24.9616394042969,28.03,3.13052144444849,59.6109379234645
NAM,2019,12541928303.48,12.4623985360334,4731.9210318831,27.7483100891113,25.85,3.21939292351419,59.4533208803112
NAM,2020,10583748541.5258,11.0196431958005,3878.58982993966,28.3682403564453,22.51,3.31446027523716,59.2853021416492
NAM,2021,12402486183.6396,10.7769295016123,4412.8355693052,,24.3,3.41380072635402,59.0999440500472
NER,2011,8772950777.79176,6.68117680609331,510.75956176268,1.33376002311707,21.41,13.5598665824584,48.1350185019658
NER,2012,9426912647.59111,7.51657609334777,528.510104469655,1.52788996696472,18.6,14.0812891766006,48.127986404713
NER,2013,10224897437.8648,8.014047553372,552.103334363117,2.23660826683044,24.03,14.6205873529644,48.1725183321064
NER,2014,10862943543.5419,8.48320463944569,565.30989731175,2.66542100906372,24.27,15.1700552617036,48.241566402089
NER,2015,9683867926.44282,7.62575595401117,485.662574175279,3.43003010749817,21.22,15.741294702771,48.3639658330415
NER,2016,10398861981.7583,7.47340656858405,502.706475406446,3.65476989746094,20.44,16.3304278834768,48.52866249228
NER,2017,11185104251.6943,7.56778659061747,521.804130023434,3.89881992340088,21.18,16.9222752032841,48.711024050747
NER,2018,12837307496.8821,7.38236840772547,578.568035680892,4.61981010437012,20.57,17.5164356201153,48.9209628832505
NER,2019,12889555561.2299,7.34627879325586,561.691304349698,4.43339014053345,18.13,18.1161735217494,49.1669828740346
NER,2020,13744653103.058,7.38998839041674,579.512495758236,4.59342241287231,17.82,18.7239385805637,49.4543791262978
NER,2021,14915002436.069,7.63945330549349,608.722439593808,,17.8,19.3432857030078,49.7819108861512
NGA,2011,414466676831.16,7.17108429622259,2418.41316975875,10.1537199020386,28.15,188.170007795602,52.534972840043
NGA,2012,463971018239.281,7.72454667174331,2633.19734671361,,24.6,193.463360672837,52.5270788696892
NGA,2013,520117180313.906,8.92892932163337,2872.79083379398,,26.57,198.787227291193,52.549360231945
NGA,2014,574183763411.508,9.63581160269249,3088.72131316169,,27.79,204.109616039176,52.6058463638302
NGA,2015,493026682800.63,9.42843732193195,2585.73360671797,,23.72,209.352391932101,52.709081986385
NGA,2016,404649125252.16,8.67969778226601,2070.4127339595,,23.15,214.591719094832,52.8926220185148
NGA,2017,375745731053.427,8.74199349233524,1876.34027111773,11.5785512924194,21.92,219.873929751749,53.1559836470855
NGA,2018,421739251509.08,9.64894748123428,2057.87944554011,11.8107748031616,22.37,225.017024056568,53.4598457316183
NGA,2019,474517490844.461,11.5223586979699,2265.15520863056,,23.93,230.009377779242,53.7983137946911
NGA,2020,432198898467.795,12.6672651648545,2019.65706326224,,20.13,234.961824609945,54.1929528639579
NGA,2021,440833635873.827,14.6107029721795,2017.27486481527,,20.1,239.939047179859,54.6149618714835
NIC,2011,9774320144.00049,14.0517925742077,1679.71034177231,15.8641271591187,25.78,48.355085590826,61.8022766942582
NIC,2012,10531980451.1847,14.2068526127754,1784.69212752824,16.4946403503418,26.7,49.0384493933854,62.1920067768274
NIC,2013,10982954744.4415,14.4945843722033,1835.43436443315,16.3554344177246,27.1,49.7244889479807,62.5413060115449
NIC,2014,11880433902.9361,14.7329954637277,1958.36966453366,17.1516933441162,25.47,50.4112680737909,62.846399768301
NIC,2015,12756685550.3389,14.198161095405,2074.45446460028,17.3416366577148,23.47,51.100357320924,63.1222358152
NIC,2016,13286101094.3863,14.1447584685256,2131.68828465802,17.7747993469238,23.06,51.7921389396709,63.3800979693199
NIC,2017,13785924216.2724,13.6424640339867,2182.61875100395,,,52.4865464517201,63.6177363036804
NIC,2018,13025234820.8225,13.8456597272913,2035.16750115975,19.3088111877441,,53.1833139438258,63.8501706228672
NIC,2019,12699028889.666,14.039475623731,1958.62132892996,17.767614364624,22.55,53.8778211733422,64.0979157287315
NIC,2020,12681569254.2815,13.4533606421867,1931.61515811642,18.6855163574219,,54.5559830480306,64.4168622540409
NIC,2021,14144060853.1362,13.9327505070749,2128.60980633198,19.8995819091797,,55.2163952135616,64.7815844138997
NLD,2011,913140741332.687,10.1013242115629,54701.7728030611,75.518798828125,56.31,495.049644128114,66.8305287911613
NLD,2012,845689017065.625,10.0607384630343,50473.9442002689,75.8141632080078,60.5,496.884994068802,66.3807718191341
NLD,2013,883951539006.669,9.64816464758619,52602.2860520766,,61.14,498.795844464233,66.0375664309138
NLD,2014,901556501756.467,9.66230344504418,53457.2234864322,,60.59,500.593885425942,65.7829993073729
NLD,2015,775743675302.734,10.1488182500805,45793.8135434697,80.1601486206055,61.58,503.116216216216,65.6050618465085
NLD,2016,797163949289.885,10.2669490054501,46808.5291492503,79.8454895019531,58.29,505.800831600832,65.4890558058781
NLD,2017,848233537845.884,10.5500219081827,49513.6817346384,83.2009887695312,63.36,508.8,65.3662757423029
NLD,2018,929733599796.862,10.6594535821754,53955.0770024266,83.652473449707,63.32,511.779744579745,65.248775211947
NLD,2019,928903005576.469,10.420756670246,53554.9007491475,,61.44,515.143272943273,65.1412740704822
NLD,2020,932560861701.17,10.4840023369093,53467.9277413737,85.3370819091797,58.76,518.013068013068,65.0100463629003
NLD,2021,1054472123449.6,10.7549772867478,60141.9880911492,89.3898620605469,58.6,520.731927531928,64.8512129916232
NOR,2011,501360549669.404,6.83124021994862,101221.813476644,71.0614166259766,52.6,13.5610386481366,66.127471447423
NOR,2012,512777309840.997,6.7069560944017,102175.919298374,71.7047576904297,56.4,13.7403297521657,66.0309866129184
NOR,2013,526014468085.106,6.70936969616563,103553.840134417,75.8635787963867,55.64,13.9120886837683,65.9319176134364
NOR,2014,501736471832.848,6.88711028232234,97666.6951838749,78.2397384643555,55.59,14.0704449094514,65.8376180924379
NOR,2015,388159512245.53,6.96157381213814,74809.9658049898,79.206428527832,53.8,14.2079384825517,65.744297773447
NOR,2016,370956547619.048,6.66969401819941,70867.3609970749,82.0374526977539,52.01,14.3354243797401,65.6098291381007
NOR,2017,401745275035.261,6.47768064968194,76131.8384032764,83.7353363037109,53.14,14.452576255125,65.4370047012372
NOR,2018,439788625883.8,6.10398590161945,82792.8427113304,85.3883514404297,52.63,14.5488896436123,65.2758388121435
NOR,2019,408742840909.091,6.27606210506328,76430.5889473338,85.7633819580078,51.87,14.6479975020132,65.167513583566
NOR,2020,367633418886.627,6.58792601633649,68340.0181033702,87.1685333251953,49.29,14.7672152298338,65.0607837656888
NOR,2021,503367986030.268,5.61528387016352,93072.8925119571,93.9243011474609,50.4,14.8470090866665,64.9374857909645
NPL,2011,21573872420.7008,5.39692034108866,785.518656222132,13.4289903640747,,191.59047087548,59.8406764748697
NPL,2012,21703100877.1309,5.78522283353524,788.202937148377,,26,192.081723055459,60.2828354472857
NPL,2013,22162204924.5726,5.75041430553108,803.269595420477,16.1476802825928,24.97,192.465964422742,60.6470656972912
NPL,2014,22731612922.1906,5.61219115976027,821.455224911731,15.4161396026611,23.79,193.040599930241,61.0228245904277
NPL,2015,24360801286.7638,5.3560555553661,875.543635474862,13.2059631347656,21.08,194.095772584583,61.4713594693201
NPL,2016,24524109483.5293,4.88818962559367,877.256454696737,11.9705371856689,23.13,195.015430763865,61.8722917188777
NPL,2017,28971588940.364,4.85567399386538,1034.28374906846,12.1109495162964,24.2,195.404659923265,62.1528886706909
NPL,2018,33111525237.149,4.90647453944016,1179.19843190389,13.006326675415,24.17,195.882029996512,62.4301946506601
NPL,2019,34186180699.0255,4.98144138801895,1203.14294706401,13.9224119186401,24.85,198.214607603767,63.0119007793447
NPL,2020,33433659301.2466,4.47485439163579,1154.21517578318,13.9312324523926,24.35,202.068880362749,63.8354856215394
NPL,2021,36924841394.2605,4.76603766559486,1252.75076731986,14.3841028213501,22.5,205.61569584932,64.5282088114644
NZL,2011,168295307149.46,10.9444679153171,38388.5280906616,,53.79,16.6495765447571,65.9465094637427
NZL,2012,176210710655.208,10.6076489466376,39974.2997334925,,56.6,16.7411036420949,65.6846552552074
NZL,2013,190909855416.34,10.2355270901257,42977.388040868,80.388542175293,54.46,16.8702290076336,65.4865980024927
NZL,2014,201337554959.49,11.0696789026737,44578.2253868016,80.7100067138672,54.52,17.1527856898713,65.4645838819204
NZL,2015,178104220784.881,11.279693966648,38639.3501941427,82.1818466186523,55.92,17.5056017621815,65.5662654049205
NZL,2016,188898209220.167,10.0903975206094,40070.8956577431,81.8633575439453,54.23,17.9032319319433,65.6566173959705
NZL,2017,206566916732.292,10.1945487816623,42913.186956185,81.2698593139648,52.87,18.2811135163875,65.6780741744094
NZL,2018,211846555690.736,9.94699075359356,43228.6976473771,81.2513122558594,51.29,18.6115225399719,65.6292575548676
NZL,2019,212846907683.439,9.67484330263871,42747.2099299966,77.5843734741211,49.55,18.9100300026585,65.5322656370177
NZL,2020,212697530897.56,9.39291202224445,41785.6922905898,75.7348327636719,47.01,19.3315863430937,65.3602688024111
NZL,2021,253644079784.977,8.81116112012761,49624.1816729553,79.4128875732422,47.5,19.4117200258251,65.0927086211955
OMN,2011,77497529258.7776,10.4645309385257,25188.0074151885,31.5563507080078,35.51,9.94107592891761,71.8894175469479
OMN,2012,87408842652.7958,9.93224968534933,24642.2978768596,,39.5,11.4607625201939,74.6218289814047
OMN,2013,89936020806.2419,9.40793050398492,23458.0233840053,35.1496200561523,33.25,12.3874410339257,75.4747695109409
OMN,2014,92699089726.9181,8.63119620231856,23160.6502252547,41.1818618774414,33.87,12.9319515347334,75.2940269670568
OMN,2015,78710793237.9714,8.91611568746014,18808.3077921839,45.1898918151855,35,13.5214701130856,75.1763425366706
OMN,2016,75128738621.5865,7.91428670336137,17110.1897460545,46.8235092163086,32.21,14.1870016155089,75.3182592773313
OMN,2017,80856697009.1027,8.4951784209409,17820.0661809335,43.5767784118652,31.83,14.6604071082391,75.1697476735833
OMN,2018,91505851755.5267,9.09106412005457,19901.7615642016,44.9540214538574,32.8,14.8558222940226,74.534173648602
OMN,2019,88060858257.4772,8.02938031979303,19180.1864152801,45.1723213195801,30.98,14.8343812600969,73.4038901464767
OMN,2020,75909492847.8544,8.35606019076856,16784.8630630058,48.3754386901855,26.5,14.612268174475,71.8368051805015
OMN,2021,87323797139.1417,9.40969740290684,19403.4600160211,43.8433609008789,29.4,14.5409499192246,70.6732743403733
PAK,2011,230586581059.665,13.3811359313224,1131.73513834324,7.46075391769409,26.75,264.303218399751,57.1395797438826
PAK,2012,250106966104.704,13.7390762104055,1204.36475491585,8.49672698974609,23.1,269.389691002491,57.2279328209218
PAK,2013,258657231672.412,13.3207628541452,1225.4340119198,8.89682579040527,23.33,273.809124636779,57.2671270798072
PAK,2014,271390474857.632,13.4140262892618,1266.61340849959,8.92643165588379,24,277.948120330012,57.331028476506
PAK,2015,299963590534.773,12.3014420948153,1380.47020838317,8.61171054840088,23.07,281.873810450394,57.4178688790589
PAK,2016,313630000130.435,11.2109167506518,1424.69161195897,8.47824573516846,22.63,285.568271326276,57.4997238618041
PAK,2017,339205534861.1,11.2993459112201,1519.23459514248,8.80055046081543,23.8,289.635179275633,57.611377824421
PAK,2018,356128166704.921,11.6027431620618,1569.33814626355,8.39241695404053,24.12,294.376416562889,57.7692684064018
PAK,2019,320909472770.669,12.5872745902299,1390.41690981745,11.3472347259521,25.36,299.399256693649,57.9268695957871
PAK,2020,300425609817.981,11.4160734292379,1278.39735206896,11.944239616394,22.31,304.848674242424,58.1175150077395
PAK,2021,348516647445.148,11.9347162169362,1455.31922370186,12.5983591079712,24.4,310.65509677252,58.362142214514
PAN,2011,35687738300,6.19079354770991,9662.29592216607,41.9725303649902,30.77,49.6839521119182,64.6143114215781
PAN,2012,41595439700,6.09446496607175,11064.8063606203,43.8421783447266,30.9,50.5684153887544,64.6899366111189
PAN,2013,46949496500,6.48855584638698,12273.3225037637,,31.82,51.4572101156847,64.7636759134082
PAN,2014,51427104900,6.46788654828594,13213.1989637473,44.9672698974609,38.3,52.5108067997841,64.8298521582369
PAN,2015,55767806100,6.26013276143563,14082.6548502728,47.9322700500488,36.8,53.4273475445224,64.8908740567791
PAN,2016,59760858700,6.05024388647213,14832.3611608191,48.728271484375,33.49,54.3589584457636,64.9564237451839
PAN,2017,64327688800,5.93031938682056,15694.6297454295,,34.98,55.298259579061,65.0242015347767
PAN,2018,67316471200,5.74622039902769,16151.3273478476,,32.37,56.1857643569695,65.0938653057126
PAN,2019,69778991200,5.67557287930525,16477.9066285687,,31.51,57.0868158533297,65.1881520310586
PAN,2020,57059846500,5.66800858814087,13290.5608347594,45.2206611633301,29.04,57.87626044756,65.316702152513
PAN,2021,67396392500,5.28330073453115,15509.8069109784,53.0445899963379,28,58.5791992450795,65.4480767615447
PER,2011,171761737046.585,15.0914598699078,5861.35793645245,,30.34,22.8938171875,63.7051205709866
PER,2012,192650021648.583,15.164396582771,6519.37852981527,,34.1,23.0862234375,63.8537658044574
PER,2013,201175543571.392,14.831406515612,6746.80025696601,,35.96,23.29524921875,63.9921870469901
PER,2014,200786250582.943,13.9596976357841,6667.13410360861,,34.73,23.5279890625,64.1329645084282
PER,2015,189802976285.619,13.7880201715375,6231.71150338894,,34.87,23.795,64.2983458972473
PER,2016,191898104390.379,13.3440281131691,6217.03599995447,73.330192565918,32.51,24.1144484375,64.5030119796406
PER,2017,211007984080.911,12.9708469176106,6736.16693725487,71.2465515136719,32.9,24.47237265625,64.7524640868538
PER,2018,222597009739.235,13.1690240955292,6978.49121548627,,31.8,24.9199875,65.116760333898
PER,2019,228346006003.648,12.8493511674786,7037.00803692604,,32.93,25.35101796875,65.4853603481098
PER,2020,201409694755.934,12.2526157277512,6133.32552410183,,28.79,25.65513984375,65.7782365403473
PER,2021,226354278280.885,12.0657346478745,6826.9720069846,,31.2,25.9030328125,66.1055495371832
PHL,2011,234216730295.938,21.7043269521461,2383.91892526787,30.8261947631836,28.98,329.505362712547,61.3850819239797
PHL,2012,261920540972.102,21.3285712085069,2614.61644410764,31.3085117340088,29,335.96777677164,61.7186610350509
PHL,2013,283902828581.65,20.4344987662807,2781.27957670473,33.7904281616211,31.18,342.342744072174,62.0410797268429
PHL,2014,297483555344.802,20.5750839902722,2866.83803767919,35.9550590515137,29.87,348.013314552101,62.3216282458617
PHL,2015,306445871246.718,19.9280223739769,2909.85818014474,38.1037750244141,31.05,353.197813327967,62.6875930117321
PHL,2016,318627003012.52,19.5903031996457,2985.19564020101,40.4857482910156,31.83,357.969342992253,63.1300684825105
PHL,2017,328480736798.792,19.5002020560488,3038.12124955619,35.4054260253906,32.48,362.61090317604,63.5459353202846
PHL,2018,346841896583.515,19.0982471670238,3168.51036606257,29.428638458252,31.56,367.123744843546,63.899758760509
PHL,2019,376823402244.928,18.5164544000114,3400.78949772302,31.2367649078369,36.18,371.615799711574,64.2071776686226
PHL,2020,361751145451.597,17.6581790478661,3227.57910235199,32.8472557067871,35.19,375.897186168964,64.592028512455
PHL,2021,394087359848.11,17.6400846961045,3484.38593882819,34.8456192016602,35.3,379.317000368917,65.1056206866521
POL,2011,527848543023.469,16.1389060287032,13867.6669408192,75.8021011352539,38.02,124.296296901022,71.1217900505102
POL,2012,498148649702.66,16.5564693800308,13087.420943321,75.0382919311523,40.4,124.300058781268,70.8309123377924
POL,2013,518179836405.36,15.5581865074907,13621.9023794031,73.317268371582,40.12,124.229110740995,70.4628284457914
POL,2014,542134167178.627,16.9081122802504,14262.2841914116,70.2389678955078,40.64,124.144273163722,70.0250512784321
POL,2015,480054118583.367,17.6693391336256,12637.5220324406,69.3731994628906,40.16,124.061569613639,69.5235017932482
POL,2016,473259583969.643,18.2752041844413,12464.0110508476,69.8503799438477,40.22,124.008253045495,68.9521816813071
POL,2017,528356676667.211,16.8858634359557,13913.3402919927,70.6174621582031,41.99,124.0237303635,68.3269085235055
POL,2018,594616687350.017,16.4851063076839,15658.2120316794,71.0217437744141,41.67,124.031583760656,67.6767403778615
POL,2019,602683770144.88,16.6614878848919,15874.5220531254,70.9065017700195,41.31,124.025595374212,67.0192549762975
POL,2020,605914237903.742,16.2083685829628,15987.5753654045,70.9730377197266,39.95,123.800574919152,66.4351589630372
POL,2021,689170230665.35,17.3006156636927,18635.5104895754,72.2060623168945,39.9,120.815285854296,66.0026656203027
PRT,2011,245426767676.002,11.328789395701,23246.5425416481,,42.4,115.269789278305,66.0859174471284
PRT,2012,216536676771.973,11.3753199190097,20593.4274224109,,45.3,114.803406485424,65.8555190404398
PRT,2013,226677408291.745,11.5651993214334,21676.4859642714,,45.1,114.156128691384,65.5944048254508
PRT,2014,230078616299.675,11.8414875390346,22120.6850127107,,45.63,113.541770372117,65.3302452379704
PRT,2015,199038523119.639,12.2513540948869,19215.7813014347,61.8582000732422,46.61,113.072519583956,65.126992390842
PRT,2016,206305431241.638,12.2435166305722,19980.2808866516,63.2655715942383,46.45,112.716384151187,64.8902291547221
PRT,2017,220862990767.229,12.4309295704729,21442.3842768879,64.1698226928711,46.05,112.441815784188,64.6083708165567
PRT,2018,242092894542.888,12.322133201471,23541.1401075289,65.0279083251953,45.71,112.261935951514,64.3500227062455
PRT,2019,240115970063.019,11.9377600515866,23343.3628970034,65.9340515136719,44.65,112.288582794065,64.0780142495373
PRT,2020,229618773422.577,12.0900462439681,22299.4044062173,67.7980194091797,43.51,112.406676011074,63.7995986507522
PRT,2021,256055879091.139,12.4429299331489,24711.4510062111,71.8742980957031,44.2,113.113510527741,63.5636491754777
PRY,2011,33756238766.5,18.3938123118673,5805.40154543044,,31.17,14.6353536370501,62.9391125069781
PRY,2012,33271921136.315,18.5216187131733,5642.1699167298,,31.6,14.842708280896,63.3683047403022
PRY,2013,38501122141.4241,18.3165913482112,6435.68342733182,,30.28,15.0577523282155,63.7406110712259
PRY,2014,40377929295.6419,18.7675100760167,6652.25478942291,,31.59,15.2776516486282,64.0470518769036
PRY,2015,36211447840.0971,19.4164870545878,5879.33792308671,,30.69,15.5023986911654,64.283971221134
PRY,2016,36089700222.9461,19.0612407979676,5775.1596339946,,28.2,15.7289856531588,64.453349156346
PRY,2017,38997129473.5558,19.4527698175799,6152.26711537703,,30.3,15.9543418071986,64.5619527974404
PRY,2018,40225448340.6322,18.9927483082579,6258.44991640954,,28.66,16.1776541656179,64.6258511339338
PRY,2019,37925338329.1494,18.7951682400806,5821.18199548637,,27.09,16.3983337528316,64.6699768444118
PRY,2020,35432178068.1814,18.7044275348216,5365.47220721191,,24.14,16.621542914674,64.7156887396906
PRY,2021,39950899938.7482,19.189811303604,5976.9317978996,,26.4,16.8240171155298,64.7905233579816
QAT,2011,167775268626.374,9.46271769221704,103261.506539346,12.6008596420288,47.74,139.94496124031,84.9067616444408
QAT,2012,186833502362.637,10.5240057860378,108470.378825036,12.2866897583008,45.5,148.358139534884,84.4749430685165
QAT,2013,198727642967.033,10.2049904181882,103697.008372373,14.8707304000854,41,165.066838931955,84.2675120692734
QAT,2014,206224598571.429,10.1421524949587,95840.6310094498,17.306360244751,40.31,187.271105308964,84.5362274677106
QAT,2015,161739955576.923,8.91552530998815,68985.2946961507,15.9339895248413,39.01,204.051958224543,85.0004150650272
QAT,2016,151732181868.132,8.47608042005157,61253.6375482797,14.8163604736328,37.47,215.588598781549,85.2115049327299
QAT,2017,161099122225.275,8.04717029814568,63279.8556949332,16.7774391174316,37.9,221.568320278503,85.1403706234452
QAT,2018,183334953818.681,8.23742387263655,71039.8490579352,17.4458293914795,36.56,224.606962576153,84.9008489965384
QAT,2019,176371267689.082,8.33357268439132,66841.3013472693,21.0931396484375,33.86,229.648128807659,84.2722328471747
QAT,2020,144411363345.27,7.9112604108311,51683.5054353851,23.7649192810059,30.81,243.180852915579,83.3551879431043
QAT,2021,179732009554.846,8.76190774258305,71751.8831234838,31.281400680542,31.5,218.007832898172,83.1531782441238
ROU,2011,192623977894.173,25.9119432595128,9560.6755277458,66.7865829467773,36.83,87.5332493374462,68.173303919419
ROU,2012,179117323107.087,21.2783438640457,8929.95366231474,54.9534912109375,37.8,87.201265107382,67.987473244784
ROU,2013,189798603751.235,20.2152670692205,9497.67411615237,51.3826103210449,40.33,86.8742903099596,67.8443383194302
ROU,2014,199722319675.741,21.5132642153968,10031.7710755404,51.0950393676758,38.08,86.5306806328234,67.5465618438621
ROU,2015,177885131240.315,20.2080251087435,8977.01748158196,49.3609886169434,38.2,86.1248956884562,67.1333496502281
ROU,2016,185290759248.844,20.1242845144537,9404.54005870715,49.911319732666,37.9,85.6322453059805,66.7152920502478
ROU,2017,210147385855.419,19.8307791051555,10727.9822007426,50.5108184814453,39.16,85.1387126216968,66.2634006422186
ROU,2018,243468683030.34,18.9031368704113,12502.2624061935,51.9943504333496,37.59,84.6399947844228,65.8004680304066
ROU,2019,251677082534.495,17.1227125435243,12992.0326104674,52.4439697265625,36.76,84.1952712100139,65.3516450135071
ROU,2020,252033792712.145,15.8025948052662,13082.3006559554,53.4911117553711,35.95,83.7328320584145,64.8847498479951
ROU,2021,286578196368.297,15.6083009697012,14986.7854904274,55.2656097412109,35.6,83.1104789638387,64.5750261544466
RUS,2011,2045922753398.04,11.4709337154407,14305.33203125,80.162971496582,35.85,8.73293828429975,72.0292797017845
RUS,2012,2208293553878.42,11.4152854387593,15401.8515625,80.5323486328125,37.9,8.75493589434367,71.5757065534545
RUS,2013,2292470078346.22,11.0573063367208,15941.4482421875,82.8009567260742,37.2,8.78102091547408,71.0307780178912
RUS,2014,2059241589895.01,11.3355804143996,14055.47265625,84.5181427001953,39.14,8.80737424184231,70.3612786579556
RUS,2015,1363482182197.71,12.3830188656764,9277.7138671875,84.2355728149414,39.32,8.8320122221157,69.6107173405512
RUS,2016,1276786350881.14,11.700279102879,8663.158203125,83.8600387573242,38.5,8.85489473873823,68.9243897445989
RUS,2017,1574199360089,12.3127721301087,10658.9130859375,81.7051010131836,38.76,8.87185768709161,68.3009219594445
RUS,2018,1657328773461.31,12.8198832505149,11211.8876953125,81.5681076049805,37.9,8.87825976514438,67.7832495905018
RUS,2019,1693115002708.32,12.9692072844848,11447.701171875,80.9520721435547,37.62,8.88162945666663,67.2972984998669
RUS,2020,1493075894362.14,13.4028136833178,10108.3271484375,57.2232894897461,35.63,8.86891988517952,66.8593105362114
RUS,2021,1843392293734.38,12.61307730356,12521.5224609375,54.9542503356934,36.6,8.83848757424343,66.546118958482
RWA,2011,6884913658.10632,8.3702907162069,651.133677964662,6.83723020553589,25.86,428.606931495744,55.0742533408022
RWA,2012,7654761573.54991,8.2846613345994,706.817317494399,6.70939016342163,27.9,438.990717470612,55.2987141803051
RWA,2013,7819963715.75353,6.82604607357561,704.924190167572,6.23149013519287,27.64,449.669233887313,55.5068130968671
RWA,2014,8238966063.86692,6.81723322004657,724.957521209377,7.35862016677856,29.31,460.671139035266,55.6992111665916
RWA,2015,8543759677.58157,6.83354613396964,733.998585018273,7.53125,30.09,471.829023104986,55.8901563931752
RWA,2016,8695272300.91019,6.70526496539237,729.519154199595,7.57807016372681,29.96,483.144831779489,56.1025994818604
RWA,2017,9252834336.49492,7.67787089010896,758.301002985965,7.34488010406494,27.36,494.611268747467,56.3437544011522
RWA,2018,9637904655.17446,7.6219933142698,771.773521962568,6.76095008850098,26.54,506.201702472639,56.6302952050914
RWA,2019,10349300380.33,8.35941162223427,810.051420243718,6.31429004669189,27.38,517.880137819214,56.9801057489909
RWA,2020,10174387374.3478,8.73625657811809,778.701538550324,7.56710004806519,25.06,529.624523713012,57.3677254660379
RWA,2021,11069280649.6459,9.23966672098635,828.833032800998,7.35958433151245,23.9,541.35630320227,57.7540684344595
SAU,2011,676634666666.667,9.93355350794914,26966.2941648251,28.9419498443604,36.44,11.6723187994548,70.7168832641369
SAU,2012,741849866666.667,9.7269276766512,28348.5730107499,36.0444107055664,39.3,12.1733184784783,71.3417737515747
SAU,2013,753864533333.333,9.89981577592013,27290.1978052614,43.163501739502,41.21,12.8502267768841,71.8696842780143
SAU,2014,766605866666.667,10.8317807464383,27079.6733871148,51.2110710144043,41.61,13.1690025073383,72.3162048199076
SAU,2015,669484266666.667,12.8336399043084,22453.571552265,56.5505714416504,40.65,13.8700845238151,72.7032579683734
SAU,2016,666000000000,13.1982782782783,21515.6600083775,64.6551132202148,37.75,14.399377584675,72.8708364725954
SAU,2017,714994666666.667,13.2936376215394,23081.2045336558,72.4816665649414,36.17,14.4101498355577,72.5539157080724
SAU,2018,846583733333.333,12.569546182319,28036.0264674095,74.5258178710938,34.27,14.0468072140634,71.9567949680951
SAU,2019,838564800000,12.4891163250989,27892.8421521179,79.6130676269531,32.93,13.9851787932213,71.7987360634578
SAU,2020,734271200000,12.6378736721073,23271.4037647084,74.7805709838867,30.94,14.6777023663877,71.9864782936657
SAU,2021,874156000000,13.2071926139804,28396.0864182336,74.3924865722656,31.8,14.320382473752,72.1749607532303
SDN,2011,55018567210.5263,,1332.6572265625,14.5883703231812,20.36,,52.7913848960646
SDN,2012,37632919966.6667,,1019.22210693359,15.2577896118164,16.8,19.7661552462527,52.8584998831899
SDN,2013,43024018082.1918,,1138.62780761719,17.5413608551025,19.81,20.2279705567452,53.0162925943029
SDN,2014,49516748617.9775,,1275.43835449219,17.0886402130127,12.66,20.7833608137045,53.3408491772908
SDN,2015,51726758676.7677,,1292.37963867188,17.2059803009033,14.95,21.4263549250535,53.7669785515879
SDN,2016,42630376000,,1033.21594238281,,,22.0877366167024,54.1594849545413
SDN,2017,41283617976.1905,,966.505676269531,,,22.8663308351178,54.6718018235881
SDN,2018,32333780383.2924,,731.027465820313,,,23.6780492505353,55.1467778096411
SDN,2019,32338079165.2893,,709.975280761719,,,24.3833913276231,55.4021203330087
SDN,2020,27034593750,,577.795227050781,,,25.0477682012848,55.5761399455358
SDN,2021,34229513774.9936,,712.122009277344,,,25.7317580299786,55.7673796642365
SEN,2011,17814283639.3119,17.2457486401925,1374.67591873844,10.0053596496582,27.56,67.3084558250662,53.7310989404075
SEN,2012,17660870411.5235,16.9951058363143,1326.83798848379,10.1298198699951,28.8,69.1346543395834,53.7078017649908
SEN,2013,18918667724.8817,17.3800241394178,1379.83196553924,10.4236698150635,30.48,71.2140913104451,53.7401403808036
SEN,2014,19797253440.2679,16.9974155601834,1398.89137601382,10.8330898284912,30.06,73.5059575131148,53.8844213348809
SEN,2015,17774766696.1759,17.0529991959005,1218.00613555438,10.9290800094604,30.95,75.7976990598868,54.1120274086851
SEN,2016,19040312333.1864,16.4126562605797,1266.43957151587,11.130820274353,26.14,78.0892380408248,54.3968395932547
SEN,2017,20996562943.5979,15.8053087502448,1356.80518449031,11.7735300064087,27.11,80.3770944787825,54.7454841926833
SEN,2018,23116701556.1381,15.5256232627653,1452.55612562445,13.0590801239014,26.53,82.6598348309354,55.161731926394
SEN,2019,23403995992.1354,14.8921153803941,1431.18128932159,13.3833703994751,26.83,84.9370072196541,55.629971072753
SEN,2020,24530513037.7518,14.6422445114601,1461.08720350553,14.2285404205322,23.75,87.2031319794318,56.1414662545808
SEN,2021,27520784129.7508,15.0896077803993,1598.10676952274,15.7343301773071,23.3,89.4451098530099,56.694618125052
SGP,2011,279356499090.458,19.5825515079778,53891.4570264372,,59.64,7363.19318181818,78.7713862675959
SGP,2012,295092888076.589,19.1168219800662,55547.5553077786,,63.5,7524.69830028329,78.8186833661434
SGP,2013,307576360584.992,17.6384096148755,56967.4257940383,,59.41,7636.72135785007,78.7282392629886
SGP,2014,314863580758.455,17.9997688921285,57564.8023114977,,59.24,7714.7023977433,78.546922809139
SGP,2015,307998545269.398,18.0893298548734,55645.6068614606,,59.36,7806.77291960508,78.3192236422757
SGP,2016,319053943915.005,17.4744213597612,56899.9181805173,83.9409790039062,59.16,7908.72073342736,78.0308714909358
SGP,2017,343257164581.712,18.5683328115467,61162.0973932771,84.7929077148438,58.69,7882.37780898876,77.6111451686482
SGP,2018,376892697588.005,20.7284988237868,66840.6373389791,88.8864517211914,59.83,7897.30532212885,77.1869683023096
SGP,2019,376901649222.451,19.3638513330846,66081.7199235165,91.0889892578125,58.37,7965.87849162011,76.8118792234851
SGP,2020,349488382610.662,19.6271161695532,61466.803676358,93.1347732543945,56.61,7918.95125348189,76.2405295018345
SGP,2021,434111559282.849,20.2841459034003,79601.4129622433,97.0989074707031,57.8,7595.49582172702,75.5729505669556
SLV,2011,20283780000,16.246774516387,3330.60049486653,27.1980304718018,29.14,293.925048262548,61.9201865576859
SLV,2012,21386150000,16.1734112965634,3497.91256915509,27.9502296447754,29.5,295.076013513513,62.5541893776144
SLV,2013,21990960000,15.9772924874585,3582.26694005169,28.1076107025146,31.32,296.276013513514,63.1773125178882
SLV,2014,22593470000,16.0762379572505,3666.01248913873,27.3663196563721,29.08,297.439913127413,63.7658396012952
SLV,2015,23438240000,16.3874932588795,3790.34089108162,27.2137393951416,29.31,298.439961389961,64.2917607348961
SLV,2016,24191430000,16.2856846412139,3901.34014965811,27.0054702758789,26.56,299.266409266409,64.7564156847839
SLV,2017,24979190000,16.0846288450506,4020.12671373919,27.4678001403809,26.68,299.880936293436,65.1496366761361
SLV,2018,26020850000,15.6878426338878,4183.54620971358,28.0338802337646,25.11,300.183735521236,65.4569293342278
SLV,2019,26881140000,15.5586779429741,4320.11671534627,28.3688907623291,24.89,300.304922779923,65.6988091655561
SLV,2020,24921190000,14.7404277243583,3997.19279583709,30.8192100524902,24.85,300.901206563707,65.9569342324021
SLV,2021,29043140000,15.0693072443269,4642.60743101342,30.1295890808105,25,301.919980694981,66.2417157632504
SRB,2011,51251098408.0924,16.9507867048185,7082.2861666075,52.1371002197266,36.31,82.740898696547,68.2442167761947
SRB,2012,45103269969.4112,17.3944698729184,6263.04086072815,54.0148391723633,40,82.3404642122113,68.098876897828
SRB,2013,50455529604.0696,19.1832086363947,7040.41812068781,56.6968688964844,37.87,81.9409215641436,67.7436627284965
SRB,2014,49114321280.3466,18.2206993895186,6886.67809068704,58.3684997558594,35.89,81.5434141321747,67.2902689526134
SRB,2015,41297410634.9586,17.808446227027,5820.3215576888,58.9525413513184,36.47,81.1271781385776,66.7748162145044
SRB,2016,42225495909.5633,17.7523192064361,5982.37030126471,62.9142799377441,33.75,80.7034301394923,66.2812936644156
SRB,2017,45972834713.8077,17.6965113987748,6548.03653824187,67.5830535888672,35.34,80.275074319689,65.7962638473577
SRB,2018,52787520248.9242,16.9084672527415,7559.86165747394,68.3218307495117,35.46,79.8376857992225,65.2458205597449
SRB,2019,53864693664.5568,15.6952458067007,7755.632986437,69.0413818359375,35.71,79.4104161902584,64.6822977246048
SRB,2020,55874017668.998,14.8459192821502,8098.70955668849,68.5755081176758,34.33,82.0445475086217,64.1681331223259
SRB,2021,66159884072.5308,14.4741898752194,9680.52798074468,69.2907028198242,35,81.2739445831847,63.8036743847863
SVK,2011,99705104723.4341,17.408841685454,18469.4354316836,57.1524887084961,39.05,112.260522375645,71.947544218498
SVK,2012,94724394278.052,17.2745943049528,17516.9691054078,57.0384407043457,41.4,112.451734320413,71.7045328186371
SVK,2013,99134277850.3418,16.6679619490037,18312.7805149823,55.253978729248,42.25,112.572637664282,71.3702712441166
SVK,2014,101713075598.862,18.5341754362134,18770.9289896545,53.8843002319336,41.89,112.700686356073,70.9768771615539
SVK,2015,89178548717.3324,18.8287638047366,16442.0760860018,52.7206687927246,42.99,112.803148787488,70.5178405978439
SVK,2016,90347173228.6356,17.7674522396181,16636.0769133073,50.3014488220215,41.7,112.953369384359,69.9313041813556
SVK,2017,95978130734.9766,17.1198654148987,17645.5298716761,49.1256103515625,43.43,113.128785357737,69.2551309624215
SVK,2018,106611673364.837,18.107047254531,19573.3717031314,47.8138313293457,42.88,113.285586522463,68.5861635146178
SVK,2019,105843498304.094,18.7020217269875,19406.0589683582,48.1902389526367,42.05,113.43899750416,67.9466053941882
SVK,2020,107732602896.441,17.5406369148503,19735.4858280801,48.3790016174316,39.7,113.536335274542,67.3811945998033
SVK,2021,120592216208.386,18.1313827228659,22138.1949833348,50.7342491149902,40.2,113.295486688852,66.9089610618438
SVN,2011,51199194599.3094,18.196846937948,24940.6284841605,87.1887130737305,45.07,101.898292465005,69.2279739789653
SVN,2012,46167053954.3367,18.7169143022718,22442.1417859955,89.0215606689453,49.9,102.114049151928,68.7880511619956
SVN,2013,47867056858.8892,19.1692650538617,23236.9655321695,87.8572082519531,47.32,102.281678252234,68.2843640336961
SVN,2014,49514466379.6057,19.6425391528278,24013.0682060959,84.3780288696289,47.23,102.382323733863,67.7481374494419
SVN,2015,42709468274.8137,19.9837917138592,20697.2748530619,82.1997833251953,48.49,102.446109241111,67.157989987121
SVN,2016,44290685824.0682,20.2309490466323,21447.8377796036,79.4747467041016,45.97,102.52417833383,66.5706788630685
SVN,2017,48153200134.6613,20.6408219046834,23303.077705959,79.2703475952148,45.8,102.610871929328,65.9854248185375
SVN,2018,53689067639.9176,20.4061968964047,25888.0481065655,77.3015975952148,46.87,102.992292564709,65.452513323996
SVN,2019,53909922735.545,20.5744094031508,25814.1687167572,76.4720077514648,45.25,103.711934605987,65.0408615176971
SVN,2020,53384760135.1581,20.5177897656073,25392.0651093612,75.8166809082031,42.91,104.408881428657,64.7403622350344
SVN,2021,61529280461.092,19.9552883180913,29187.369382785,82.2400436401367,44.1,104.689964442502,64.4067832697893
SWE,2011,570541353128.724,14.7659207495071,60379.7748160321,71.9184112548828,62.12,23.1973780115221,64.6999145647294
SWE,2012,549742183874.355,14.0759917003892,57749.8251328664,68.742301940918,64.8,23.3696200002111,64.2350876804122
SWE,2013,584128116410.29,13.3622549733324,60844.2767113975,65.7820892333984,61.36,23.5684835040631,63.7580854153169
SWE,2014,577730245154.162,13.0440047804025,59583.7140001673,64.9541931152344,62.29,23.8034986523533,63.3172186453916
SWE,2015,501698263620.663,13.7629512175237,51197.9529341175,66.4283218383789,62.4,24.0582617728817,62.9579789502128
SWE,2016,514218206628.325,13.4787218481616,51820.3972482676,68.306037902832,63.57,24.362449750883,62.700911392201
SWE,2017,536083940228.684,13.3346803677229,53300.8587281785,70.4342498779297,63.82,24.6929419766692,62.5219734831306
SWE,2018,551312498430.164,13.3725935846173,54181.9069780904,73.4083786010742,63.08,24.9814588688378,62.3768470334521
SWE,2019,532169294165.94,13.1358594902138,51773.0464558993,75.1148529052734,63.65,25.2378879395011,62.2726593946469
SWE,2020,545147614972.141,12.6405652444603,52653.7565934247,79.1196365356445,62.47,25.4209438224317,62.2041144475448
SWE,2021,637186904843.636,13.4735170569286,61174.9680215622,85.9426193237305,63.1,25.5740792575133,62.1530987776028
SWZ,2011,4820478680.18375,31.6891802476489,4312.34243414155,6.76452016830444,27.52,64.9902906976744,58.5969645747779
SWZ,2012,4886551483.93374,31.0190126503485,4347.99569336631,,32,65.3408720930233,58.8848200871369
SWZ,2013,4418333192.47449,28.8990583014034,3910.0639762073,6.17659997940063,29.6,65.6970930232558,59.1550367702369
SWZ,2014,4250545460.94523,29.3688253741092,3740.69277623691,,25.33,66.0638953488372,59.4682385534089
SWZ,2015,3878174403.5524,30.5674052347362,3393.53367834668,,25.37,66.4426162790698,59.8218430407438
SWZ,2016,3705918654.13708,29.8606410084646,3223.92004062357,,,66.8318023255814,60.1487593599868
SWZ,2017,4437538381.32249,27.6937325562268,3831.42595273032,,,67.3369186046512,60.444597172582
SWZ,2018,4659474399.74018,27.6003291647314,3986.10557163026,,,67.960988372093,60.7565725734529
SWZ,2019,4594818143.27624,28.2878593898729,3894.32951592818,,,68.5973255813954,61.0868194400419
SWZ,2020,4105756862.55271,25.3719106607646,3442.3216527415,,,69.3447093023256,61.4389935018795
SWZ,2021,4737671576.32851,26.9660858582799,3926.48687364215,,,70.1507558139535,61.7921031399556
SYC,2011,1058918707.26124,7.35524983230244,12110.0937461973,2.91757011413574,,190.089130434783,70.6742661609499
SYC,2012,1089407839.19709,8.19556132878971,12337.1554669388,1.55594003200531,,191.963043478261,70.9783711561838
SYC,2013,1333160407.38516,7.23589892008202,14821.2921476077,3.50153994560242,,195.541304347826,71.200626882484
SYC,2014,1387577870.08161,7.26865319905086,15188.1902175113,7.24571990966797,38.56,198.60652173913,71.3810681814924
SYC,2015,1432403352.12944,5.85840609143849,15333.1051727105,16.4337902069092,36.44,203.084782608696,71.5689245963098
SYC,2016,1568513348.14463,6.16692105113208,16566.9946042294,25.6358890533447,,205.819565217391,71.7349140874696
SYC,2017,1675370641.01416,5.68102116851509,17480.3651911372,42.2081985473633,,208.354347826087,71.8429373857587
SYC,2018,1784313926.76807,5.76475360984903,18440.2340460932,38.8581314086914,,210.352173913043,71.8967315716273
SYC,2019,1868690096.73454,5.02282787419409,19141.5118743615,41.2970390319824,,212.228260869565,71.8981219799321
SYC,2020,1382551751.56908,6.67522557671927,14041.4754074575,26.9342594146729,,214.047826086957,71.8328885785304
SYC,2021,1487173794.80528,6.56579304941984,14982.9111487767,26.8701496124268,,215.778260869565,71.6597215164143
SYR,2011,67539428159.4474,,2952.14349372257,25.6436996459961,24.82,124.58801938681,60.44733045553
SYR,2012,43190318032.5627,,1897.66115018696,30.2727794647217,23.1,123.943598540543,59.9091027421749
SYR,2013,21361254635.051,,985.892669227054,33.1396789550781,23.73,117.99225072156,58.2414342049348
SYR,2014,21502061465.9498,,1060.59105886854,47.3828811645508,,110.404939280074,56.2502087067756
SYR,2015,16466863117.0009,,847.731631942565,51.1659507751465,,105.781288460491,55.2752903557743
SYR,2016,12597854877.4254,,656.3490586313,46.5840187072754,,104.524500353973,55.5171039698766
SYR,2017,16369843352.3453,,851.502005254153,,,104.692414093558,56.2943219617629
SYR,2018,21497782867.6426,,1098.0668642357,,,106.615721831945,57.5981626169785
SYR,2019,22583045060.0821,,1109.53926036049,,,110.839917224854,59.4003650668233
SYR,2020,12047752036.091,,572.355289831901,,,114.629575777378,60.8639526516372
SYR,2021,14353205678.4991,,663.614245706815,,,117.784888090181,62.0241136839542
TGO,2011,5422442166.44146,14.2323456631616,783.989380490906,9.90192985534668,,127.164441993013,55.6281567746803
TGO,2012,5413544658.41535,11.9565612510716,762.392047587088,10.9630603790283,20.5,130.55223386652,55.5980957466944
TGO,2013,6021732977.26584,14.5480609279658,826.543259457126,11.0933198928833,23.04,133.948189005332,55.6021652495483
TGO,2014,6393318261.82712,16.1808840672593,855.585284856656,10.7719402313232,17.65,137.386468100754,55.6405425502651
TGO,2015,5755461035.38026,14.8853305305729,751.052405084336,11.0391302108765,18.43,140.893454679169,55.6964323825485
TGO,2016,6071170959.12093,13.4096019522988,772.581787093976,12.3244800567627,18.42,144.480400808972,55.7632202124407
TGO,2017,6387422517.69225,13.0099490414948,792.765487219069,12.5233001708984,18.41,148.136422136422,55.8493557173734
TGO,2018,7029300383.08031,13.2525356008606,851.130806891807,13.0981397628784,18.91,151.843684500827,55.9551727870637
TGO,2019,6992700101.37188,12.6335456786508,826.260654099894,13.3234195709229,18.54,155.599705828277,56.0742451791714
TGO,2020,7400284167.78479,12.9535861016551,853.578220263722,15.0659399032593,18.54,159.399154256297,56.2246787540613
TGO,2021,8342243645.94438,12.6000047556977,939.613373786407,,19.3,163.235502849789,56.422234082496
THA,2011,370818739623.622,28.9958809244545,5373.6232832898,52.1359634399414,37.63,135.072536162383,71.4681993799836
THA,2012,397558325278.579,27.9727873518431,5725.52802835463,50.2119026184082,36.9,135.912031944254,71.6211926251962
THA,2013,420333654592.547,27.5886907461759,6018.08244729255,49.3342018127441,37.63,136.712626984282,71.6876647113235
THA,2014,407339040197.651,27.5735009565918,5801.1978916205,49.7557334899902,39.28,137.439305917125,71.6555591067219
THA,2015,401296238228.084,27.3740711959416,5688.85335397884,,38.1,138.07433106931,71.5683231839936
THA,2016,413366349747.508,27.1442393688371,5833.57715617098,49.508472442627,36.51,138.698821664155,71.4840033899878
THA,2017,456356813536.764,27.0148154805347,6413.09182530343,47.7228775024414,37.57,139.286709467791,71.3970271044959
THA,2018,506754208404.485,26.7128343918527,7099.77650081458,46.5399513244629,38,139.709289670966,71.2751569841428
THA,2019,543976691793.886,25.6215964143658,7605.69657797759,45.4407386779785,38.63,139.995441288731,71.119813854904
THA,2020,500461898480.246,25.5553325712421,6985.64393892574,43.1145401000977,36.68,140.228785061364,70.9348809059768
THA,2021,506256494297.34,27.1675994932487,7058.0694998852,44.0830879211426,37.2,140.396821233534,70.7171395974968
TJK,2011,6522756255.012,9.66276591145652,833.601978202852,22.2888793945312,24.5,55.9072949414118,60.1881418985862
TJK,2012,7633036903.07634,9.47098008743719,952.452819695469,22.7133293151855,26.4,57.2598170905973,60.3349927452719
TJK,2013,8448411318.25417,9.22604111283919,1028.19704279396,22.7680702209473,30,58.7076593312375,60.5271432098208
TJK,2014,9112605459.32845,7.61766542724491,1081.54402932039,24.4802207946777,23.73,60.7089475883735,60.6802913328409
TJK,2015,8271431485.07484,10.7329072655156,956.916310930656,26.4624404907227,27.46,62.2799913538439,60.7331753017178
TJK,2016,6992416096.89018,11.3777438707216,788.710481734485,29.1225490570068,29.62,63.8780243533396,60.7416550497082
TJK,2017,7536402852.85802,12.8052915915902,829.45714764957,31.114070892334,28.16,65.4654225808776,60.7364494572167
TJK,2018,7764999999.45362,13.2289696478429,834.288404578801,,26.51,67.060544707832,60.6510909193858
TJK,2019,8300813599.3084,13.4323434011968,871.022372934846,,26.43,68.6646444268319,60.4935946256262
TJK,2020,8133963550.65742,15.6258523576585,834.311715460625,37.2250022888184,22.23,70.2450464730888,60.2954588429613
TJK,2021,8937805347.13963,14.9988671924081,896.748053372182,39.504955291748,23.9,71.8128683622739,60.1041285770808
TTO,2011,25433007437.1605,,19151.0870229722,,32.17,258.873099415205,73.3726862621265
TTO,2012,27334568806.1922,17.3242179619507,20472.3574298508,,32.5,260.271734892788,73.2010195119137
TTO,2013,28709859468.8597,13.8850133381541,21416.3660842916,,33.17,261.317153996101,72.9691934254201
TTO,2014,29697674913.5408,14.34536174056,22074.4263087858,,31.56,262.250097465887,72.6961227725935
TTO,2015,27026750552.9647,14.0532508755386,20024.754663902,,32.18,263.09298245614,72.3901010958317
TTO,2016,23722678429.8078,17.1435598606361,17521.8007525013,,,263.917153996101,72.0634838896443
TTO,2017,24040211327.4898,16.2225206818422,17720.4972365332,,29.75,264.450877192982,71.738036153344
TTO,2018,24569257295.0918,17.0659149326916,18076.3565550233,,26.95,264.949902534113,71.6096737307283
TTO,2019,23775659262.5735,15.5212354571373,17431.0269266696,,28.08,265.884015594542,71.3159659881446
TTO,2020,20807716174.0546,14.299531342366,15224.5083495616,,24.14,266.418128654971,70.8098487296116
TTO,2021,24496397204.7176,18.817175771577,17912.5106245714,,24.8,266.580506822612,70.5391312530773
TUN,2011,48123325825.0739,15.9695160833215,4420.64772206537,34.4940605163574,33.89,70.069741246138,69.2853931993883
TUN,2012,47311401812.6733,15.4349464715618,4297.26782454273,34.2753295898438,36.5,70.865390061792,69.169500582966
TUN,2013,48685446413.953,15.008243022509,4369.79345826358,33.0226402282715,35.82,71.713188722966,68.9347454469317
TUN,2014,50271812920.612,14.5464536962829,4458.97895464547,33.0825691223145,32.94,72.5687950566426,68.64122151217
TUN,2015,45779494041.9295,14.0103780308278,4014.94773686432,33.0580787658691,33.48,73.3925334706488,68.3260271819702
TUN,2016,44360072680.4476,13.8089506532377,3847.80354448809,31.186559677124,30.55,74.2061920700309,67.9779030952694
TUN,2017,42163530590.9462,14.2010459605045,3619.03247319953,31.0175304412842,32.3,74.9903321318229,67.6324579587732
TUN,2018,42686504459.801,14.5169070367437,3628.10366464236,31.1403503417969,32.86,75.7306513903193,67.2921528421048
TUN,2019,41905642418.825,14.3189397678933,3528.87213306798,31.8208293914795,32.83,76.4358972708548,66.9427854850001
TUN,2020,42491780918.361,13.6939016134445,3548.65363663803,33.1319389343262,31.21,77.0729724510814,66.6348757150563
TUN,2021,46812290143.344,14.4492926673771,3885.28166485296,33.8982810974121,30.7,77.5529222451081,66.4809898392949
TUR,2011,838785289694.35,16.4486710311014,11300.7852215681,61.516300201416,34.11,96.4406649948677,67.2385009847645
TUR,2012,880555885492.269,15.8337489004359,11713.2849831139,70.1044998168945,34.1,97.6778802801346,67.5506129393903
TUR,2013,957799120008.32,16.2798557387916,12578.1878632,79.6469573974609,36.03,98.9405610488157,67.8629529763027
TUR,2014,938934609296.966,16.7716970232894,12165.220135038,86.9976806640625,38.2,100.284401595572,68.1990081161611
TUR,2015,864313810469.009,16.6961854458277,11049.9951100942,95.5645065307617,37.81,101.631276067721,68.5188387624971
TUR,2016,869682881593.041,16.5954578952398,10970.0458948862,103.71558380127,39.03,103.007889505347,68.6855786915971
TUR,2017,858988492853.742,17.5918310459266,10695.550196231,110.534072875977,38.9,104.352348531112,68.7322045337867
TUR,2018,778972108040.602,19.0837580442819,9568.83506330228,115.462463378906,37.42,105.774468250978,68.7066114748183
TUR,2019,761005915750.925,18.3774684565259,9215.44049888114,117.005470275879,36.95,107.297584553617,68.5155348426091
TUR,2020,720338490327.248,19.1391928132206,8638.73903848102,118.883682250977,34.9,108.343853540013,68.2662379795384
TUR,2021,819865223976.115,22.2380503750009,9743.21277804855,125.763786315918,38.3,109.334768655068,68.1089016969559
TZA,2011,34657140096.4836,9.54869845954528,775.392761230469,,26.88,51.9636114247008,51.9194028890295
TZA,2012,39650394362.9287,9.43823326401605,861.969909667969,4.03181934356689,23.9,53.4818920749605,52.0201281031078
TZA,2013,45648857242.315,9.11089516632175,963.05712890625,3.75791764259338,26.35,55.1186814179273,52.1500522021607
TZA,2014,49986726460.6805,9.12010900018828,1022.74841308594,,25.6,56.8429803567397,52.2929296769969
TZA,2015,47413919817.124,7.85556496098664,939.127319335938,4.15589189529419,27,58.7276608715286,52.525953864521
TZA,2016,49774409374.4538,7.81371783783383,953.0107421875,3.94585990905762,26.35,60.7631666290359,52.8248609036268
TZA,2017,53274884532.7886,7.6655871547421,986.674011230469,,27.97,62.8278279521337,53.0736238495431
TZA,2018,57003712892.0858,8.07382315106412,1023.10626220703,,28.07,64.842114472793,53.2535161109898
TZA,2019,61026731925.9213,8.50181055578149,1063.32250976563,3.02422857284546,26.63,66.8038959132987,53.4064794475076
TZA,2020,66068737786.0639,8.03212809036323,1117.41528320313,7.50897979736328,25.57,68.8335944908557,53.6083841322846
TZA,2021,70655628147.8986,8.02487463288165,1159.85656738281,3.70787215232849,25.6,70.9306976744186,53.839348530772
UGA,2011,27871725241.4723,19.0863072206078,835.620060555838,4.35145998001099,26.37,166.340230400958,48.782405011779
UGA,2012,27305915910.7877,18.6700067419467,795.222867553127,3.72024011611938,25.6,171.241960901656,49.0159596213317
UGA,2013,28915786516.6123,16.5485616173407,818.285427416713,4.02473878860474,31.21,176.227019748654,49.2705614691801
UGA,2014,32612397257.4458,15.6338628298848,896.054795546394,4.57403993606567,31.14,181.505779972073,49.5886315846103
UGA,2015,32387183730.1002,17.6085476770624,862.934610355811,4.91559410095215,27.65,187.170586475165,49.9920100332933
UGA,2016,29203988696.2626,16.2297475967432,752.696571725656,4.75620269775391,27.14,193.49267903451,50.51846880571
UGA,2017,30744473841.424,15.5229960881974,765.218332297361,,26.97,200.365988430082,51.1141789506077
UGA,2018,32927025619.6795,15.7793556188555,792.16570022814,,25.32,207.290200478755,51.6624784910471
UGA,2019,35348155095.4215,15.4663074825279,822.057058189153,,25.6,214.440639337722,52.2003191305973
UGA,2020,37600368241.6657,15.7952567223933,845.766463890124,,20.54,221.709315778975,52.7143590674189
UGA,2021,40529788748.6737,16.4337491871358,882.791717542504,,20,228.959355675244,53.1816671977675
UKR,2011,169333835201.554,11.7655342734613,3656.69799804688,84.7981109619141,35.01,79.9348425740523,71.1659513650314
UKR,2012,182591753827.949,12.2296271115814,3951.34228515625,83.8798980712891,36.1,79.7660291376096,71.0053023956517
UKR,2013,190498811460.028,11.1405917419353,4129.89697265625,81.5320129394531,35.78,79.6222640336947,70.7630587483478
UKR,2014,133503871861.723,12.2281281606135,3054.908203125,83.7842178344727,36.26,79.3598715669181,70.3752093063791
UKR,2015,91030967789.0717,11.9027791187924,2094.47387695313,76.8646621704102,36.45,79.0362271055948,69.7670395494619
UKR,2016,93355869403.9223,12.2191260296634,2158.46118164063,77.0398406982422,35.72,78.7461064406429,69.2108781249868
UKR,2017,112090505081.739,11.980302070255,2604.28759765625,80.1990203857422,37.62,78.432661833247,68.6550169648912
UKR,2018,130891088293.55,11.5340215521043,3059.0517578125,81.4946670532227,38.52,78.0271090783569,68.2325299304405
UKR,2019,153883047509.577,10.7886004166753,3619.86157226563,84.4813613891602,37.4,77.5931273731446,67.9121159385835
UKR,2020,156617722013.342,10.1013826063601,3709.76928710938,82.1345977783203,36.32,77.1142802899551,67.6202746084606
UKR,2021,199765859570.935,10.2832971524252,4775.94580078125,75.9079437255859,35.6,76.4560579910252,67.4674594976279
URY,2011,50342406067.0777,12.7334043123017,15132.2675725587,52.5558204650879,34.18,19.0082561992915,63.713595351964
URY,2012,54232266358.7811,12.1731568219705,16259.5940814256,54.7069091796875,35.1,19.0572563135642,63.8868459894328
URY,2013,61337621933.7857,11.2662277882598,18335.2594772322,59.9512596130371,38.08,19.1140269683465,64.0250892510979
URY,2014,61496186973.902,12.143302174234,18322.4276767157,59.8266983032227,34.76,19.1768597874529,64.1471819927364
URY,2015,57680327998.6689,13.2426613311807,17125.9016800298,57.7897186279297,35.76,19.2436121586104,64.2445391457347
URY,2016,57480788390.2581,10.9867748741004,17009.7586944503,59.6462898254395,34.28,19.3079819449206,64.3219434418485
URY,2017,65006039994.56,10.2732539423836,19184.6626659717,59.7518882751465,34.53,19.3602902525426,64.4238089089735
URY,2018,65344576348.2279,11.0797000508605,19249.9401532664,60.2781295776367,34.2,19.3951205576506,64.5510989137242
URY,2019,62222325807.0578,10.5787097811515,18315.7352857194,61.9644317626953,34.32,19.4103873842989,64.6984116798351
URY,2020,53668636567.8667,9.67628636306538,15789.6857422214,64.933219909668,30.84,19.4204548051651,64.866512423771
URY,2021,60760798595.5436,10.2306420245784,17888.211510172,75.17138671875,32.2,19.4074677179751,65.0844077970509
USA,2011,15599732000000,11.9472438629074,50065.9789470675,,56.57,34.0624439459432,67.3349668036885
USA,2012,16253970000000,11.8575622570978,51784.4114692048,,57.7,34.3132448275033,67.1170061555629
USA,2013,16880683000000,11.7719128367022,53409.7507774372,88.7264175415039,60.31,34.5518131888554,66.8895911742848
USA,2014,17608138000000,11.6174420373125,55304.3155317137,88.6268692016602,60.09,34.8061342979769,66.6847279137693
USA,2015,18295019000000,11.6055807430427,57040.2082136605,88.8894119262695,60.1,35.0633286762825,66.4980809064681
USA,2016,18804913000000,11.1581029329942,58206.6141931844,88.8350524902344,61.4,35.3183471405052,66.3180403833652
USA,2017,19612102000000,11.1814907295506,60322.2614241747,88.1673889160156,61.4,35.5424948236771,66.1219291236341
USA,2018,20656516000000,11.2802494089516,63201.0458483771,88.2991790771484,59.81,35.7300964643583,65.9220436398193
USA,2019,21539982000000,10.9764075104612,65604.6815198734,87.8887100219727,61.73,35.8931756713915,65.718674264212
USA,2020,21354105000000,10.4829088833271,64411.3731779373,87.5676574707031,60.56,36.2426709389095,65.5352308319268
USA,2021,23681171000000,10.5447977298082,71318.3073592183,84.8550872802734,61.3,36.2997410198723,65.380112850592
UZB,2011,60178909297.208,10.2450890019411,2087.86386135694,8.51634120941162,,66.1372206631804,66.7288868092367
UZB,2012,67517349212.0609,10.5353690643513,2307.34649117185,7.84954023361206,23.9,67.1452569986232,67.0778725498475
UZB,2013,73180037914.9104,11.6145232608903,2461.97947403595,7.97676944732666,23.87,68.207469669955,67.2375935121929
UZB,2014,80845385809.4529,12.6883574975987,2674.9628382103,7.99231863021851,25.2,69.3523563008704,67.1905084451678
UZB,2015,86196264755.3105,12.8094689336525,2803.19018021751,8.05320835113525,25.89,69.7897094870631,66.9631109070887
UZB,2016,86138288644.171,13.6540206285506,2753.37951427589,8.33958339691162,,71.0059170523229,66.6394929921998
UZB,2017,69703222282.7278,14.0025699748323,2190.60411562888,8.64750289916992,,72.2198017195203,66.3032741811129
UZB,2018,58695899092.1083,16.1531607468822,1813.08530813664,9.95855522155762,,73.4780871882284,65.9153420605047
UZB,2019,67293639798.3996,17.547885761433,2041.38480729431,12.4469442367554,,74.8253929702307,65.4579393879532
UZB,2020,66443265418.3086,19.1278574156415,1978.28051860763,15.972095489502,24.54,76.2200658118688,64.9556790474422
UZB,2021,77340060003.0347,19.470717302152,2258.51964119278,21.5782890319824,27.4,77.7112512566577,64.4123354034613
VEN,2011,316482190800.364,11.6452400572826,10843.9229703167,,27.41,33.0879337906014,64.5669331537995
VEN,2012,381286237847.667,11.7676048954959,12901.4171582274,,25.4,33.5058398049997,64.7475547709533
VEN,2013,371005379786.566,11.5143021026778,12403.1466957582,,27.25,33.9121342327532,64.9271711828064
VEN,2014,482359318767.703,12.0733564315826,15943.6127197163,,25.66,34.2997324414716,65.1036592454194
VEN,2015,,,,,22.77,34.662402358143,65.2656383671706
VEN,2016,,,,,22.32,34.8797913950456,65.3559259241141
VEN,2017,,,,,,34.6525967915651,65.2043630423215
VEN,2018,,,,,,33.7935400487501,64.6872095538613
VEN,2019,,,,,,32.8077750694405,64.1174309382738
VEN,2020,,,,,,32.2476923076923,63.9037019217797
VEN,2021,,,,,,32.0138608922397,63.9917694088773
VNM,2011,172595049183.925,18.694145538196,1950.92504174913,26.6182117462158,36.71,282.390144405715,69.7206595346669
VNM,2012,195590661129.249,20.2740924828827,2185.11767654291,26.9095897674561,33.9,285.558644407367,69.9019824583313
VNM,2013,213708811665.34,20.6874536915425,2359.51736472828,26.9403114318848,34.82,289.364162813695,69.8981123579468
VNM,2014,233451469642.519,20.371229229791,2546.38464459903,32.8659934997559,34.89,292.559228518274,69.7479006720559
VNM,2015,239258328381.741,20.9600916821922,2577.56885340113,31.089204788208,38.35,296.1974772084,69.5564437980164
VNM,2016,257096001177.982,21.4882532002034,2735.0604380416,30.228063583374,35.37,299.948999160782,69.2591615032732
VNM,2017,281353605986.903,22.6271239749306,2956.10992127753,,38.34,303.688787280275,68.8126189382964
VNM,2018,310106478394.659,23.3671679233065,3222.31003125366,,37.94,307.046632570694,68.4353308489645
VNM,2019,334365270496.667,23.7867165015145,3440.90025375434,28.506929397583,38.84,310.034412897339,68.2102971289821
VNM,2020,346615738537.796,23.9472430412931,3534.03953482647,,37.12,312.923153250018,68.0438111484831
VNM,2021,366474752771.009,24.4593726835113,3704.1935590038,38.8732376098633,37,315.653937574379,67.91665042917
YEM,2011,32726417878.391,,1186.47500581215,9.31793022155762,20.72,52.2433035967953,54.1963820153412
YEM,2012,35401331609.5916,,1245.05068272078,,19.2,53.8546640907627,54.5883604978925
YEM,2013,40415233436.1767,,1378.75002954928,,19.32,55.5201090971078,54.9181177658258
YEM,2014,43228585321.3272,,1430.16420964026,,19.53,57.2500501922458,55.209704896486
YEM,2015,42444489522.2303,,1362.17379435676,,20.8,59.0173286360967,55.4607009337381
YEM,2016,31317824943.2073,,975.359406696353,,14.55,60.8159743924844,55.6585160987523
YEM,2017,26842228828.5629,,811.165963877611,,15.64,62.6757599863629,55.8147526958414
YEM,2018,21606160783.9845,,633.887206000087,,15.04,64.5589370608179,55.9318885256356
YEM,2019,,,623.376164898164,,14.49,66.5026573479554,56.0378603449605
YEM,2020,,,559.564672794182,,13.56,68.4411292308275,56.1012870575808
YEM,2021,,,522.173512705812,,15.4,70.3453415913783,56.126745093841
ZAF,2011,458199494830.834,12.861770015896,8646.05571071635,17.613130569458,35.22,43.6861279872062,65.6335917560843
ZAF,2012,434400545085.811,12.4825918463265,8076.97678479741,17.2647495269775,37.4,44.3351828800831,65.8477380397977
ZAF,2013,400886013595.573,12.3667757766351,7331.65467384919,18.0946197509766,37.6,45.0739771987239,66.0240186544723
ZAF,2014,381198869776.106,12.4807113856549,6856.73137092522,18.138879776001,38.25,45.8291124318888,66.1642537193448
ZAF,2015,346709790458.563,12.5179444713924,6112.27382485974,18.8556098937988,37.45,46.7595454582925,66.3218759288748
ZAF,2016,323585509674.481,12.4836443520042,5651.20585165749,18.9649791717529,35.85,47.2014038529705,66.199319306573
ZAF,2017,381448814653.456,12.5127045016941,6618.33508255701,21.4171295166016,35.8,47.5110354549127,66.1083636756326
ZAF,2018,405260723892.517,12.4570332833175,6914.1780318076,23.3899803161621,35.13,48.3171083761304,66.3669410679632
ZAF,2019,389330032224.269,12.4008912661528,6533.71121032856,24.0192794799805,34.04,49.1207453692636,66.6247646931523
ZAF,2020,337974655408.055,11.725046778088,5580.60383075189,25.1296806335449,32.67,49.9240625180325,66.8913586802342
ZAF,2021,420886877628.703,12.0600788895343,6843.39941886204,25.3566093444824,32.7,50.6991261983859,67.1518228261005
ZMB,2011,23459515275.5776,7.51615952950012,1624.86817763443,4.01371002197266,25.27,19.4215633785765,52.0985942763907
ZMB,2012,25503060420.026,7.07581325081866,1710.05061343728,3.97994995117188,26.4,20.0616486635548,52.2881251773126
ZMB,2013,28037239462.7142,6.02373452894648,1820.71854827391,,26.79,20.7145603249976,52.5167743067941
ZMB,2014,27141023558.0829,6.81998335857482,1707.48573136694,,25.76,21.3822018052435,52.7905958453796
ZMB,2015,21251216798.7762,7.52231130815079,1295.87788680068,,24.64,22.0598730141648,53.0836302273751
ZMB,2016,20958412538.3093,7.68612523021962,1239.08527877713,,19.92,22.7530946071376,53.3980822165793
ZMB,2017,25873601260.8353,8.12723823562854,1483.46577328065,,20.83,23.4618706197285,53.7380099022898
ZMB,2018,26311507273.6735,6.84776647956377,1463.89997855593,,20.66,24.1778460834824,54.0877190278681
ZMB,2019,23308667781.2258,6.78893009670748,1258.98619844462,,20.36,24.9046113076582,54.4562325929206
ZMB,2020,18137764930.651,7.70383075007966,951.644316655957,,19.39,25.6384872005273,54.8573210219947
ZMB,2021,22096416932.0089,8.66831474510408,1127.16077872857,,19.8,26.3705551594721,55.2798254096854
XKX,2019,7899737577.47286,12.8626966576212,4415.99716107514,,,,68.3125247145083
IMN,2016,6846377563.00683,2.41021878808676,82025.9454509241,,,146.431578947368,63.355138619318
FRO,2013,2690110520.92548,4.91908528311877,55758.2083680611,,,34.5601719197708,62.7450574260297
PRK,2019,,,,,,216.241441740719,69.9565715124061
GIB,2014,,,,,,3281.3,64.8386310303843
MAF,2019,652206037.103874,,19033.0649634889,,,685.34,63.6525469481855
MCO,2013,6555591709.88585,,184940.663804718,,,17487.4198322644,55.6521003187858
WSM,2012,773141661.165548,8.13921455071746,3934.60320799981,,,69.4339222614841,56.8229702083482
NRU,2018,130937589.753517,,11408.6947593898,,,573.85,60.4530603354389
GNB,2016,1245074264.10396,8.65569406834563,679.665386626818,,,65.1455547652916,55.1710293202088
SUR,2017,3591679430.99988,23.6101426534913,6049.52128553675,,,3.69897103321145,65.7094421041816
TCA,2021,1045782453.5755,,23114.7902123091,,,47.6242105263158,73.1464188225933
COM,2017,1077439756.59451,,1423.9248027797,,,406.592692101021,56.3103838597961
VIR,2012,4089000000,,37795.3192590675,,,309.108571428571,64.6158123837466
FRO,2018,3188600927.46688,5.61664382064883,62524.0387361638,,,36.5315186246418,61.6530156366344
PYF,2016,5497036476.8031,5.16926586772592,19690.0775734589,,,80.431575914722,68.7225868846881
NRU,2013,94385014.9425842,,8974.51886874433,,,525.85,60.6779499857374
LBY,2016,49912073701.298,3.65524337067447,7525.80299308216,,,3.76923855098492,64.5940807362587
TCD,2016,10097778098.1707,2.95510632352941,668.078636142918,,,12.0033791296061,49.4357231441935
MCO,2018,7184333936.01355,,188298.315668437,,,18822.8909718796,51.4670615523726
GIB,2015,,,,,,3319.3,64.520599533027
NCL,2016,8724568954.89799,5.909088976023,30782.8544433514,,,15.5045404814004,67.1305786756897
ASM,2019,647000000,,12886.1359517218,,,251.045,63.6389890258719
KNA,2015,957222222.222222,6.54942928999807,20328.8003530109,92.1944808959961,,181.103846153846,71.749402707725
CUB,2014,80656100000,15.0875135296648,7146.70459051328,40.5119895935059,,108.496202653336,69.177554524277
TKM,2014,43524210526.3158,,7164.14536184006,7.81461000442505,,12.9280594982231,66.8288374385193
GUM,2017,6013000000,,36779.0078903909,,,302.759259259259,64.7819438497768
GRD,2019,1213485185.18519,3.37198335983592,10462.7929159533,,,341.120588235294,68.032832822476
MAC,2015,45048190598.3249,0.570740711910772,70070.2918001631,76.1658401489258,,21148.0263157895,78.3187796438003
TLS,2018,1555988600,1.69204324504691,1219.46598597604,,,85.8075991930061,57.2835020561005
GRL,2013,2684946990.12448,5.0691335919626,47535.4883792376,,,0.137612376659764,71.1376143542194
ATG,2016,1489692592.59259,2.87556219652576,16557.843174789,,,204.475,70.9122030921762
SMR,2011,1813717438.69134,,55601.3929703047,64.2955780029297,,543.666666666667,67.3163604712612
DJI,2011,1239144501.77525,,1306.34552844977,5.21012020111084,,40.9213977566868,60.3106822728195
HTI,2012,13708925477.1304,16.126593068017,1361.39396587374,,,365.376306240929,60.5644835699086
PLW,2011,198873900,0.849734429706462,11000.879522071,,,39.3,73.0327755497165
SLB,2012,1185215418.25562,9.26871236019501,2066.25352289833,,,20.4932475884244,55.8966817844637
PNG,2017,22742699138.356,1.94533670409889,2477.76530986323,,,20.268325751888,61.4449257270681
STP,2012,229371348.202606,,1210.79264672325,7.83611011505127,,197.332291666667,54.4449664535814
VGB,2015,,,,43.1178283691406,,229.986666666667,73.7531705196029
AFG,2013,20146416757.5987,11.4998672561905,637.087099117099,,,48.4839765113534,50.4888449766978
COD,2012,29306235285.2597,15.3613486806409,400.059901824342,7.80960988998413,,32.3127491674202,50.9083464819355
TCA,2020,774653669.315186,,17452.6578046047,,,46.7221052631579,73.24689369276
GRL,2018,3055782146.15957,5.12746098952638,54545.135857765,,,0.136491655500061,70.8561085004503
TLS,2013,1395727400,0.723328925118186,1204.56841532931,,,77.9216543375925,54.5890419825752
VGB,2014,,,,,,219.746666666667,73.5195073114495
CUB,2015,87132800000,14.9087370083367,7727.91997207998,36.2177200317383,,108.309942363112,69.1005980497939
KNA,2014,952111111.111111,6.86700120589723,20219.3954237956,89.6923522949219,,181.111538461538,71.3701713776041
VCT,2016,814303703.703704,4.99131273253222,7656.90042881178,23.7400379180908,,272.689743589744,66.8946905692135
TKM,2015,35799714285.7143,,5759.497903834,,,13.2270125337816,66.7187894661482
LCA,2011,1568370370.37037,2.92046474283285,9128.99442011613,16.3322505950928,,281.640983606557,69.0019266476912
MNP,2017,1560000000,,31225.6049960968,,,108.60652173913,70.1382147182161
MAC,2014,54902831793.5018,0.415492251137929,88310.8119567344,69.2981185913086,,20518.1518151815,79.0006291946309
AFG,2018,18053222687.4126,6.16017721650239,491.337221382603,9.96378993988037,,56.3344817012404,52.6732723441847
CAF,2019,2221301351.43918,17.7823211129395,449.228467602439,,,7.93717775851552,48.7913178211798
CYM,2016,4909322237.28895,0.859683817412274,77802.2541567187,31.5861320495605,,262.916666666667,76.175307644155
BHS,2020,9958200000,2.05659657367797,25155.6725432789,,,39.5467532467532,69.5367709747703
TLS,2015,1590282400,0.973751580222481,1319.59297370991,,,81.0444519166106,55.6162128365245
MAC,2018,55190661339.7796,0.539585704121187,83761.8171798142,76.7935028076172,,20027.3556231003,76.217568445532
AFG,2014,20497128555.6972,11.477587555803,625.054941813938,8.31087017059326,,50.2775447311531,50.9303980666568
KIR,2021,289339292.157301,5.45717497464774,2253.82500103057,,,158.49012345679,60.8765588851586
KNA,2018,1076548148.14815,5.41270452887831,22901.3816403197,,,180.8,71.900826446281
GRL,2014,2842065708.35962,4.36398971851295,50485.2244135291,,,0.137154342794494,71.1836647499688
VGB,2018,,,,17.1175594329834,,231.046666666667,74.1047984534149
SSD,2019,,,,,,16.4945231275616,53.8126725447321
CUB,2013,77148000000,15.7333955514077,6828.36428245396,47.9959983825684,,108.40689886778,69.2751590025551
CHI,2021,11157002972.5829,0.905889700131793,66912.1750054447,,,842.126262626263,66.1007190792906
GNQ,2019,11364133549.7478,20.8538394751509,6804.14923073888,5.37322235107422,,59.5428520499109,58.5734625731285
TKM,2013,39197543859.6491,,6599.64529055481,,,12.6387781158896,66.821369576187
MAC,2013,51536595089.2793,0.396853346416055,87069.767003344,61.8619194030762,,19534.6534653465,79.6751694800607
GRL,2015,2499113022.81675,4.05976043488087,44536.3549705377,,,0.136713363381654,71.1733100087467
KNA,2013,874548148.148148,7.14273614310882,18580.1301949935,,,181.034615384615,70.8884828655803
CUW,2021,2739608156.42458,2.62852421441551,17980.0888397547,15.7453107833862,,343.173423423423,68.7172347549706
VGB,2013,,,,,,211.353333333333,73.2663586039396
AFG,2015,19134221644.7325,11.4200060049012,565.569730408751,,,51.8709105683578,51.3839679093288
ABW,2019,3395798882.68156,2.56243337150077,31096.2050738676,,,606.683333333333,67.5216668534499
TLS,2014,1447535200,0.776623601277537,1224.74957758801,,,79.4823806321453,55.0785237542659
TKM,2018,40765428571.4286,,6125.05169712085,,,14.1627987147022,65.8261242841285
CUB,2018,100050036096.123,12.8129080210264,8911.46205964193,41.5943794250488,,108.16105973025,68.8443538601961
SXM,2021,1353071061.45251,1.17053397088981,32548.4366854902,,,1222.67647058824,71.0579490510211
NRU,2015,84383388.6448573,,7703.43149943923,,,547.7,60.2610918385978
SXM,2020,1236428100.55866,1.24175500494464,30150.8998380477,,,1206.11764705882,71.2357495580077
TUV,2017,45276595.3533146,,4165.66338700106,,,362.3,62.9680743398657
SOM,2017,7621501720.00021,,510.939952988052,,,23.7775831287659,50.1241919295508
CUW,2020,2534327597.76536,2.76459871987219,16356.0933594414,14.8785667419434,,348.97972972973,68.7533104887092
MCO,2014,7070017323.65476,,195693.570738894,,,17823.3843117908,54.5795504871568
FRO,2014,2914012679.27277,6.07100056252599,60172.0632541664,,,34.6905444126075,62.2946762767965
GIB,2013,,,,,,3240.7,65.1793566304096
BMU,2012,6378188000,0.597959796732238,100213.493385287,38.2749290466309,,1178.62962962963,69.0954655437891
SLE,2011,4587078913.13315,1.44605730902785,718.161680687537,,,88.4905929620393,53.7116985069163
MCO,2015,6264756528.37691,,170437.101188261,,,18133.6951159349,53.6115569823435
CHI,2020,9439810775.67214,0.810238406945744,56785.9402392525,,,839.570707070707,66.1901338763381
ERI,2017,,,,,,26.0206072238481,54.0862800193122
VUT,2016,780889605.899977,2.50864745534608,2869.9996909076,,,22.3205086136177,57.5021178926555
FRO,2015,2573905971.05459,6.38390021366287,52635.0375463609,,,35.0293696275072,62.0419892214711
PSE,2019,17133500000,11.2347156156069,3656.85827137011,45.3549118041992,,778.290033222591,56.9725227158673
NRU,2014,98752257.0453222,,9193.09784447237,,,537.1,60.4561321852455
KIR,2020,223123620.597516,5.40398933998552,1769.43211760217,,,155.677777777778,60.8898563826834
BHS,2021,11368900000,1.76798107116783,28682.3270000732,,,39.5977022977023,69.7697623198351
GIB,2018,,,,,,3485.4,64.3039536351638
NRU,2019,124871111.377973,,10776.8284610316,,,579.35,60.365064296194
NCL,2012,9659151917.40484,5.49386610429072,35559.5672006157,,,14.8595733041575,66.7963759926077
PSE,2014,13989700000,10.7507666354532,3352.11259506043,45.4314804077148,,693.255481727575,56.4627356961458
MAF,2018,,,,,,720.24,66.0446517827391
AND,2021,3324647529.381,4.06372177575712,42425.6996756291,15.204270362854,,166.731914893617,72.3614948285873
XKX,2018,7878759714.82322,13.1274862209082,4384.18624084947,,,,68.0809858457772
PRK,2018,,,,27.2090396881104,,215.357088281704,69.9359100865089
DMA,2021,555266666.666667,2.49796560878323,8262.65091316727,,,89.6026666666667,69.0634207315259
PYF,2012,5692858099.00217,4.91853504931395,20846.5457478364,,,78.675885911841,68.1242184167114
ASM,2013,638000000,,11813.5022034589,,,270.03,62.6652594156205
LBY,2012,92540938129.1315,2.31116044510223,14975.8902795144,,,3.51189970105823,64.1079955707154
TCD,2012,12367362757.1342,2.05883992187659,936.141444963822,,,10.4915803684879,49.159389775095
MCO,2019,7383496254.23721,,193746.785647412,,,18800.6906758757,51.1677031672308
MAF,2013,,,,,,748.38,66.48449296471
FRO,2019,3266432734.22819,6.66825795375781,63064.6343127366,,,37.102435530086,61.637876990442
PRK,2013,,,,,,210.360028236857,69.0051598630156
XKX,2013,6735328609.6594,13.5121699782227,3704.55872781672,,,,66.3036473807856
TON,2020,496856295.76752,5.48131517816153,4700.44932800575,21.278299331665,,146.811111111111,57.8925957986254
VIR,2016,3798000000,,35324.9748874586,,,307.188571428571,62.9562211745938
PSE,2015,13972400000,9.32123328848301,3272.15432360708,46.5837516784668,,709.317607973422,56.6701131134906
PRI,2020,103130900000,47.7694851882413,31427.4291136799,,,369.961330326945,64.1679678735456
MHL,2020,241800000,3.2258064516129,5661.96787336674,,,237.255555555556,61.7458700666175
IMN,2012,6690228371.66909,3.59071492946426,79329.2034347434,,,147.956140350877,64.9123431098779
WSM,2016,843924796.697421,6.25592619459729,4147.07097674888,,,71.9077738515901,57.0160049926535
ASM,2018,639000000,,12552.0546868861,,,254.54,63.509040729937
GNB,2012,1049412177.11413,8.89294919275182,635.461653303881,,,58.7274893314367,54.3539743002447
VCT,2012,730032592.592593,4.1822942456146,6713.80768643865,19.577205657959,,278.810256410256,66.2249219436155
CAF,2015,1695825714.19282,19.744921164342,366.322853938121,,,7.430928761758,49.0395620696385
TLS,2019,2032550400,1.82893373763327,1562.36458881813,,,87.4878950907868,57.8625759976694
ABW,2014,2790849720.67039,3.43935218464331,26129.8390617693,17.7213401794434,,593.372222222222,69.6785895668577
GRD,2018,1166514814.81481,3.11659612838496,10083.021279225,96.8923263549805,,340.267647058824,67.9612070083239
TUV,2011,39196957.4908996,1.02631578947368,3636.08139989792,,,359.333333333333,62.0436940488891
SOM,2011,2906000096.93249,,235.325945610434,,,19.6844294959671,49.3125624046975
MHL,2021,258900000,2.29385863267671,6258.61193705127,,,229.816666666667,61.7049822322141
PRI,2021,106426600000,47.5181016775881,32619.250416757,,,367.834611048478,63.9680192794194
COD,2016,37134801555.3322,18.2643923623571,442.310472110228,6.07901000976562,,37.0333318629938,50.9689468041245
TON,2021,518228012.09129,5.69972032486163,4912.57950603175,,,146.513888888889,57.926618289024
SSD,2015,11997800760.2242,3.53427701123526,1080.14718624765,,,17.5772015887836,54.3829174387196
GNQ,2015,13185496881.0174,17.8446575040216,9068.91003238645,,,51.8332620320856,58.4095581402867
GRL,2019,2997309971.87623,3.32159436529534,53309.2035905065,,,0.136983798270191,70.5896512374296
SLB,2016,1379490304.2254,7.85633504797344,2082.62989047871,,,23.6648445873526,56.7506342672656
SLE,2017,5818480351.63706,1.26205795966583,788.486867334833,,,102.234677195899,55.8435428622692
ERI,2011,2065001626.01626,,688.68165957684,,,24.7626561652109,53.9711887836691
SSD,2014,13962212847.4576,2.67583561781046,1242.73450181032,,,17.7789834317092,54.9772865284136
HTI,2016,14069277526.2278,16.3668351199332,1318.40268167953,,,387.208164005806,61.8858886841787
STP,2016,292267272.196925,,1434.87018050521,17.6945915222168,,212.176041666667,54.6984734042423
GNQ,2014,21765453081.9826,20.1256330691071,15548.6624656619,,,49.9047415329768,58.4350928953746
GRD,2013,842618518.518518,3.38055532357246,7424.80212287327,,,333.785294117647,67.1032805519575
DMA,2020,504214814.814815,2.886776653102,7461.77933220095,,,90.0973333333333,68.9683749426546
CAF,2014,1894813389.40325,17.4432276090289,409.8504859647,,,7.42107611801342,49.6389607850178
AND,2020,2891001149.3611,3.73356933178986,37361.0900666982,15.0982704162598,,164.63829787234,72.3830447143965
AFG,2019,18799444490.1128,7.04318108092508,496.6025042585,,,58.0410606687825,53.0470145105464
ABW,2015,2962907262.56983,3.58527899141791,27458.2253310273,16.781810760498,,599.477777777778,69.3250915443276
ATG,2012,1327107407.40741,2.59628989810755,15208.6569723517,24.93044090271,,198.318181818182,69.8922759569104
KNA,2019,1107855555.55556,5.47671343703719,23595.4923231291,,,180.584615384615,71.7272078634335
GRD,2015,997007407.407407,3.41912092484175,8694.12438005692,92.880126953125,,337.282352941176,67.5673201018522
MAC,2019,55082293844.1008,0.536509650425159,81967.699172769,80.0911178588867,,20425.5319148936,75.2676705803802
CAF,2018,2220979146.11241,18.1315380967628,455.243962859534,,,7.83116151401329,48.7904355645416
GNQ,2018,13097012133.6159,25.5701377749619,8102.47084834031,6.16062211990356,,57.6264527629233,58.4494643106812
LBR,2021,3513049500,,667.96610514319,,,54.60260589701,55.8111091484588
SUR,2011,4422276621.78703,20.8137282037088,7949.88867218383,,,3.46568614410245,64.0511731295229
COG,2021,14825690210.9157,,2516.16255145432,,,17.2538301610542,55.658794032704
MDV,2021,5252457369.55218,2.13594481677699,10176.143882547,24.8425178527832,,1720.51333333333,75.3045363443239
COM,2011,1023086273.53336,,1531.43789372951,8.7821798324585,,358.976894142934,54.7959302812938
LIE,2020,6405870210.32293,34.3376398796162,164671.093553454,42.5986099243164,,243.13125,66.7694172878995
SSD,2018,,,,1.0021733045578,,16.0191429430475,52.5289151600364
VGB,2019,,,,26.0911293029785,,242.633333333333,74.4343238676174
ABW,2013,2727849720.67039,3.26264307471188,25813.5767274227,16.9757099151611,,587.083333333333,69.911025522268
CAF,2013,1691544110.18543,21.0613882528401,364.36696260838,,,7.45195511894443,50.5153670963349
FSM,2020,372000000,0.495134408602151,3353.8894298388,,,158.451428571429,62.1990416213999
CUB,2019,103427600000,12.4792608549362,9232.26115935183,43.9937782287598,,107.927225433526,68.6787371406008
TKM,2019,45232857142.8571,,6648.0348960628,12.9755001068115,,14.4786329878918,65.4019223701781
GRD,2014,911496296.296296,3.42091148457563,7986.33421210788,,,335.682352941176,67.3175240840609
CYM,2012,4291004524.0181,0.782351407346024,75101.59136128,35.3608589172363,,238.066666666667,76.2485670030016
GNQ,2013,21948834283.7856,19.2857889394799,16304.0713196418,,,47.9935115864528,58.4466260293652
ABW,2018,3276184357.5419,3.22501820314885,30082.1276448186,,,605.044444444444,67.9734478352375
SSD,2013,18426469016.9492,4.01725107910169,1650.18943353528,,,17.6701137784248,55.5725452054268
PRK,2015,,,,28.0235691070557,,212.402209118844,69.2374943060408
XKX,2015,6295848422.71573,13.2641680043945,3520.62850699375,,,,66.528538183944
ASM,2014,643000000,,12026.3344929488,,,267.33,62.8595743089066
GUM,2011,4984000000,,29926.2052442913,,,308.412962962963,65.7454831484962
MAF,2015,,,,,,747.38,66.4815756375605
DJI,2017,2762581334.22612,3.10152709601158,2618.95521147369,,,45.5065142364107,62.9089421576058
SMR,2017,1528620346.31168,28.6522282481226,45192.0279766943,,,563.75,66.6516376752574
FSM,2021,390000000,0.50925641025641,3493.87228552999,,,159.462857142857,62.2228990947328
BMU,2016,6899911000,0.431063531109314,108747.356144305,,,1174.98148148148,68.2931826599526
PLW,2017,285600000,0.980392156862745,16034.1342914889,,,38.7217391304348,71.8560520997081
PNG,2011,17985138065.8549,2.50886288226044,2288.37591141234,,,17.3549132182131,60.0261586651103
PSE,2013,13515500000,11.898930857164,3315.29753909282,45.9454002380371,,677.194019933555,56.1995735831012
VUT,2012,747839697.746593,3.75876901758134,3004.78416664293,,,20.4169811320755,58.418697904843
LIE,2021,7710380085.92257,35.2436099402506,196783.729414593,46.0189590454102,,244.8875,66.426339514394
MDV,2020,3712604583.36665,2.68596817634496,7393.8886543933,28.3089008331299,,1673.72666666667,74.8871033431351
COG,2020,11468687464.0046,12.8531970155196,1993.586671931,,,16.845654465593,55.4746344404511
LBR,2020,3176126300,,616.787867006715,,,53.462032807309,55.4018879830879
XKX,2014,7074394734.88431,13.471064835463,3902.49424360946,,,,66.4676595463577
PRK,2014,,,,,,211.371663483099,69.1474939267745
GIB,2019,,,,,,3549.4,64.3911647038936
ASM,2015,673000000,,12727.4102651386,,,264.39,63.0186466961685
LCA,2017,1998518518.51852,3.00222386953299,11333.1963940441,20.7909393310547,,289.085245901639,71.9145183790589
MAF,2014,772921958.529509,,20638.7705882379,,,749,66.4690725090453
MNP,2011,729000000,,13598.7166094613,,,116.539130434783,70.4347258363879
PSE,2018,16276600000,11.5472518830714,3562.33094270256,46.4495697021484,,758.984551495017,56.9225409060852
GIB,2016,,,,,,3365.8,64.335903263663
IMN,2014,7708454412.32126,2.65466493932643,91885.4528718026,,,147.178947368421,64.0331376463927
NCL,2015,8738203074.3957,5.86483397920032,30858.7237060533,,,15.490590809628,67.0022742682789
PRI,2011,100351700000,46.5961214408924,27278.8830499205,90.8068695068359,,414.738669673055,64.7670419224097
MHL,2011,172300000,4.29930354033662,3319.39815439151,,,288.372222222222,58.1958291191061
TUV,2021,60196405.7138393,,5905.08198095343,,,339.8,62.5938097807426
SOM,2021,9483997404.25227,,549.114743546859,,,27.5312127395033,50.5124604176556
GNB,2014,1135250721.0374,9.34358994488158,652.022501029449,,,61.9175675675676,54.7248973004484
TON,2011,414143823.181648,5.83529971126221,3849.99370811237,,,149.402777777778,56.7605129706841
PYF,2015,5325846361.81186,5.09730941390893,19166.9594761931,,,80.0535868625756,68.5378923653847
VUT,2018,914736985.430944,2.77656491882666,3206.68930842127,,,23.4010664479081,57.114161365919
TCD,2015,10950392256.9543,2.77829008341057,747.588448455507,3.33451008796692,,11.6324817344346,49.4139321327334
LBY,2015,48717501321.3052,4.14078951865904,7458.48917756374,,,3.71223103765757,64.4962096702152
ERI,2021,,,,,,27.678123387605,56.1255310530798
PYF,2014,6151996560.84289,4.68060926639389,22258.6321384251,,,79.6274848746759,68.3735697164307
BMU,2019,7423465000,0.516039342813632,115798.040775578,,,1187.16666666667,67.1486733118068
LBY,2014,57372355592.022,4.56529868891668,8926.42074591474,,,3.65280243700058,64.4401576630384
TCD,2014,13940767218.5849,2.68799114850372,982.527563074226,3.49959993362427,,11.2680098475222,49.4190350426222
IMN,2015,7084800892.22284,2.67986624173742,84753.5187422732,,,146.654385964912,63.6560477551948
VUT,2013,758304466.245339,3.41460692964347,2979.79608084399,,,20.8762920426579,58.2249432179879
PSE,2012,12208400000,13.1106451295829,3067.43872735614,47.8747100830078,,661.129235880399,55.9078412445292
NCL,2014,10635035594.7528,5.62837268459151,37816.9558599295,,,15.3842450765864,66.9189562075851
BHS,2017,12236700000,2.64940711139441,31337.1832464755,,,39.0094905094905,68.9149391141785
GNB,2015,1152384166.79638,8.85890712355589,645.066837207039,,,63.5297652916074,54.9366021506821
CUB,2016,91370407863.7,13.8502063150225,8110.55873961397,34.4567909240723,,108.2815455594,69.0352774443146
VCT,2015,786555555.555555,4.79493337100344,7353.73556054184,23.5599308013916,,274.25641025641,66.7740276738968
CAF,2012,2510126512.22831,23.6514687946965,544.395849142785,2.72516989707947,,7.40127772962214,51.1986515278751
TKM,2016,36169428571.4286,,5686.98040962764,,,13.5340178324431,66.5059234681034
ATG,2014,1378829629.62963,2.76939111001279,15533.4831254394,,,201.738636363636,70.4962541542275
AND,2011,3629133574.27783,3.66060401500449,46657.1561173756,,,165.495744680851,71.8145353097721
KIR,2017,222875724.653979,5.17779971406693,1853.0511299437,,,148.487654320988,61.2079035872109
SSD,2012,11931472169.4915,2.71597155176802,1109.26050083408,,,17.0212523539,55.5263038013283
DMA,2011,501025925.925926,2.6567709218862,7255.67210585964,,,92.0706666666667,65.9908621576025
GNQ,2012,22388344143.9131,17.0897521554373,17308.5723924575,,,46.1134759358289,58.4263573622537
CYM,2013,4405796023.18409,0.793861988156281,75113.7332398618,33.7650871276855,,244.395833333333,76.2100417696701
CHI,2017,9170079925.78986,0.797519378082892,55806.5709126142,,,829.893939393939,66.7014566134877
ERI,2020,,,,,,27.1914115855899,55.5062854906639
VGB,2016,,,,42.3565292358398,,225.853333333333,73.727787944979
KNA,2016,1006818518.51852,5.72871641878892,21387.5415511103,,,181.057692307692,71.9476574366164
TUV,2020,51746594.3148543,,4976.11254109571,,,346.633333333333,62.6087792682341
SOM,2020,8628393719.99922,,518.184778494176,,,26.5425303663085,50.4301809531276
ABW,2012,2615208379.88827,1.99163765537339,25119.6655449838,38.0075416564941,,578.388888888889,69.9961184511146
CUW,2017,3033433240.22346,8.78261387590483,18938.2440469703,16.5101642608643,,360.754504504504,67.0164850815353
VCT,2014,770900000,4.68524043566202,7168.82875342911,23.8400192260742,,275.730769230769,66.6299344399498
MAC,2016,45070808688.9611,0.595264525009435,69074.0363049212,79.9250030517578,,21393.4426229508,77.6817068585387
SXM,2017,1353212122.90503,2.21094051533993,34701.3058494468,4.19528007507324,,1146.94117647059,72.1154462579975
ATG,2015,1437755555.55556,2.80117673122202,16080.6580495873,,,203.202272727273,70.7305752217338
CYM,2018,5530178440.71376,0.891116944050507,83865.5531568184,33.2294616699219,,274.754166666667,76.1064899416899
CYM,2014,4562853611.41445,0.826451910375307,75845.3060407986,33.4268074035645,,250.666666666667,76.1911885705737
GRD,2012,799881481.481481,3.24677730034079,7092.71985352677,,,331.691176470588,66.8972152392606
GUM,2021,6234000000,,38074.8793745801,,,303.203703703704,62.8904293654187
AFG,2016,18116572395.0772,4.1141966128347,522.082215583898,,,53.2030296061205,51.843053949596
VCT,2018,884329629.62963,4.8783552303691,8428.12677153069,26.3018646240234,,269.041025641026,67.0324800335475
PNG,2021,26109413522.3081,1.70169799160739,2607.57861884395,,,22.1103564015369,62.4217908585089
SLB,2019,1619155017.3924,10.3513676892852,2223.66502559565,,,26.014540907467,57.5433257295574
ATG,2013,1325425925.92593,2.73371243345954,15050.7122765935,,,200.145454545455,70.2382912524343
GRL,2016,2707139544.46695,4.57426318475392,48181.7453541266,,,0.136888780606651,71.1216353614812
HTI,2019,15016090929.5125,16.7496682778704,1352.17204191532,,,402.944956458636,62.6972382125323
FSM,2011,311301600,0.429230045717722,2890.50493045368,,,153.854285714286,61.2727255845048
STP,2019,412976082.620705,,1935.2931816596,10.2885818481445,,222.283333333333,55.7042906950589
COM,2020,1225039196.61091,,1527.16991011916,,,431.038688876948,57.2645102899845
LIE,2011,5739706004.89616,,158066.369379163,43.6750984191895,,226.95,69.8975723403962
COD,2019,51775829877.2088,19.4779194527889,557.044161335917,,,40.9992907081891,50.9289970562073
SUR,2020,2911807496.20227,23.1087156696286,4755.39221710693,,,3.81487831013121,66.1833381919318
VCT,2013,764781259.259259,4.29264838447634,7072.46737188939,19.5344543457031,,277.269230769231,66.4485760920327
CYM,2015,4708167232.66893,0.831096148116317,76379.2095108681,30.6787090301514,,256.841666666667,76.1787727622987
ATG,2018,1661529629.62963,3.00838361795133,18273.4270684912,,,206.65,71.0825286496711
TLS,2016,1640464600,1.10067599142341,1335.54390089814,,,82.6033624747814,56.1642140450529
MNP,2021,914000000,,19455.50139424,,,102.128260869565,69.8461014495839
MNP,2020,866000000,,18220.8382427201,,,103.321739130435,70.3122369971385
PRK,2012,,,,,,209.382343659165,68.8632468984276
XKX,2012,6163484244.63408,13.2527973178101,3410.65550749316,,,,65.9328204537755
NCL,2018,9896402283.68587,,34902.8968780031,,,15.5109956236324,67.3595705735679
WSM,2019,912950466.064906,4.54011164773459,4351.94234943706,13.1230764389038,,75.4604316546763,56.371809447539
MAF,2012,,,,,,745.52,66.6979651513729
TCA,2017,1028941663.2,,25779.6122366146,11.8446598052979,,42.0136842105263,73.2439711869715
MDV,2011,2774350240.04918,2.58052904651449,7424.520410971,,,1245.58,70.7806804861992
MCO,2016,6471290793.55029,,173604.753555915,53.3591690063477,,18389.7385298471,52.8047537289409
SUR,2021,3107923197.96954,21.7146766214212,5029.84838543953,8.80173969268799,,3.84963678669192,66.2930331317892
LBY,2018,76686029772.1483,,11196.5854810844,,,3.89252588744786,65.1208644930479
COG,2011,15655383576.6515,5.24200489645789,3396.16505817952,7.91929006576538,,13.4984597364568,56.6438901765051
TCD,2018,11239167898.3395,2.87390376942491,695.642393675941,,,12.830790184244,49.7052074391838
GNB,2013,1109682824.13594,8.72465651267683,654.304534409417,,,60.3119843527738,54.5348304483621
LBR,2011,2398000000,2.27703502919099,568.087865520004,,,43.8245224252492,54.0719374932853
VUT,2015,730870802.967051,2.8346535772123,2746.59171880997,,,21.829450369155,57.7367240258398
IMN,2013,7001175622.71266,3.19856805330679,83207.6588430451,,,147.615789473684,64.4224312616248
PYF,2018,6135116253.33452,4.91407149793365,21925.616043938,,,80.6150965139729,69.1114323545336
FRO,2016,2813278868.78208,5.31835126886399,56875.2803813296,,,35.432664756447,61.9284163763946
VIR,2019,4121000000,,38633.5298915336,,,304.768571428571,62.5404906430949
COM,2021,1296089479.91978,,1584.12450153608,,,439.642127888232,57.5402924437269
VUT,2014,772315983.81843,3.49606509270375,2967.70667006774,,,21.3486464315012,57.9833192117261
PNG,2020,23848447849.7467,1.68522515764577,2429.61134586681,,,21.6750121450338,62.1903603755823
NCL,2013,10151382933.1594,5.94504574039803,36671.1566752621,,,15.1434354485777,66.8687821054685
ASM,2012,640000000,,11745.4899153958,,,272.445,62.3676338343519
NRU,2016,97276023.0784346,,8724.30700255019,,,557.5,60.1793721973094
GNB,2018,1554133593.91699,11.2138251559825,808.531613218504,,,68.3559032716927,55.7568994377441
TCD,2013,12953534866.4286,2.72024287928905,946.129583097771,,,10.8728391041931,49.2853284505433
LBY,2013,75351107029.0605,2.96399418096206,11951.7134126011,,,3.58311149504984,64.3027737478901
PYF,2013,6031827122.60663,4.85034901035314,21955.6329264095,,,79.1495246326707,68.236707282671
IMN,2018,7491649455.92717,2.15980428944063,89393.8244248812,,,147.026315789474,63.0674597729266
GUM,2020,5916000000,,36482.9363953675,,,300.292592592593,63.4011272956006
PSE,2016,15405400000,10.0263543952121,3527.61382413178,45.710521697998,,725.429900332226,56.8426367209549
WSM,2015,824150498.653536,6.4439291450999,4084.36083819933,,,71.3010600706714,57.0613335183515
DJI,2021,3385825228.86997,5.22820108698994,3019.69343880209,,,48.3713546160483,64.9610969205742
SMR,2021,1855395999.76534,32.7738677295372,54168.9828262684,57.6704483032227,,570.866666666667,66.3938101091908
BMU,2013,6465756000,0.51712437029792,101704.40746217,37.1384582519531,,1177.2962962963,68.8415770722078
PLW,2021,235752906.25,1.03989340404073,13257.2066721026,,,38.6586956521739,71.0088286565821
FSM,2017,359000000,0.528105849582173,3279.10779039285,,,156.401428571429,62.169407616812
VUT,2019,936526267.622513,,3207.44650452083,,,23.9528301886792,56.990696423954
VIR,2015,3663000000,,34007.3529411765,,,307.748571428571,63.1876106636076
LIE,2017,6474308717.85289,38.7329024971766,170547.092298954,35.6219291687012,,237.2625,67.8854968890768
BMU,2018,7225977000,0.487269749128734,113204.82210838,22.8644790649414,,1182.05555555556,67.5604330184393
VIR,2014,3565000000,,33045.3643795999,,,308.234285714286,63.5860960102746
LCA,2021,1867185185.18518,3.01503550601024,10459.1321248092,,,292.659016393443,72.7137271596778
GIB,2012,,,,,,3202.9,65.475038246589
WSM,2014,796683519.593842,6.89993046951613,3982.68080202084,,,70.6844522968198,57.0476961762074
KNA,2012,824585185.185185,7.47087199849082,17532.0559008608,,,180.896153846154,70.3952543958497
ABW,2016,2983635195.53073,3.68902469279816,27441.5296617282,17.5637798309326,,604.038888888889,68.8920853714879
MAC,2012,43189721376.9846,0.46163208531355,76051.6312325843,53.9347381591797,,18993.3110367893,80.2835326851597
LCA,2020,1499296296.2963,2.98189273980386,8411.19941821204,16.9041500091553,,292.213114754098,72.5571597274622
MDV,2017,4816426256.52914,2.18421103604745,10509.628805812,34.778018951416,,1527.62333333333,73.6693382094626
TCA,2011,728789600,0.998985166637943,23626.7133501913,,,32.4694736842105,71.1113272385398
SLB,2015,1307909887.55212,7.87889911801926,2045.47889485251,,,22.8444087173991,56.5263561223931
COD,2014,35909040925.9375,15.5544134735981,458.004541775676,,,34.5838168545025,50.8944789553473
COG,2017,11834473039.3645,12.3763983593463,2211.63309874797,12.2616300582886,,15.6691390922401,55.2299836423435
HTI,2015,14849629308.6025,16.9685346386874,1411.12684746796,,,381.830261248186,61.575062208731
LBR,2017,3390703400,,699.269095727404,,,50.3418293189369,54.6785684124387
STP,2015,259999643.047388,,1298.10946596396,12.8975296020508,,208.636458333333,54.5081905827022
VGB,2012,,,,,,202.3,72.8851540616247
SLB,2014,1335571420.72676,9.87482614742698,2164.9442392168,,,22.0403001071811,56.3114759413073
COD,2015,37917706497.1793,17.1286572960911,467.9145805459,,,35.7449244613043,50.8833816366305
SSD,2016,,,,0.657831847667694,,17.1381355529885,53.7358881753838
HTI,2014,15146883497.6331,16.6212186395581,1460.18898613914,,,376.387336719884,61.2428523985044
STP,2014,293119143.246825,,1489.67633417608,9.282790184021,,204.965625,54.4125793451138
PLW,2020,258990843.75,1.02841196970394,14556.5896891862,,,38.6782608695652,71.2370728417266
GNQ,2016,11240808847.8878,18.5043115557231,7453.19797948517,,,53.7677718360071,58.3936265155624
CYM,2019,5941896607.58643,0.903359621543163,88254.2903677044,39.876033782959,,280.529166666667,76.0682935523638
CAF,2016,1825018144.65595,19.4541735859664,387.176203444318,,,7.56631513050178,48.9686631215826
TKM,2012,35164210526.3158,,6053.8748468749,,,12.3604494286383,66.6711227449281
DJI,2020,3185150981.03207,4.42515714989775,2881.99924450145,,,47.6785159620362,64.5163698319336
CUB,2012,73141000000,16.1031432438714,6470.83673392653,61.7317886352539,,105.984819360707,69.4125956020058
SMR,2020,1544714493.24409,31.4760393579969,44426.6463400658,55.0960998535156,,579.5,66.6522858334412
TLS,2012,1160555000,0.793999422690006,1022.61903188429,,,76.3204438466712,54.2325874427805
VCT,2019,910766666.666667,4.04909172980029,8743.33202133753,29.9456653594971,,267.094871794872,66.995305615022
PRI,2017,103445500000,47.3351314082456,31108.7527508912,,,374.891319052988,64.7845181617875
COD,2013,32679745048.4427,15.3852331886029,431.191528160935,6.54968023300171,,33.430844048433,50.9022746520143
MHL,2017,213700000,4.13743565746373,4592.83457628576,,,258.494444444444,60.566528401642
TON,2017,459976850.268529,5.97996898795045,4365.92932788383,,,146.327777777778,57.5541855906906
STP,2018,383717327.830508,,1825.59971753966,10.1252269744873,,218.944791666667,55.3069409620957
HTI,2018,16403864617.8458,16.6906371233964,1496.38048970156,,,397.763497822932,62.4331753305914
SLB,2018,1615478393.28614,10.1719454195889,2278.20633913383,,,25.3340836012862,57.2676529859639
SLE,2021,7165214367.64956,7.35709060974522,885.184270659578,,,112.144666112497,57.4431392673784
GRL,2012,2609678486.36749,5.18837032381834,45936.9562817724,,,0.138409063223292,71.034555637747
COD,2018,47568210009.8172,18.2135146576834,528.256019777898,,,39.7201843805827,51.0356303771569
AFG,2012,19907329777.5872,12.4860851363953,651.417134470046,,,46.8546892967205,50.0567833137882
STP,2013,267041747.584354,,1382.5757842916,,,201.195833333333,54.3990991340815
GRD,2016,1061640740.74074,3.35330009803135,9221.23461079424,93.2219009399414,,338.617647058824,67.7286545644055
ATG,2019,1725351851.85185,3.01366334295742,18884.3729680383,,,207.645454545455,71.1197578901859
SLB,2013,1285911586.132,8.64332953492582,2161.39573596215,,,21.2556270096463,56.1019926211667
BHS,2011,10070450000,2.19156045658337,27090.8376801379,,,37.1357642357642,67.7715486281673
HTI,2013,14902488604.2421,15.7667416258762,1457.83221179626,,,370.912989840348,60.9058864817208
NCL,2019,9475655324.59495,,33411.3358835672,,,15.5145514223195,67.4121845094956
ASM,2016,671000000,,12843.3342903627,,,261.225,63.184641445511
NRU,2012,100794924.670417,,9817.36872216004,,,513.35,61.0158761079186
WSM,2018,878448433.404342,4.72820497443284,4231.81409469194,13.5642290115356,,74.6697841726619,56.614253644343
AND,2017,3000162081.11976,3.74883272584872,40672.9943348258,15.4369401931763,,156.942553191489,72.0474495848161
KIR,2011,195970104.356667,5.98384315804456,1771.12894481248,,,136.601234567901,60.0311800989629
VIR,2018,3923000000,,36663.2087550584,,,305.717142857143,62.6625786146487
PYF,2019,6022276196.13871,4.81237186637337,21582.5892046801,,,80.3900893114376,69.3920264054316
BMU,2014,6413988000,0.480075734472843,100961.576602811,35.0966110229492,,1176.46296296296,68.7245195107746
DMA,2017,521551851.851852,1.9166447709471,7614.34028048137,,,91.328,68.4830611783084
TCD,2019,11314951091.7283,2.85401019404934,678.142035723965,,,13.2506535895807,49.8294508859726
LBY,2019,69254496471.6938,,9963.19489084483,,,3.95048308080521,65.4919610863566
SLE,2020,6688594757.62129,7.03093508976163,845.313836261458,,,109.622582432807,57.0479041038309
CHI,2011,9649313947.21684,,60419.2325098421,,,806.59595959596,68.6474877353145
WSM,2013,797736334.281305,7.68041260302814,4023.5254013825,,,70.0593639575972,57.0014904031654
BMU,2015,6654541000,0.5141752075763,104855.366822135,31.9435291290283,,1175.25925925926,68.5882436361058
MCO,2012,5742749294.00852,,165444.651378771,,,17124.3216576221,56.8955086283887
FRO,2012,2427200388.91831,5.43547067818912,50261.9616267693,,,34.5924068767908,63.0616955355472
PRK,2016,,,,,,213.423519641226,69.4384982617448
IMN,2019,7314967866.28289,2.14283159203438,87127.5517977404,,,147.29298245614,63.0070334042034
XKX,2016,6682677289.98994,13.0552529445837,3759.44959067104,,,,66.9239089128592
CUW,2011,2930092234.63687,7.5041124363974,19426.326382752,23.1361083984375,,339.709459459459,67.7273185928888
VIR,2013,3738000000,,34597.9766940328,,,308.688571428571,64.1077963308533
SXM,2011,936089385.47486,1.52781093339699,27317.5178881974,,,1007.85294117647,72.6369393293839
MAF,2016,,,,,,743.5,66.418291862811
GNB,2019,1588638853.59328,9.75353485868623,807.359903965493,,,69.9749644381223,56.0881101552272
AND,2018,3218419896.9641,3.61028448557391,42819.7745797624,15.3940296173096,,159.91914893617,72.2938452941646
PRK,2021,,,,,,217.860094676522,69.6600902082142
XKX,2021,9413403724.01899,12.8915319730456,5270.42670206205,,,,68.9767494877101
WSM,2017,884844384.463214,6.19206874965597,4307.59381964907,12.5871524810791,,73.8902877697842,56.8389768005667
MAF,2021,649206262.847519,,21668.3776525323,,,599.22,63.0469610493642
TCA,2019,1177285211.72521,,27273.4376992357,11.7602996826172,,45.4378947368421,73.2946450290162
LIE,2014,6657526979.72277,,178735.153020908,37.4887084960938,,232.8,68.979482004709
SUR,2012,4980000000,21.291225508093,8851.24050668908,,,3.50533535450438,64.2978637939829
FSM,2015,316489900,0.418844329629476,2911.16211045292,,,155.308571428571,62.0831436179754
DMA,2018,554770370.37037,2.47483109461372,8137.56520624242,,,90.8986666666667,68.6869724017045
VIR,2017,3794000000,,35365.0693039774,,,306.517142857143,62.7912844639525
COM,2012,1015843490.82374,,1490.31511351281,9.47585010528564,,366.270822138635,55.3455359546499
LIE,2015,6268515276.17441,,167187.15730982,33.5420417785645,,234.3375,68.6617647058824
FSM,2014,319271200,0.366616218437491,2945.41495996162,,,154.851428571429,61.9091110373076
AND,2013,3193512950.02419,3.83815615460753,42470.3161159692,14.7599496841431,,159.987234042553,71.7050010971693
ASM,2021,750000000,,15236.1604875571,,,246.125,64.4418486541392
CYM,2011,4186073104.29242,0.754645357904355,75280.960764889,39.3613319396973,,231.691666666667,76.3543830307608
DMA,2013,498296296.296296,3.09424706407016,7147.61954093518,,,92.9533333333333,67.3886538047766
GRD,2020,1043411111.11111,3.1289822199978,8968.55890108484,,,342.179411764706,68.1139924876011
GRD,2021,1122800000,3.31380543350618,9622.24050459345,,,343.2,68.2043920728441
GUM,2012,5265000000,,31653.7506538168,,,308.02037037037,65.7684549736819
PRI,2018,100958100000,47.4373031980594,31615.0667918433,102.152473449707,,360.017361894025,64.3099473931846
MHL,2018,220000000,3.7115,4858.12079054875,,,251.583333333333,60.942917080711
ASM,2020,721000000,,14489.2586563775,,,248.805,63.9620992132472
SLB,2017,1469789119.08756,10.3357256228004,2143.57465243959,,,24.497034655234,56.9933999006813
PNG,2012,21295168665.7247,2.46626540852598,2635.0873631547,,,17.8452281058164,60.255364485565
SLE,2016,6042615859.61074,1.22992474744164,838.631615328371,,,99.8244389027431,55.4233439877169
MDV,2015,4129505319.12921,1.92794348282613,9644.90655028145,,,1427.18,72.7749828332796
LBR,2015,3227075700,,692.590082351257,,,48.3744912790698,54.4159576566323
HTI,2017,15093357161.1498,16.3846226379273,1395.23945184461,,,392.516473149492,62.1661899503353
COG,2015,12434793867.3568,8.36764019343637,2439.35189403696,11.5911245346069,,14.9270307467057,55.4321113712672
TON,2018,489714518.002333,5.80509238245107,4638.89774268789,,,146.620833333333,57.6470755400624
STP,2017,322002845.229335,,1555.79477812888,17.4019470214844,,215.59375,54.9716022331685
VUT,2011,770153588.218833,4.33350264857412,3163.1861645138,,,19.9732567678425,58.5314212840412
MHL,2013,186400000,5.23336909871245,3677.90690791421,,,281.561111111111,58.7991555020619
MDV,2014,3697353039.20043,1.98497323914953,8939.07416571472,13.65797996521,,1378.72333333333,72.3732341755779
PRI,2013,102450000000,46.4430453879941,28513.1657351067,92.3767776489258,,405.081961668546,65.3329198515347
COD,2017,38019264794.8263,19.4870380833861,436.584534687385,,,38.4126499194989,51.0731408298973
COG,2014,17919321078.0284,6.05990720251214,3601.2365808718,,,14.5706588579795,55.6797792551267
LBR,2014,3225652000,,706.714490064507,,,47.3867628737542,54.317124873762
MAF,2020,,,,,,635.72,62.4756181966904
XKX,2020,7717145217.81247,13.3520694216819,4310.88824737367,,,,68.6787041578334
PRK,2020,,,,,,217.060975002076,69.8327311825785
MNP,2012,746000000,,14013.6003306158,,,115.726086956522,70.444640643198
TON,2013,451788486.864637,6.18137888603051,4219.24659467526,,,148.719444444444,56.92652518036
NCL,2011,10351448004.7674,5.4531932275967,38835.9401851385,,,14.5811269146608,66.6764212086253
CAF,2021,2516498412.46384,18.7145668307096,492.263142830507,,,8.20588140871296,48.7749163748753
MHL,2015,183700000,3.17131192161132,3764.34426229508,,,271.111111111111,59.7381174373213
PRI,2015,103375500000,47.9026461782531,29763.4883013861,98.2730331420898,,391.570687711387,65.4208494690871
PSE,2020,15531700000,11.0470843500711,3233.56863835858,44.8411407470703,,797.885215946844,57.1178387168293
KIR,2019,216985362.338171,4.97977819257887,1750.99750920482,,,152.988888888889,60.9709450817258
SSD,2021,,,,,,17.1945943379805,55.6038406814789
PYF,2011,6203940036.91982,4.62620872746827,22831.5185348524,,,78.2849322961683,68.0184523437126
TON,2015,437525514.240726,6.03420877527353,4123.90323993332,,,147.354166666667,57.2609453791413
TCD,2011,12172308851.0395,1.7263965379261,954.316872911808,2.28011989593506,,10.1294448856417,49.0667735946939
LBY,2011,48169263294.1007,3.70922472929545,7593.8391525702,,,3.60503483865101,65.0988703971795
COG,2018,14773900288.5135,9.20702262871982,2694.43413191427,,,16.0559824304539,55.2471969415942
GNQ,2021,12215878032.7166,20.9306894233739,6945.63069794539,,,62.7018181818182,58.6438433544947
LBR,2018,3422754800,,692.203127129794,,,51.3364410299003,54.8464060495971
CHI,2019,10032440928.3488,0.761514271755747,60568.1085272721,,,836.560606060606,66.3239555662883
MDV,2018,5404344162.69888,2.19273569064963,11423.2838427029,,,1576.99666666667,74.097043216159
TON,2014,440997738.014078,6.23581793756493,4136.59013792529,,,148.068055555556,57.0566274892364
IMN,2011,6565667052.79737,,77808.8579649376,,,148.038596491228,65.4335910881996
ABW,2021,2929446578.25104,,27200.0610793969,,,598.333333333333,66.9699139069153
CUW,2019,3026124134.07821,5.08574384014729,19220.6866958303,15.2812013626099,,354.596846846847,69.3668455179036
SXM,2019,1407880446.92737,1.25649476648998,34861.469528968,,,1187.79411764706,71.4964899899714
PRI,2014,102445800000,46.7331994088581,28981.4573305866,94.0207824707031,,398.520180383315,65.4321091534349
MHL,2014,186000000,6.13822580645161,3735.23977829545,,,276.644444444444,59.2537553217126
MDV,2013,3295009237.50107,2.11838215713654,8236.08177944126,,,1333.56666666667,71.972814791393
GNB,2011,1157074319.19388,9.20015795024493,719.539573498937,,,57.1862019914651,54.1727647907298
LBR,2013,3177198100,,710.744570927863,,,46.4102886212625,54.3063418204644
COG,2013,17958720699.0868,5.92085614812511,3697.41705884249,8.57032012939453,,14.2228374816984,55.9893261389154
LCA,2016,1868555555.55556,3.14166220689382,10638.1901982143,19.8053798675537,,287.944262295082,71.568951185908
VCT,2011,713796370.37037,4.37557614470607,6527.68996854448,20.171236038208,,280.382051282051,66.0416009364555
LIE,2013,6391708310.67727,,172823.607794648,,,231.15,69.3429964779193
TUV,2012,39345579.4723758,,3598.46163091053,,,364.466666666667,62.1336137912113
SOM,2012,4364670160.00146,,350.261946720969,,,19.8634871042816,49.7407003143889
ABW,2020,2481857122.8401,,22855.9323200761,,,603.261111111111,67.1686817100479
AND,2015,2789881258.50362,3.70608985448457,38654.9347203095,13.8819599151611,,153.56170212766,71.755561251706
DMA,2015,540737037.037037,3.98838348207864,7679.83293618857,,,93.88,68.6784547649482
FSM,2018,392000000,0.492372448979592,3566.58690371125,,,157.012857142857,62.1797933754589
ERI,2012,,,,,,25.0820517513238,54.110906248081
GNQ,2020,9893816007.7398,19.5270653898342,5764.05502912947,,,61.1931550802139,58.6219904414209
BMU,2017,7142316000,0.463659126815448,112339.425587467,22.4178009033203,,1177.37037037037,67.9113222237077
PLW,2016,298323500,0.941079896463711,16762.5723436534,,,38.6891304347826,72.0177558015396
DMA,2014,520429629.62963,3.03666486378775,7395.30259658718,,,93.8306666666667,68.2001619939465
LIE,2018,6692620691.84146,36.5385203068178,174988.775083446,38.3002700805664,,239.0375,67.4757727159474
SSD,2020,,,,,,16.9298292532401,54.8803721131261
PSE,2021,18109000000,11.1933292837815,3678.63565662194,43.5106506347656,,817.05377593361,57.3431169497133
CAF,2020,2326720900.38047,17.7270265677463,462.879071294011,,,8.06868278275386,48.887967352272
ATG,2011,1281337037.03704,2.91131081249043,14841.9709613705,15.0042104721069,,196.209090909091,69.5043552796182
BHS,2019,13016200000,2.13042208939629,32979.5401279534,,,39.4280719280719,69.3259888845112
FSM,2013,317214400,0.363350465804831,2933.88333441237,,,154.458571428571,61.7001401214386
AND,2014,3271685596.66321,3.67687366253974,44369.659691379,13.7001399993896,,156.887234042553,71.665513921098
DJI,2016,2604955228.70117,2.83557314687334,2510.4300076241,,,44.7650129421915,62.3549009158167
SMR,2016,1468343139.74326,28.5925225928109,44359.4797662688,,,551.683333333333,66.5881182032405
NCL,2017,9174048681.98577,5.60354479440873,32354.7102832901,,,15.5112691466083,67.2546958870871
NRU,2021,175513984.500084,,14989.6647450751,,,585.45,59.5037793056326
BHS,2014,10974100000,2.68997002032057,28705.6170840548,,,38.1916083916084,68.3452437627192
AND,2019,3155149347.80639,3.67368951398301,41257.8045846483,15,,162.710638297872,72.4577794922424
AFG,2020,19955929052.1496,7.52811462924912,510.787063366811,10.8584403991699,,59.9006163469942,53.4051619316696
PYF,2017,5833352692.7995,4.76115515380683,20826.9312492172,,,80.6934600979545,68.874079971723
DMA,2019,611537037.037037,2.25358083759804,9009.09011545429,,,90.5066666666667,68.8415671658282
LBY,2017,67157452181.7738,2.80678251468398,9965.83236729757,,,3.8298475737977,64.8017638828572
GRL,2020,3082884653.2456,3.37651906171444,54693.0766804265,,,0.137329760019491,70.2823669968527
TCD,2017,10000394381.0177,2.92570955431278,640.117048532702,,,12.4068924714104,49.5536991897526
TCA,2018,1128749004.5304,,27160.1579568902,11.3645000457764,,43.7463157894737,73.2906625600058
SUR,2016,3317421648.09918,13.3991911723143,5644.2061057532,,,3.66186375836012,65.468722618361
MCO,2021,8623242743.29564,,223823.363960226,,,18487.0441458733,49.8961767072443
COM,2016,1012835493.19325,,1365.48403444497,,,398.571198280494,56.046719811902
FRO,2021,3664686796.62669,7.12100102863244,68736.505610554,,,38.9160583941606,61.5403377110694
IMN,2017,6979788333.50279,2.08077062437133,83481.3038489014,,,146.682456140351,63.1833893480367
BHS,2015,11671900000,2.51801334829805,30289.4022514831,,,38.4961038961039,68.5149599127019
TCA,2013,754238000,0.727091448587846,22412.2069354887,,,35.4242105263158,72.1956437761864
TLS,2020,2162619200,1.5272730400248,1630.86935439232,,,89.1763954270343,58.4586142263491
GNB,2017,1469978606.12143,8.13997490489753,783.123186602022,,,66.7522048364154,55.443705793839
TLS,2021,3624889700,0.752185645814271,2684.82704373402,,,90.7961667787492,59.0810127997979
CUW,2014,3059406983.24022,8.10526513919541,19623.029993395,23.6740646362305,,351.146396396396,67.5104679840269
VCT,2017,844040740.740741,4.95324519178028,7988.04445019298,26.0128421783447,,270.930769230769,66.9908104066703
SXM,2014,1361811508.37989,2.2684006260803,37134.912423099,,,1078.58823529412,72.8072208663403
PRI,2019,105126400000,47.6416960915622,32916.866800639,,,360.055693348365,64.2849756753896
MNP,2016,1230000000,,24225.474169342,,,110.376086956522,70.1544127784452
MHL,2019,232900000,4.92181193645341,5292.33985502306,41.4746513366699,,244.483333333333,61.3386658789042
KIR,2015,191559398.175292,4.55983213651231,1639.85274301496,,,144.216049382716,61.1492530924967
FRO,2020,3271813311.5831,6.8377505874878,62236.0866558197,,,38.4853587115666,61.563328991281
TON,2019,494197841.113077,5.36957522603747,4676.84790348236,,,146.7625,57.7725833849881
MCO,2020,6730736282.78961,,176891.886538492,,,18771.583621115,50.7404633316251
CHI,2015,10109968846.9524,,61852.0736534587,,,825.525252525253,67.2205414962574
PNG,2016,20758876952.6232,1.93140262947308,2316.39479758492,,,19.7891577971117,61.1980348632949
SLE,2012,5927684219.15278,1.29405900419243,904.840762004552,,,90.7603214186755,53.9481352692991
GRL,2021,3235809504.29871,2.90652234822232,57116.295770722,,,0.138026556218784,69.9713605096223
BMU,2011,6312691000,0.703756923948915,99049.0169927667,38.6973190307617,,1180.24074074074,69.4833875965951
CHI,2014,10528493035.477,,64700.7425701916,,,821.848484848485,67.4813260286432
AFG,2021,14259995441.0759,8.49315681616916,356.496214115892,,,61.3286907992579,53.7393252349501
GUM,2016,5901000000,,35930.6594898711,,,304.135185185185,65.1270903926422
CUW,2015,3058779217.87709,8.59755689142002,19361.8130008678,19.0026397705078,,355.810810810811,67.3171800350515
ATG,2017,1531151851.85185,2.9667812419118,16924.7894487758,,,205.609090909091,70.9963744086307
SXM,2015,1417888715.0838,2.28717983713924,37839.6283815163,4.19459009170532,,1102.08823529412,72.6805705669642
NRU,2020,124530027.301054,,10695.6993301601,,,582.15,59.8900626986172
KIR,2014,200287275.559653,5.1585620022298,1736.7053011433,,,142.377777777778,60.9300551044209
KIR,2018,233514703.710292,5.47197147845484,1912.73798131035,,,150.720987654321,61.093841510114
KNA,2021,858622222.222222,4.80011042669565,18361.1449697886,,,179.857692307692,71.3170669118748
WSM,2011,744097050.169115,7.57857171042962,3821.50678264479,,,68.8031802120141,56.6929275395069
GIB,2020,,,,,,3617.3,64.5163519752301
MAC,2021,30969334705.0515,0.827262973629228,45376.314586156,98.9696197509766,,20681.8181818182,73.557823854194
CHI,2018,10026153344.8196,0.796882229757576,60783.3533081111,,,833.075757575758,66.4673127229849
MDV,2019,5726094799.37709,2.13121457164251,11740.2724029785,51.3613624572754,,1625.77,74.4968025407448
SXM,2013,1022905027.93296,0.939377389404697,28529.7324687053,,,1054.52941176471,72.8440341384504
COG,2019,13976637779.9763,9.56929234054286,2488.42466724916,,,16.4470307467057,55.3301240719353
LBR,2019,3319596500,,658.164180770507,,,52.3642130398671,55.0727285542488
VGB,2021,,,,32.7071304321289,,252.06,74.9375157037253
VIR,2011,4223000000,,38997.1373164651,,,309.4,65.1097584696913
CUW,2013,3033568603.35196,8.07271907118183,19721.2921646576,23.0841999053955,,346.445945945946,67.6762165177887
KIR,2013,201730847.75865,5.01078268743398,1772.08706898092,,,140.540740740741,60.6490774210834
CYM,2017,5166281305.12522,0.849127890690393,80053.9444506891,33.5451774597168,,268.895833333333,76.1518853964097
TKM,2021,50007428571.4286,,7051.20211079213,16.4158401489258,,15.0917008916222,64.5856656124571
CUB,2021,,10.5350539664967,,51.0785484313965,,107.149980732177,68.4894721744236
SXM,2018,1259200446.92737,1.35758755844358,31708.3110124742,,,1168,71.807010475423
CHI,2013,9594160920.26187,,59304.8512474695,,,817.055555555556,67.7931109085009
CUW,2018,3046364804.46927,6.20085796939431,19119.1243941688,15.8748922348022,,358.864864864865,68.5651504679665
DJI,2012,1353632941.5207,,1400.19357858954,,,41.7060828300259,60.6448943493518
CUB,2020,107351800000,11.1969245042934,9605.26125067263,45.9299087524414,,107.672003853565,68.5249769289699
SMR,2012,1604701299.43546,,47945.8991734281,59.8489990234375,,557.816666666667,67.1492387910298
TKM,2020,45818000000,,6592.60146027748,14.3487100601196,,14.7892494626859,64.974966589505
SLB,2011,1063895360.69907,9.28839412017959,1924.05277323978,,,19.7550911039657,55.6995722901916
BHS,2013,10395800000,2.62509859751053,27432.9534269421,,,37.8574425574426,68.176396545218
TCA,2015,942070000,0.691456048913563,25736.101625461,12.516411781311,,38.5315789473684,72.9176342029777
PLW,2012,215762400,0.970002187591536,12145.3644807205,,,38.6195652173913,73.0685879935831
HTI,2011,13008746038.8867,14.654058030893,1312.03953552013,,,359.757039187228,60.2227898637642
ERI,2016,,,,3.00972008705139,,25.8074296058691,53.9574224453051
FSM,2019,394000000,0.488147208121827,3572.65918282222,,,157.545714285714,62.1592825665113
VUT,2017,880061833.690341,2.90339238478643,3159.92716050347,,,22.8471698113208,57.2890447995921
STP,2011,226455001.243083,,1219.80189089671,3.73972821235657,,193.384375,54.4006312971487
TCA,2014,841070000,0.741912088173398,23996.2910128388,13.5866985321045,,36.8947368421053,72.5977175463623
LIE,2019,6436467007.11932,38.8093302482647,166907.839305016,41.1658401489258,,241.01875,67.0720603537981
COD,2011,25839749199.3671,15.3588924969631,364.714191777632,7.69432020187378,,31.2517637458371,50.8868579478009
VGB,2020,,,,32.4414710998535,,247.566666666667,74.6785334392546
LCA,2012,1598207407.40741,2.93731866257566,9260.30006551714,10.2659502029419,,282.929508196721,69.6201614842412
MAC,2020,25343525935.8358,0.830736253586933,36976.2561071429,86.7956695556641,,20832.8267477204,74.3158243011478
GIB,2021,,,,,,3685.8,64.6038227274577
BHS,2018,12615800000,2.20834192044896,32124.4051059669,,,39.2324675324675,69.1191505344172
TUV,2016,41629064.2232388,,3808.69755015909,,,364.333333333333,62.8253808499931
SOM,2016,6613743089.99932,,460.928491979039,,,22.8723499218924,50.0290373928303
KNA,2020,883922222.222222,5.07837542267419,18859.0190361046,,,180.269230769231,71.4988265414977
DJI,2018,2913466732.12507,3.31583227150604,2718.0853229414,,,46.2416738567731,63.4764834188838
SMR,2018,1655353653.05934,32.1886512700805,47950.6880557136,45.4210205078125,,575.366666666667,66.6695628249127
TLS,2011,1042534600,0.910252762833963,939.045241112693,,,74.660860793544,54.0366553099308
TUV,2019,54123198.5662913,,5115.13075950206,,,352.7,62.7114639448067
SOM,2019,8655023960.002,,539.893931565468,,,25.5538798737527,50.344165054007
LIE,2016,6237302033.50132,36.8666818522014,165375.491396259,35.0226211547852,,235.725,68.289246311312
PLW,2018,288546281.25,1.01204158724439,16197.7254546986,,,38.7260869565217,71.6579191108367
LCA,2013,1660222222.22222,2.7180654084683,9576.23463377087,13.9913196563721,,284.211475409836,70.1543244591722
GRL,2011,2684461375.46585,5.30942749495216,47186.8759969388,,,0.138603971251066,70.8786036650274
BMU,2021,7286607000,0.347157463000269,112712.025120653,,,1197.18518518519,66.2224662789259
FSM,2016,325000000,0.557138461538461,2979.60119184048,,,155.821428571429,62.1639338250462
SMR,2013,1678741475.14095,,50807.8289138024,,,550.683333333333,66.9066032123736
ERI,2019,,,,,,26.7606490641362,54.941278207416
DJI,2013,2042817162.85639,1.95812434978751,2074.29668941495,,,42.4859361518551,60.9950808494305
PSE,2017,16128000000,11.655505952381,3620.36048715937,45.6631011962891,,740.000830564784,56.9185550343498
AFG,2011,17805098206.3141,13.7791892429929,606.694676337726,3.75560998916626,,44.9959492816951,49.6380620251503
LCA,2018,2060962962.96296,2.90946339359523,11642.7403185172,14.6977701187134,,290.191803278688,72.1803555590706
BHS,2012,10720400000,2.94578560501474,28552.0242683151,,,37.5093906093906,67.9851492597934
PLW,2013,225345718.75,1.02842883444671,12768.9097206482,67.2642211914062,,38.3652173913043,72.8581142339075
CAF,2017,2072349972.6818,18.4404200364989,432.324025684263,,,7.6944861793316,48.87737285649
NRU,2011,65444173.7762725,,6480.90451339597,,,504.9,61.6489230007428
KIR,2012,207001557.767135,5.28849285767921,1843.55346948038,,,138.622222222222,60.3429696127676
SLE,2014,7845456215.27807,0.979949235764885,1140.92742266148,,,95.2671792740371,54.6121617681383
SSD,2017,,,,,,16.234636747741,52.4297594338558
CHI,2012,9455340154.1218,,58813.9366544241,,,811.954545454545,68.1981743822601
GNQ,2017,12200913878.9827,25.7505953453878,7809.10465655488,,,55.7003921568627,58.3969295866507
BMU,2020,6887147000,0.33638021665575,106973.175732348,,,1192.25925925926,66.6886707464819
SLE,2015,6651626733.64854,1.10944734651124,945.148168480629,,,97.5014546965918,55.0124579849396
MCO,2011,6088689808.38347,,179363.984221513,,,16746.916625555,58.2919680075415
MDV,2016,4409942623.85538,2.07833683806784,9947.80744731739,,,1477.69333333333,73.2207629909679
LBR,2016,3398419600,,714.613063145659,,,49.3730066445183,54.550690469021
COG,2016,10931328150.8478,11.4670700612109,2093.10728558843,,,15.2929311859444,55.2790445101767
FRO,2011,2505740669.27039,5.26738325676821,51618.9907766392,,,34.7729226361032,63.2964075603955
CUW,2012,3012836256.98324,7.52814646424504,19809.8223198624,23.9158172607422,,342.540540540541,67.803157436758
ABW,2017,3092429050.27933,3.73375379915049,28440.051963759,,,604.083333333333,68.4348414128373
SXM,2012,985865921.787709,1.15600385334618,28149.0997855041,,,1030.08823529412,72.7832107930616
GUM,2019,6355000000,,39274.9431424899,,,299.644444444444,63.9050603184021
GRD,2017,1125685185.18519,3.08059288992712,9751.42661155932,95.3775787353516,,339.523529411765,67.839013149916
SLE,2013,7697098118.19922,1.04914886422095,1146.4163912665,,,93.0181629260183,54.2454656476793
HTI,2021,20877414952.6375,19.3650365527546,1835.44394078496,,,412.720827285922,63.242758901291
SLB,2021,1522794913.0914,9.67108814052763,1996.86976779348,,,27.2451232583065,58.2545176546028
PNG,2019,24750626040.5917,1.69105295674208,2575.77274251891,,,21.2185001987369,61.947219328526
STP,2021,524402455.54816,,2362.58827248102,16.6602973937988,,231.209375,56.815611751614
VIR,2020,4229000000,,39787.3741650202,,,303.685714285714,62.3448661159663
COD,2021,55328482783.5393,17.7208905234839,558.034077296358,,,43.7347795593392,50.832061912679
TON,2016,420828262.317922,6.04796767809852,3987.98626206287,,,146.561111111111,57.4594405064251
SLE,2018,6390514688.52816,7.0274983448093,845.914540460932,,,104.662829038515,56.2651605393985
WSM,2020,868898358.266437,3.95028348464388,4099.6600907147,16.3868522644043,,76.2388489208633,56.1034990374816
GIB,2011,,,,,,3166,65.7154137713203
MHL,2016,201800000,4.54306243805748,4229.80988911945,,,265.05,60.1815171141713
PRI,2016,104336700000,48.4428777218371,30627.1634017011,99.6779632568359,,384.066741826381,65.3187601004888
MNP,2019,1179000000,,24496.6652122421,,,104.628260869565,70.3764881879948
XKX,2017,7180764703.35718,12.784844259128,4009.31799347588,,,,67.6060547960856
PRK,2017,,,,,,214.414990449298,69.7490755231046
KNA,2011,836092592.592593,7.74014928348358,17832.4572919975,,,180.330769230769,69.8936771496518
LCA,2014,1749185185.18518,2.53874820022021,10044.8218377677,17.0471706390381,,285.472131147541,70.6497988669938
MAF,2017,,,,,,736.74,66.5137427892772
MAC,2011,36845888757.1886,0.456610185555006,67041.2823092952,70.3462066650391,,18381.27090301,80.5548679061728
WSM,2021,843923638.733018,4.87429229869607,3947.64517905415,17.571849822998,,76.8989208633094,55.8700807843614
SMR,2015,1419401070.56043,28.484537920721,43146.8240435428,,,548.283333333333,66.5909560189965
DJI,2015,2424391785.43897,2.73555807602599,2376.12554719873,,,44.0169542709232,61.8426404446479
SUR,2019,4016040575.08796,17.4259713504294,6629.66775248603,,,3.77407650640365,66.0642358130505
PLW,2015,278824781.25,0.949156285084481,15690.7586522228,,,38.6304347826087,72.1376515940235
TCA,2012,727161000,0.701770309463791,22633.9527500233,,,33.8178947368421,71.6640209169857
COM,2019,1195019531.9011,,1519.26386436068,,,422.664159054272,56.9788374452375
VIR,2021,4507000000,,42571.0777368471,,,302.485714285714,62.0530135400066
COD,2020,48716961860.1325,18.9912296625843,507.521230077872,6.66692018508911,,42.3413678569066,50.8613314066326
VGB,2011,,,,,,191.4,72.4050853361198
STP,2020,471229484.607144,,2167.22001796925,,,226.494791666667,56.2254380054683
PLW,2014,243156484.375,0.997724154525665,13726.0222622072,,,38.5108695652174,72.4160316116286
DMA,2016,576229629.62963,2.6172693499248,8278.44768597003,,,92.808,68.6825224655743
SLB,2020,1536145814.17007,9.68138226202742,2063.33101522108,,,26.5987138263666,57.8718814556923
HTI,2020,14508222518.3018,17.6377718833833,1290.32538667383,,,407.977068214804,62.9647963935478
CUB,2011,68990000000,15.3399043339614,6104.46105236166,79.0247268676758,,105.757568101214,69.541831839131
TKM,2011,29233333333.3333,,5143.61929334647,,,12.0941778562765,66.3707765944325
LCA,2015,1807629629.62963,2.90538048600582,10334.9225558425,17.0072593688965,,286.729508196721,71.1336758059398
ASM,2017,612000000,,11863.6839452565,,,257.93,63.351490714535
DJI,2014,2214679081.25658,2.78230173875108,2208.67810285113,,,43.2578515962036,61.3899228845612
SMR,2014,1673911426.17254,,51260.4938347125,,,544.25,66.7017538657692
AND,2016,2896610479.73077,3.74112485956452,40129.8192007698,15.1089096069336,,153.576595744681,71.8882262075463
TUV,2018,48015259.8751356,,4466.12034928245,,,358.366666666667,62.9040509743733
SOM,2018,7873440838.36559,,509.525802439801,,,24.6317578984283,50.2495828098604
GRD,2011,778655555.555555,3.37761668973587,6947.38136096464,,,329.644117647059,66.6757376493366
CYM,2020,5655358021.43209,0.916881428464879,82338.7982853661,47.5511474609375,,286.183333333333,76.0812119182639
BHS,2016,11745100000,3.11278746030259,30266.5859220987,,,38.7667332667333,68.7082131293075
SMR,2019,1616232125.12587,30.5902759600067,46627.0122356944,50.2355690002441,,577.716666666667,66.6695524197039
ERI,2013,,,,,,25.3975905581196,54.2121198863959
DJI,2019,3088853638.56832,3.70295740040916,2837.17103336917,,,46.9676013805004,64.0188976117585
FSM,2012,327248700,0.396273537526658,3033.16989526369,,,154.128571428571,61.4658448419687
SUR,2015,5126237646.22072,11.4946632952408,8813.61705392067,,,3.62367242275927,65.1878265623845
PLW,2019,281941562.5,1.03684751834732,15841.1935329812,,,38.6913043478261,71.4546578267221
COM,2015,966029600.862227,,1329.37048235986,,,390.479312197743,55.9251502032526
VUT,2021,950394006.532514,,3107.20312858002,,,25.0917145200984,56.9427711581938
TUV,2013,38615890.6320745,,3510.21640142483,,,366.7,62.2471705831553
SOM,2013,5062881613.12833,,393.398704973003,,,20.5145439474607,49.8627987074496
SUR,2014,5240606060.60606,16.3524921938244,9108.18905406764,,,3.58470853811854,64.8871253951784
LIE,2012,5456102482.28614,,148842.035144342,42.4966812133789,,229.10625,69.642442376795
COM,2014,1149587661.00693,,1615.71723662012,9.6282901763916,,382.322944653412,55.8210266302648
ERI,2018,,,,,,26.3695100817645,54.4596909163716
GIB,2017,,,,,,3424.5,64.2833155689235
LCA,2019,2095370370.37037,2.1092355280601,11794.2056521711,16.0102691650391,,291.247540983607,72.3952572729601
XKX,2011,6341613609.97976,13.1195916331863,3538.94759838576,,,,65.4783701991519
PRK,2011,,,,30.0365505218506,,208.436790964206,68.7198658483955
KNA,2017,1056977777.77778,5.39133238023155,22464.9899633959,,,180.961538461538,71.9832945452227
GUM,2015,5799000000,,35165.7014644795,,,305.37962962963,65.4008835416862
CUW,2016,3024690167.59777,9.26839047855877,18944.0961493998,18.3206882476807,,359.603603603604,67.1378123463412
MAF,2011,775875748.523832,,20930.5821177758,,,741.38,67.0340046130812
MNP,2014,832000000,,15945.417608954,,,113.430434782609,70.326858763667
MAC,2017,50383871120.8733,0.572479913744711,77704.9215312666,81.265510559082,,21051.9480519481,77.0198799946486
SXM,2016,1427017206.70391,2.31840388405585,37308.6147795736,,,1124.97058823529,72.4267301105911
LBR,2012,2791614000,,638.368751462083,11.2590703964233,,45.4011939368771,54.3794613522596
COG,2012,17692911296.3044,4.25728211443351,3732.32737320389,9.07367992401123,,13.8812591508053,56.352160659853
PNG,2015,21723437010.0982,1.77710948034908,2484.5963398603,,,19.306730556905,60.9608891251602
MDV,2012,2886163997.20531,2.62452727488947,7461.29703686309,,,1289.39333333333,71.4625482785186
VGB,2017,,,,,,217.993333333333,73.7040888100554
VUT,2020,909421043.508407,,3042.98711598286,,,24.5166529942576,56.9353055041098
PNG,2014,23210823987.308,2.12822917470014,2723.17529825196,,,18.8213598021464,60.7248997206645
CHI,2016,9169278192.53124,0.864740857866344,55950.1485360363,,,827.691919191919,66.9792899769346
CUB,2017,96850649691.7406,13.500477324227,8610.60829531998,40.4316596984863,,108.360587668593,68.9697496290173
TKM,2017,37926285714.2857,,5828.4816623489,,,13.8468729385228,66.2029908740674
CYM,2021,6060026520.10608,0.994888734596318,86438.445257404,48.1794548034668,,292.116666666667,75.8905965838177
ASM,2011,570000000,,10383.459331451,,,274.475,61.903070379175
GUM,2014,5610000000,,33900.1486530583,,,306.455555555556,65.601621889465
MNP,2015,910000000,,17665.1007493109,,,111.986956521739,70.2330457064653
KIR,2016,206467834.045145,4.90990970840771,1742.66812442095,,,146.269135802469,61.2425935616739
VCT,2021,872225925.925926,3.45136538698349,8481.30537359541,35.740119934082,,263.694871794872,66.9562723038477
GNB,2020,1646400349.84867,9.71228677405569,817.780335749159,,,71.5951280227596,56.4395965737077
TLS,2017,1584878400,1.56222079876917,1266.17767952941,,,84.1763954270343,56.7203242302687
IMN,2020,6684225641.02564,2.44206796867328,79513.5330346598,,,147.480701754386,62.9952357444075
GUM,2018,6051000000,,37195.9503070464,,,301.257407407407,64.3710485955514
MHL,2012,180700000,3.74825677919203,3514.26515490383,28.9444999694824,,285.661111111111,58.408370446722
PRI,2012,101564800000,46.2477157440373,27944.7338937424,91.7491836547852,,409.750620067644,65.1080154737987
MNP,2013,772000000,,14632.8518897608,,,114.691304347826,70.406383865954
TON,2012,471122970.872337,5.85593978231085,4384.17058321549,,,149.25,56.8232683010809
PNG,2018,24109780708.0268,1.72426469114493,2566.36833735041,,,20.744850505675,61.6965689601702
LBY,2020,46854285440.642,,6650.33810585348,,,4.00411414346932,65.8907323772578
TCD,2020,10715396042.3343,3.19150040080212,622.095543396442,4.53319978713989,,13.6790652795426,49.9863654933715
GRL,2017,2851613679.03433,2.53599519886982,50765.7494665372,,,0.136854671701791,71.0215619482442
SLE,2019,6523577590.38319,6.99748360957935,843.71251730417,,,107.120961485176,56.6634454178749
GUM,2013,5399000000,,32530.7593121483,,,307.344444444444,65.7235044421615
PYF,2020,5792545870.80614,,20746.2720428286,,,80.4405070584846,69.4868360260593
PSE,2011,11186100000,11.469591725445,2880.79843707909,48.4083213806152,,645.014285714286,55.5841937652875
MNP,2018,1301000000,,26509.3628379893,,,106.689130434783,70.2029463903662
AFG,2017,18753456497.8159,3.53042246146676,525.469770891619,,,54.7183278904681,52.2756584397329
PNG,2013,21261338064.8783,2.44051659136033,2560.77458976327,,,18.3339177670803,60.4884255990297
NCL,2020,9454629467.91408,,33270.330597637,,,15.5457330415755,67.4425928956124
ATG,2021,1601366666.66667,2.7763322532374,17340.3790692554,,,209.884090909091,70.877324064148
ATG,2020,1410796296.2963,2.91298583673523,15360.4544160475,,,208.740909090909,71.0314003876053
CAF,2011,2437982705.12093,19.9685611230259,534.057281471636,2.89123010635376,,7.32771678063501,51.8182444485749
NRU,2017,108862278.516511,,9613.41209082575,,,566.2,60.2481455316143
NCL,2021,10071349663.8484,,35311.5543551452,,,15.6025164113786,67.4616253059106
TUV,2015,36811936.0824587,,3357.83417700071,,,365.433333333333,62.6516464471404
SOM,2015,6152149080.00168,,445.583078625015,,,22.0087400771511,49.9860342210653
AND,2012,3188652765.36184,3.72383504240788,41500.5435791686,13.2810401916504,,163.476595744681,71.8021969440612
DMA,2012,485996296.296296,3.07806034187122,7031.39987118111,,,92.1573333333333,66.5706948312656
PYF,2021,6150640646.38319,,21982.9038942614,,,80.6084701815039,69.4900140104077
COM,2018,1188797449.38584,,1540.71132257526,,,414.610424502955,56.6662994595575
ERI,2014,,,,3.88660001754761,,25.572294764578,54.1210869507273
SSD,2011,14907308932.7534,2.06310989233561,1448.98435006408,,,,55.2820834227165
GNQ,2011,21357343668.9447,22.4684911736905,17198.2136668275,,,44.272192513369,58.3918320904822
SUR,2018,3996198866.57453,21.3232639021855,6665.74180472239,,,3.73510639152873,65.9011279998332
LBY,2021,35217995647.2862,,4935.82787349801,,,4.05513656978528,66.3183804181397
TCD,2021,11779981332.8631,,660.747192555507,,,14.1584124841169,50.2705463880168
MCO,2017,6430254652.58934,,170663.375247872,,,18588.061174149,52.1670470831785
TCA,2016,1032452000,0.630247217304049,26946.4178520162,11.1381130218506,,40.3315789473684,73.1371525512202
ERI,2015,,,,3.30574011802673,,25.6468528978016,53.9621052143488
FRO,2017,2980057377.87967,6.17167251105351,59384.9862077969,,,35.9469914040115,61.7409390362837
COM,2013,1116224106.83728,,1603.32797107303,9.46988964080811,,374.095647501343,55.684957824165
ABW,2011,2637859217.87709,4.20609398852294,25712.3843015186,37.1292991638184,,569.95,69.9067151246274
IMN,2021,7931193222.06405,2.05292887722226,94299.969348965,,,147.554385964912,63.0000416144009
SUR,2013,5145757575.75758,18.7857016665685,9043.19281529222,,,3.54512786029273,64.5829672067766
TUV,2014,38760982.6540096,,3528.85858102782,,,366.133333333333,62.4772396212673
SOM,2014,5728399710.56333,,429.431656017709,,,21.2635747760385,49.9337568427461
GNB,2021,1853796455.89489,9.84224508675693,900.407780831491,,,73.2162517780939,56.8112455475567
VCT,2020,869111111.111111,3.70323020540356,8395.09988902412,33.904109954834,,265.451282051282,66.9841392500435
